method,retro_status,SMILES,JNK3,GSK3b,QED,SA,SA_norm,TPSA,TPSA_norm,LogP,LogP_norm,six_dim_mean,six_dim_min,six_dim_std,display_score,pass_6d_threshold,alert_count,alert_labels
GB-GA crossover,unsolved,Cc1cc(C)c(C=C2C(=O)NC3=C(c4ccnc(NC5CC5)n4)CC=C23)[nH]1,0.5199999809265137,0.6499999761581421,0.7320066094398499,3.2994303703308105,0.74450773662991,82.69999999999999,0.7510581334017099,3.250440000000001,0.9861588609255768,0.7306218829136171,0.5199999809265137,0.13950686919290217,0.8726711902722809,True,7,strained small ring; highly substituted amide
GB-GA crossover,unsolved,O=C(C=CCl)N1CCC(Nc2nccc(C3=CCC4C=CC=CN34)n2)CC1,0.6499999761581421,0.5400000214576721,0.8092153072357178,3.877929210662842,0.6802300877041287,61.36000000000001,0.9989729721988732,3.130700000000002,0.9962110872238369,0.7791049086630618,0.5400000214576721,0.17320467427137468,0.923784447673226,True,4,highly substituted amide
GB-GA crossover,unsolved,Cc1cc(C)c(C=C2C(=O)NC3=CC=C(c4ccnc(NC5CCCC5)n4)C32)[nH]1,0.5400000214576721,0.6200000047683716,0.6953549981117249,3.839306354522705,0.6845215161641439,82.69999999999999,0.7510581334017099,3.886540000000002,0.839745625026573,0.688446716488366,0.5400000214576721,0.0945128337106819,0.8409954395545994,True,4,highly substituted amide
GB-GA crossover,unsolved,O=C(C=CNc1ccc(F)cc1)N1CCC(Nc2nccc(C3=CCC4C=CC=CN34)n2)CC1,0.5299999713897705,0.5299999713897705,0.634134829044342,3.7060086727142334,0.6993323696984185,73.39000000000001,0.9051933404685789,4.143100000000003,0.7479846652486971,0.6744408578732629,0.5299999713897705,0.1307834740607228,0.8203625018841217,True,4,highly substituted amide
GB-GA crossover,unsolved,CS(=O)(=O)Nc1ccc(C2=C(F)C=CC2Nc2nccc(C3=CC=CC3)n2)cc1,0.5099999904632568,0.5,0.754077672958374,3.6503875255584717,0.7055124971601698,83.98,0.7265362584005024,3.922500000000002,0.8276933859508698,0.6706366341555287,0.5,0.12307945689993297,0.8083286884655354,True,4,sulfonamide / sulfone motif
GB-GA crossover,unsolved,O=C(C1CCCC1)N1CCC(Nc2nccc(C3=CCC4C=C(F)CN34)n2)CC1,0.6299999952316284,0.5199999809265137,0.8442944288253784,3.595658779144287,0.7115934689839681,61.36000000000001,0.9989729721988732,3.3519000000000023,0.9728566067097769,0.7796195754793565,0.5199999809265137,0.17514527464397298,0.9181050422929132,True,4,highly substituted amide
GB-GA crossover,unsolved,CC(=O)N1CCC(C)C(c2[nH]ncc2-c2ccnc(NC3CCCC3)n2)C1,0.7799999713897705,0.6399999856948853,0.8653508424758911,3.552825689315796,0.7163527011871338,86.8,0.670975790614647,3.193100000000002,0.991748099840697,0.777404565200504,0.6399999856948853,0.12084347126924724,0.9573202137820449,True,4,highly substituted amide
GB-GA crossover,unsolved,O=C(C1CCCC1)N1CCC(Nc2nccc(C3=CCC4C=CC=CN34)n2)CC1,0.6299999952316284,0.550000011920929,0.850230872631073,3.5415329933166504,0.7176074451870389,61.36000000000001,0.9989729721988732,3.5684000000000022,0.9307214549623279,0.7795887920219785,0.550000011920929,0.16067062960243494,0.9285217326380136,True,4,highly substituted amide
GB-GA crossover,unsolved,CCC(=O)N1CCC(NC2=CCC(Nc3nccc(-c4cnc5ccccn45)n3)CC2)CC1,0.8100000023841858,0.5199999809265137,0.6025224328041077,3.4962732791900635,0.7226363023122152,87.45,0.6579591050290597,3.630200000000003,0.9155264638059626,0.7047740478770074,0.5199999809265137,0.13076482065884845,0.8476975600890766,True,4,highly substituted amide
GB-GA crossover,unsolved,CCC(=O)N1CCC(c2ccc(Nc3nccc(C4=CCC5C=CC=CN45)n3)cc2)CC1,0.5,0.7400000095367432,0.7402138710021973,3.489854097366333,0.7233495447370741,61.36000000000001,0.9989729721988732,4.834900000000004,0.47322199389551317,0.6959597318950669,0.47322199389551317,0.1753460944263021,0.8203917206210907,True,4,highly substituted amide
GB-GA crossover,unsolved,COC1=CC=C(NC2CCN(C(=O)C3CCCC3)CC2)C1Nc1nccc(-c2ccccc2)n1,0.6100000143051147,0.5199999809265137,0.6484347581863403,3.3546266555786133,0.7383748160468208,79.38000000000001,0.8116727802714274,4.122700000000003,0.7557072784839599,0.6806982713700295,0.5199999809265137,0.0982940955521349,0.82686885609277,True,4,highly substituted amide
GB-GA crossover,unsolved,Cc1cc(C)c(C=C2C(=O)NC3=C(c4ccnc(NC5CCC(C)CC5)n4)CC=C23)[nH]1,0.5199999809265137,0.6600000262260437,0.6340847611427307,3.305349588394165,0.7438500457339816,82.69999999999999,0.7510581334017099,4.666740000000003,0.5393782062403129,0.6413951922785488,0.5199999809265137,0.08950493718364778,0.7884446928381381,True,4,highly substituted amide
GB-GA crossover,unsolved,NC(=O)c1ccc(Nc2nccc(C3=C(F)C(F)C=C3)n2)cc1,0.550000011920929,0.7400000095367432,0.9089753031730652,3.297485828399658,0.7447237968444824,80.9,0.7845286226805063,2.9076000000000013,0.9981045186979749,0.7877220438089502,0.550000011920929,0.14119215206437674,0.9386028321787911,True,4,highly substituted amide
GB-GA crossover,unsolved,CNc1nc(C)c(C2=C(c3ccnc(NC4CCN(C(=O)CN(C)C)CC4)n3)C=CC2)s1,0.5199999809265137,0.5600000023841858,0.6660961508750916,3.1996591091156006,0.7555934323204888,86.28,0.681343973340304,3.118420000000002,0.9968885624969217,0.6966536837239176,0.5199999809265137,0.15527598321378142,0.8371260796804935,True,4,highly substituted amide
GB-GA crossover,unsolved,O=C(C1CCCC1)N1C=C(Nc2nccc(-c3cnc4ccccn34)n2)CC1,0.5400000214576721,0.6299999952316284,0.7567846179008484,3.024733304977417,0.775029632780287,75.42,0.8762551178699075,3.467100000000002,0.9526716483265314,0.755123505594479,0.5400000214576721,0.13906302866904238,0.9032172091648765,True,4,highly substituted amide
GB-GA crossover,unsolved,NC(=O)C1=CC(Cl)=C(Nc2nccc(-c3ccc(Cl)cc3)n2)CC1,0.5099999904632568,0.6800000071525574,0.8664716482162476,2.8273861408233643,0.7969570954640707,80.9,0.7845286226805063,3.8648000000000016,0.8468807864556778,0.7474730250720527,0.5099999904632568,0.12166238543860804,0.888306783667169,True,4,highly substituted amide
GB-GA crossover,unsolved,CNC(=O)Cc1cc(-c2ccc(Nc3nccc(C4=CC=NC4)n3)cc2)ccc1OC,0.5199999809265137,0.7400000095367432,0.6172472834587097,2.73766827583313,0.8069257471296523,88.5,0.6368316143717432,3.6521000000000026,0.90983088667913,0.7051392536837486,0.5199999809265137,0.12919101458722984,0.8482201465029797,True,4,highly substituted amide
GB-GA crossover,unsolved,O=S(=O)(NC1=CC=C(Nc2nccc(-c3ccc(F)cc3)n2)C1)c1ccccc1,0.5,0.699999988079071,0.647393524646759,2.6871907711029053,0.8125343587663438,83.98,0.7265362584005024,3.8446000000000025,0.8534041583489971,0.7066447147069456,0.5,0.11503877502787607,0.845140837204158,True,4,sulfonamide / sulfone motif
GB-GA crossover,unsolved,c1cc(-c2c[nH]s2)nc(Nc2ccc(N3CCNCC3)cc2)n1,0.5799999833106995,0.8600000143051147,0.6876312494277954,2.6634786128997803,0.8151690430111356,68.87,0.9572320993395109,2.6864,0.9783826424120312,0.8130691719677144,0.5799999833106995,0.14164175800943304,0.972904991159981,True,4,strained small ring
GB-GA crossover,unsolved,O=C(C1CCCC1)N1C=C(Nc2nccc(-c3ccccc3)n2)CC1,0.5199999809265137,0.6700000166893005,0.9233031272888184,2.637826681137085,0.818019257651435,58.120000000000005,0.9980383709585089,3.8194000000000026,0.8613936866559156,0.7984590733617486,0.5199999809265137,0.16010543171668895,0.9384485244680337,True,4,highly substituted amide
GB-GA crossover,unsolved,CS(=O)(=O)Nc1ccc(C2=CC(Nc3nccc(-c4ccccc4)n3)=CC2)cc1,0.6200000047683716,0.6499999761581421,0.6399734020233154,2.6130974292755127,0.8207669523027208,83.98,0.7265362584005024,4.298200000000002,0.6876218178376757,0.6908164019151214,0.6200000047683716,0.06762545429942717,0.8700538579156901,True,4,sulfonamide / sulfone motif
GB-GA crossover,unsolved,CS(=O)(=O)Nc1ccc(Nc2nccc(C3=C(c4ccccc4)CC=C3)n2)cc1,0.6100000143051147,0.7200000286102295,0.6335580348968506,2.549464464187622,0.8278372817569308,83.98,0.7265362584005024,4.462400000000002,0.6217311575775212,0.6899437959245249,0.6100000143051147,0.07689855348104847,0.8652539448679545,True,4,sulfonamide / sulfone motif
GB-GA crossover,unsolved,c1ccc(-c2ccnc(Nc3ccc(-n4cco4)cc3)n2)cc1,0.7699999809265137,0.8299999833106995,0.6113602519035339,2.4452266693115234,0.8394192589653863,55.88,0.9906141028820715,4.270900000000003,0.6984229583459334,0.7899694227223564,0.6113602519035339,0.11901455751848343,0.9614760425415683,True,4,strained small ring
GB-GA crossover,unsolved,OC1CCC(Nc2nccc(C3=NC=CC(C4CC4)C3)n2)CC1,0.6200000047683716,0.6200000047683716,0.8965659141540527,3.5731868743896484,0.7140903472900391,70.4,0.9416808249017043,2.9247000000000014,0.9987407734918934,0.7985129782290721,0.6200000047683716,0.15333162565847633,0.9691798170937359,True,3,strained small ring
GB-GA crossover,unsolved,C1=C(NC2CC2)CCC(c2[nH]ncc2-c2ccnc(NC3CCCC3)n2)C1,0.7599999904632568,0.7200000286102295,0.7183589935302734,3.546205997467041,0.7170882225036621,78.52,0.8265042478067038,4.124600000000003,0.7549905581630935,0.7494903401795366,0.7170882225036621,0.03864492973532924,0.9607523139571023,True,3,strained small ring
GB-GA crossover,unsolved,CC1CCC(Nc2nccc(C3=NC=CC(C4CC4)C3)n2)CC1,0.550000011920929,0.6100000143051147,0.9064428806304932,3.5021002292633057,0.7219888634151883,50.17,0.9477327533469039,4.199900000000003,0.7261877644413467,0.7437253813433293,0.550000011920929,0.14392592375458566,0.8943327925441494,True,3,strained small ring
GB-GA crossover,unsolved,Cc1ccc(Nc2nccc(C3=CC=CC3c3ccnc(NC4CC4)n3)n2)cc1,0.6299999952316284,0.8500000238418579,0.6473293304443359,3.2636685371398926,0.748481273651123,75.62,0.8732382167988064,4.629920000000003,0.5541253977665991,0.7171957062890585,0.5541253977665991,0.11693400317708619,0.8717399253013296,True,3,strained small ring
GB-GA crossover,unsolved,c1ccc(NC2=Nn3ncc(-c4ccnc(NC5CC5)n4)c3C2)cc1,0.6399999856948853,0.8100000023841858,0.7682594060897827,2.994037628173828,0.7784402635362413,80.02,0.8003814208375257,2.744200000000001,0.985564398123693,0.7971075794443857,0.6399999856948853,0.10128868554476786,0.9789787065983745,True,3,strained small ring
GB-GA crossover,unsolved,C1=C(Nc2nccc(-c3ccccc3)n2)CC(c2ccnc(NC3CC3)n2)=C1,0.699999988079071,0.7599999904632568,0.6759045124053955,2.7989625930786133,0.8001152674357096,75.62,0.8732382167988064,4.291000000000002,0.6904763511785612,0.7499557210601334,0.6759045124053955,0.0699194696280581,0.9457351278189462,True,3,strained small ring
GB-GA crossover,unsolved,Cc1ncn(-c2ccc(Nc3nccc(-c4cc4=O)n3)cc2)n1,0.8399999737739563,0.8399999737739563,0.620514452457428,2.4805502891540527,0.8354944123162164,85.59,0.6950270592518059,2.0121199999999995,0.8050360670684014,0.7726786564402941,0.620514452457428,0.08489292890023412,0.9503436992874991,True,3,strained small ring
GB-GA crossover,unsolved,O=c1nc1-c1nc(-c2ccc(F)cc2)c(-c2ccncc2)[nH]1,0.5400000214576721,0.8999999761581421,0.6296903491020203,2.308866262435913,0.8545704152848985,71.53,0.9288053805938302,2.5755999999999997,0.9607648090969825,0.802305158615591,0.5400000214576721,0.1591579712442172,0.948389367928471,True,3,strained small ring
GB-GA crossover,unsolved,Cc1ccc(-c2ccnc(Nc3cc3=O)n2)cc1,0.5099999904632568,0.6499999761581421,0.7597254514694214,2.009011745452881,0.8878875838385688,54.88,0.9855419800738192,2.43142,0.9306791274576518,0.7873056849101433,0.5099999904632568,0.16657444093927684,0.9236482379551927,True,3,strained small ring
GB-GA crossover,unsolved,C1=CC2CC=C(c3ccnc(Nc4ccc(N5C=CN=CC5)cc4)n3)N2C=C1,0.6399999856948853,0.7799999713897705,0.881186842918396,3.9772374629974365,0.6691958374447293,56.650000000000006,0.9937846733288135,4.080900000000002,0.7713352461626343,0.7892504261565381,0.6399999856948853,0.12067993883941137,0.9691824279810626,True,0,Retro* unsolved; no predefined alert matched
GB-GA crossover,unsolved,COC1=C(S(C)=O)CCC1Nc1nccc(-c2cnc3ccccn23)n1,0.5799999833106995,0.5799999833106995,0.7444747090339661,3.953101396560669,0.6718776226043701,81.41,0.7751799713000829,2.602100000000001,0.9654285314028624,0.7194934668271133,0.5799999833106995,0.13253505054552298,0.8802399567657709,True,0,Retro* unsolved; no predefined alert matched
GB-GA crossover,unsolved,Fc1ncn(-c2ccc(Nc3nccc(C4=NC=CC4C4=CC=CC4)n3)cc2)n1,0.7699999809265137,0.8600000143051147,0.7232872247695923,3.945678234100342,0.6727024184332954,80.88000000000001,0.7848929028480565,3.7589000000000024,0.8798672203247803,0.7817916269345587,0.6727024184332954,0.07211940929912689,0.9763904115346346,True,0,Retro* unsolved; no predefined alert matched
GB-GA crossover,unsolved,NC1CCC(Nc2nccc(C3=NC=CC3C3=CCC=C3)n2)CC1,0.5699999928474426,0.6600000262260437,0.8936519026756287,3.942859649658203,0.6730155944824219,76.19,0.8644860974849361,2.9773000000000014,0.9998854976670037,0.776839851897246,0.5699999928474426,0.15181679104097617,0.9326581706473812,True,0,Retro* unsolved; no predefined alert matched
GB-GA crossover,unsolved,C1=C(NCC2CCCO2)CC(C2=CC=C(c3ccnc(NC4CCCC4)n3)CN2)=C1,0.5699999928474426,0.550000011920929,0.642795205116272,3.92498779296875,0.6750013563368056,71.1,0.9338401509437894,3.6842000000000024,0.9011993344957302,0.7121393419434948,0.550000011920929,0.15142408751807376,0.8619969367679661,True,0,Retro* unsolved; no predefined alert matched
GB-GA crossover,unsolved,Fc1ncn(-c2ccc(Nc3nccc(C4=NC=CC4C=CCl)n3)cc2)n1,0.75,0.8500000238418579,0.7295406460762024,3.9247677326202393,0.6750258074866401,80.88000000000001,0.7848929028480565,3.6251000000000024,0.9168298858440245,0.7843815443494635,0.6750258074866401,0.07957899786077467,0.9789313868093781,True,0,Retro* unsolved; no predefined alert matched
GB-GA crossover,unsolved,CS(=O)C1=CCC(Nc2nccc(-c3cnc4ccccn34)n2)CC1,0.7099999785423279,0.6000000238418579,0.7804864048957825,3.87662672996521,0.6803748077816434,72.18,0.9208869474905614,3.0181000000000013,0.9999272004277953,0.7819458938299947,0.6000000238418579,0.13869618859201072,0.948076282123351,True,0,Retro* unsolved; no predefined alert matched
GB-GA crossover,unsolved,CC1CC=C(c2ccnc(NC3CCCC3)n2)C1N(C)c1ncnc2[nH]ccc12,0.5400000214576721,0.7300000190734863,0.685488224029541,3.876016616821289,0.6804425981309679,82.62,0.7525724559632869,4.030600000000002,0.789756742185908,0.6963766768068105,0.5400000214576721,0.07940869280259771,0.8504358139638524,True,0,Retro* unsolved; no predefined alert matched
GB-GA crossover,unsolved,NC1CCC(Nc2nccc(C3=CNc4ncccc4C3C3=CCC=C3)n2)CC1,0.550000011920929,0.6499999761581421,0.7362503409385681,3.853684902191162,0.6829238997565376,88.75,0.6317879970040398,3.9899000000000022,0.8043216704260971,0.6758806493673856,0.550000011920929,0.08026114569451104,0.8328545383742131,True,0,Retro* unsolved; no predefined alert matched
GB-GA crossover,unsolved,C1=CC(Nc2nccc(-c3ccccc3)n2)C(Nc2nccc(C3=CC=NC3)n2)=C1,0.5400000214576721,0.7099999785423279,0.6631885766983032,3.8039140701293945,0.6884539922078451,87.98,0.6473076756480716,3.747700000000002,0.88317270474638,0.6886871582167666,0.5400000214576721,0.10226535936821757,0.8404606287172465,True,0,Retro* unsolved; no predefined alert matched
GB-GA crossover,unsolved,FC1=CC(N2CCOCC2)N(c2ccc(Nc3nccc(C4=CC=CC4)n3)cc2)N=C1,0.5899999737739563,0.7900000214576721,0.7950518131256104,3.802375316619873,0.6886249648200141,65.88,0.98097529815886,3.881000000000003,0.8415749331291887,0.7810378340775502,0.5899999737739563,0.12175935610185824,0.9458618905995513,True,0,Retro* unsolved; no predefined alert matched
GB-GA crossover,unsolved,C1=CCC(C2=CCC(Nc3nccc(-c4cnn5ncccc45)n3)C2)=C1,0.5199999809265137,0.8899999856948853,0.7848618626594543,3.8022987842559814,0.688633468416002,68.0,0.9650691177896804,3.5733000000000015,0.9295651154479841,0.7963549218224201,0.5199999809265137,0.15442737715228902,0.9369121783851453,True,0,Retro* unsolved; no predefined alert matched
GB-GA crossover,unsolved,Cc1ncn(-c2ccc(Nc3nccc(C4=NC=CC4C4=CC=CC4)n3)cc2)n1,0.8399999737739563,0.8500000238418579,0.7242238521575928,3.799253463745117,0.6889718373616537,80.88000000000001,0.7848929028480565,3.9282200000000023,0.8257485499476772,0.7856395233217991,0.6889718373616537,0.06030913451128329,0.9863001610791668,True,0,Retro* unsolved; no predefined alert matched
GB-GA crossover,unsolved,CC=CC1=CNC(Nc2nccc(-c3cc(F)cc(N4CCOCC4)c3)n2)C=C1,0.5099999904632568,0.5899999737739563,0.8111221790313721,3.7773380279541016,0.6914068857828776,62.31,0.9970398897912083,3.476700000000002,0.9507554308647206,0.7583873916178986,0.5099999904632568,0.17854898810223638,0.893532489946652,True,0,Retro* unsolved; no predefined alert matched
GB-GA crossover,unsolved,C1=CCC(C2=CC=CC2Nc2nccc(-c3cnc4ccccn34)n2)=C1,0.5699999928474426,0.5600000023841858,0.781740128993988,3.7771804332733154,0.6914243963029649,55.11,0.9868033495275046,3.9543000000000026,0.816788395095597,0.7344593775252806,0.5600000023841858,0.14833857061434255,0.8876255211791021,True,0,Retro* unsolved; no predefined alert matched
GB-GA crossover,unsolved,CC1=C(c2ccnc(Nc3ccc(N4CC=C(Cl)C4)cc3)n2)[SH]=CC=N1,0.5799999833106995,0.800000011920929,0.6132254004478455,3.765064239501953,0.6927706400553385,53.410000000000004,0.9761620005017665,4.203500000000004,0.7247928501474381,0.7311584810640029,0.5799999833106995,0.13104524120098157,0.8920539519371147,True,0,Retro* unsolved; no predefined alert matched
GB-GA crossover,unsolved,CC=Cc1ccc(Nc2nccc(C3=NC=CC3C3=CCOCC3)n2)cc1,0.5600000023841858,0.7699999809265137,0.7977738380432129,3.7637271881103516,0.6929192013210721,59.400000000000006,0.9998000199986667,4.532600000000003,0.5933507907276714,0.7356406389002205,0.5600000023841858,0.14591232113846694,0.8890494075016294,True,0,Retro* unsolved; no predefined alert matched
GB-GA crossover,unsolved,Fc1ncn(-c2ccc(NC3=CC=C(Nc4nccc(C5=COCCS5)n4)C3)cc2)n1,0.7300000190734863,0.7300000190734863,0.6015986800193787,3.7617857456207275,0.6931349171532525,89.78,0.610978471339088,3.953700000000002,0.8169962124965621,0.6971180531925424,0.6015986800193787,0.07426648416850028,0.8701710087815059,True,0,Retro* unsolved; no predefined alert matched
GB-GA crossover,unsolved,C1=CC2CC=C(c3ccnc(Nc4ccc(NCC5CCCO5)cc4)n3)N2C=C1,0.5699999928474426,0.75,0.7701711654663086,3.7471840381622314,0.6947573290930854,62.31000000000001,0.9970398897912082,4.309800000000003,0.6830145476528765,0.7441638208084869,0.5699999928474426,0.1298524953097346,0.9021785691317462,True,0,Retro* unsolved; no predefined alert matched
GB-GA crossover,unsolved,C1=NC(Nc2ccccc2)C(C2=CC=C(c3ccnc(NC4CCCC4)n3)CN2)=C1,0.5699999928474426,0.550000011920929,0.6816285848617554,3.737332582473755,0.6958519352806939,74.23,0.8936008718605586,4.1506000000000025,0.7451307031239961,0.689368683315896,0.550000011920929,0.11445133041420717,0.8429235538507539,True,0,Retro* unsolved; no predefined alert matched
GB-GA crossover,unsolved,C1=CN(C2=C(c3ccnc(Nc4ccc(N5C=CN=CC5)cc4)n3)CCO2)CC=N1,0.6299999952316284,0.7900000214576721,0.8287871479988098,3.7237908840179443,0.6973565684424506,78.24000000000001,0.8312439211010131,3.5287000000000015,0.939773513762278,0.7861935279989752,0.6299999952316284,0.09977765353060246,0.9652157612154034,True,0,Retro* unsolved; no predefined alert matched
GB-GA crossover,unsolved,C1=CCCC(NC2N=CC=C2Nc2nccc(-c3ccccc3)n2)=C1,0.5299999713897705,0.699999988079071,0.878369152545929,3.721430540084839,0.6976188288794624,62.2,0.99731472293485,3.6734000000000018,0.9041404470386886,0.7845738518112952,0.5299999713897705,0.1569894807585983,0.9278748951523665,True,0,Retro* unsolved; no predefined alert matched
GB-GA crossover,unsolved,C1=CCC(c2ccnc(NC3=CC=NC3Nc3nccc(-c4ccccc4)n3)n2)=C1,0.5299999713897705,0.6899999976158142,0.6556638479232788,3.719430923461914,0.6978410085042318,87.98,0.6473076756480716,4.095300000000002,0.7659824505600596,0.6644658252735378,0.5299999713897705,0.0713260877788141,0.8163332079125876,True,0,Retro* unsolved; no predefined alert matched
GB-GA crossover,unsolved,Cc1ncn(C2=CC=CC(Nc3nccc(-c4cc(F)cc(N5CCOCC5)c4)n3)C2)n1,0.550000011920929,0.5400000214576721,0.6612151861190796,3.6988425254821777,0.700128608279758,80.99000000000001,0.7828871471156736,3.300720000000002,0.9801044658426876,0.7023892401226334,0.5400000214576721,0.14994377169289447,0.8493948693906456,True,0,Retro* unsolved; no predefined alert matched
GB-GA crossover,unsolved,NC(=O)N1CCC(Nc2nccc(C3=CCC4C=CC=CN34)n2)CC1,0.5699999928474426,0.5099999904632568,0.8791993260383606,3.683570384979248,0.7018255127800835,87.38,0.6593635534123157,1.9303,0.7754749678921559,0.6826438905722693,0.5099999904632568,0.1229201100959019,0.8233518767016561,True,0,Retro* unsolved; no predefined alert matched
GB-GA crossover,unsolved,C1=CC(C2=CCOCC2)C(c2ccnc(-c3ccnc(Nc4ccccc4)n3)n2)=N1,0.5600000023841858,0.8399999737739563,0.6573575735092163,3.6809756755828857,0.7021138138241239,85.18,0.7031111987529632,3.956500000000002,0.8160257330711242,0.7131013825525949,0.5600000023841858,0.09439686583663408,0.8716616966841872,True,0,Retro* unsolved; no predefined alert matched
GB-GA crossover,unsolved,C1=CC(Nc2nccc(-c3ccccc3)n2)C(Nc2nccc(C3=CCOCC3)n2)=C1,0.5400000214576721,0.699999988079071,0.6332038640975952,3.679562568664551,0.7022708257039388,84.85000000000001,0.7095899183808055,4.083600000000002,0.7703341632723216,0.6758997968319007,0.5400000214576721,0.0725957021865182,0.8306402330505505,True,0,Retro* unsolved; no predefined alert matched
GB-GA crossover,unsolved,C1=CC(C2C=CN=C2c2ccnc(Nc3ccnc(Nc4ccccc4)n3)n2)=CC1,0.550000011920929,0.8299999833106995,0.6376498341560364,3.6738741397857666,0.7029028733571371,87.98,0.6473076756480716,4.572700000000003,0.5771568712226918,0.6575028749359276,0.550000011920929,0.09158497278496767,0.8133443812337096,True,0,Retro* unsolved; no predefined alert matched
GB-GA crossover,unsolved,C1=CC2CC=C(c3ccnc(Nc4ccnc(NC5CCCC5)n4)n3)N2C=C1,0.6200000047683716,0.7400000095367432,0.8236219882965088,3.6718623638153076,0.7031264040205214,78.86,0.8206891302760202,3.863400000000002,0.8473362446916523,0.7591289635983028,0.6200000047683716,0.08019621722359668,0.9371093433064546,True,0,Retro* unsolved; no predefined alert matched
GB-GA crossover,unsolved,Fc1cc(-c2ccnc(NC3C=CCN=N3)n2)cc(N2CCOCC2)c1,0.5400000214576721,0.5799999833106995,0.8547571897506714,3.670523166656494,0.703275203704834,75.0,0.8824969025845955,2.8793000000000006,0.9967677926431338,0.7595495155752676,0.5400000214576721,0.165358139225927,0.9050137080899765,True,0,Retro* unsolved; no predefined alert matched
GB-GA crossover,unsolved,Cc1ncn(C2=CCC(Nc3nccc(-c4cc(F)cc(N5CCOCC5)c4)n3)C=C2)n1,0.5400000214576721,0.550000011920929,0.6612151861190796,3.6481611728668213,0.7057598696814643,80.99000000000001,0.7828871471156736,3.300720000000002,0.9801044658426876,0.7033277836895843,0.5400000214576721,0.14994430828370725,0.8503333592985152,True,0,Retro* unsolved; no predefined alert matched
GB-GA crossover,unsolved,Cc1ncn(-c2ccc(Nc3nccc(C4=CCC5C=CC=CN45)n3)cc2)n1,0.8299999833106995,0.8199999928474426,0.7574779391288757,3.643629550933838,0.7062633832295736,71.76,0.9260454161687905,3.6080200000000016,0.9211310516325084,0.8268196277196486,0.7062633832295736,0.07972776776576569,1.0307258659119443,True,0,Retro* unsolved; no predefined alert matched
GB-GA crossover,unsolved,Nc1ccc(Nc2nccc(C3=NC=CC3C=CCl)n2)cc1,0.550000011920929,0.7699999809265137,0.8474348783493042,3.6389472484588623,0.7067836390601264,76.19,0.8644860974849361,3.4875000000000016,0.9485578504064227,0.781210409691372,0.550000011920929,0.12809433520993327,0.9334009797466574,True,0,Retro* unsolved; no predefined alert matched
GB-GA crossover,unsolved,Cc1ccc(C2C=CN=C2Nc2nccc(-c3cc(F)cc(N4CCOCC4)c3)n2)s1,0.5199999809265137,0.7300000190734863,0.6484467387199402,3.6302952766418457,0.7077449692620171,62.64,0.996135486526273,4.610720000000004,0.5618403537958985,0.6940279247173549,0.5199999809265137,0.15415795548108557,0.8346121234472004,True,0,Retro* unsolved; no predefined alert matched
GB-GA crossover,unsolved,C1=CN=CC(Nc2nccc(-c3cnc4ccccn34)n2)C1,0.5400000214576721,0.5600000023841858,0.8046832084655762,3.6263349056243896,0.7081850104861789,67.47,0.9694750883383606,2.5600000000000005,0.9578901033837711,0.7567055724192908,0.5400000214576721,0.171297284467259,0.9015758504098665,True,0,Retro* unsolved; no predefined alert matched
GB-GA crossover,unsolved,C1=CC(N2CCC(Nc3nccc(-c4cnc5ccccn45)n3)CC2)C(N2CCNCC2)=C1,0.7400000095367432,0.6200000047683716,0.6285810470581055,3.6256392002105713,0.7082623110877143,73.61999999999999,0.9020746516344029,2.3951000000000002,0.9219060098445411,0.7534706723216464,0.6200000047683716,0.11978501427623323,0.9274921723245345,True,0,Retro* unsolved; no predefined alert matched
GB-GA crossover,unsolved,Fc1ccc(Nc2nccc(C3=NC=CC3C3=CCOCC3)n2)cc1,0.6200000047683716,0.8100000023841858,0.8661948442459106,3.6223747730255127,0.7086250252193875,59.400000000000006,0.9998000199986667,3.638600000000002,0.9133606722866474,0.8196634281505283,0.6200000047683716,0.1262813850922681,0.993035291071813,True,0,Retro* unsolved; no predefined alert matched
GB-GA crossover,unsolved,C1=CC(Nc2nccc(-c3cnc4ccccn34)n2)CC=N1,0.5600000023841858,0.5299999713897705,0.8046832084655762,3.6217026710510254,0.7086997032165527,67.47,0.9694750883383606,2.5600000000000005,0.9578901033837711,0.7551246795297027,0.5299999713897705,0.1734099261525298,0.8967836783313808,True,0,Retro* unsolved; no predefined alert matched
GB-GA crossover,unsolved,Fc1ncn(-c2ccc(Nc3nccc(C4=CC(N5CCOCC5)CC=C4)n3)cc2)n1,0.7400000095367432,0.8199999928474426,0.6809155344963074,3.6197218894958496,0.7089197900560167,80.99000000000001,0.7828871471156736,2.9841000000000015,0.9999438215780666,0.788777715938375,0.6809155344963074,0.10487409650063931,0.9825649666372033,True,0,Retro* unsolved; no predefined alert matched
GB-GA crossover,unsolved,C1=CC2CC(n3cncn3)=C(c3ccnc(Nc4ccccc4)n3)N2C=C1,0.6100000143051147,0.7400000095367432,0.7742125391960144,3.6114633083343506,0.7098374101850722,71.76,0.9260454161687905,3.295300000000001,0.9808083089588657,0.7901506163917666,0.6100000143051147,0.12681437125279807,0.9604691835580212,True,0,Retro* unsolved; no predefined alert matched
GB-GA crossover,unsolved,CCC1=NC=CN(c2ccc(Nc3nccc(C4=NNCC=C4)n3)cc2)N1,0.5199999809265137,0.75,0.7595670819282532,3.6113123893737793,0.7098541789584689,89.83,0.6099676299436934,2.6880000000000006,0.9786002937044378,0.7213315275768944,0.5199999809265137,0.14232538767229835,0.8630989830876187,True,0,Retro* unsolved; no predefined alert matched
GB-GA crossover,unsolved,Fc1cc(-c2ccnc(NC3C=C4CCCNC4=CC3)n2)cc(N2CCOCC2)c1,0.5099999904632568,0.6000000238418579,0.8090593814849854,3.59194278717041,0.7120063569810655,62.31,0.9970398897912083,3.497200000000002,0.9465465999707366,0.7624420404221851,0.5099999904632568,0.17500570074773023,0.8979414674863891,True,0,Retro* unsolved; no predefined alert matched
GB-GA crossover,unsolved,COC(C)c1onc(C2=CC=CC2)c1-c1ccnc(NC2CCCCC2)n1,0.6100000143051147,0.6000000238418579,0.781541109085083,3.5887231826782227,0.7123640908135308,73.07000000000001,0.9094614005492898,4.926900000000004,0.4381917933887079,0.6752597386639309,0.4381917933887079,0.14924641148807574,0.7917926355317357,True,0,Retro* unsolved; no predefined alert matched
GB-GA crossover,unsolved,ClC=CC1C=CN=C1c1ccnc(-c2ccnc(Nc3ccccc3)n2)n1,0.5799999833106995,0.8600000143051147,0.7175005674362183,3.5845234394073486,0.7128307289547391,75.95,0.8681986576721745,4.362300000000003,0.6620503821329666,0.7334300556353188,0.5799999833106995,0.10287245846958674,0.8971428047815699,True,0,Retro* unsolved; no predefined alert matched
GB-GA crossover,unsolved,NC1C=CC=C1Nc1nccc(-c2cnc3ccccn23)n1,0.5400000214576721,0.6700000166893005,0.7706348896026611,3.5829150676727295,0.7130094369252523,81.13,0.7803266052792661,1.9841999999999997,0.7950900343384478,0.7115101673820999,0.5400000214576721,0.08789965835890597,0.8647202079835109,True,0,Retro* unsolved; no predefined alert matched
GB-GA crossover,unsolved,C1=CC(C2C=CN=C2c2ccnc(Nc3ccccc3)n2)=CC1,0.5,0.8299999833106995,0.9267825484275818,3.5772387981414795,0.7136401335398356,50.17,0.9477327533469039,4.039100000000002,0.7866752681860518,0.7841384478018454,0.5,0.14995822861717964,0.9191426249401274,True,0,Retro* unsolved; no predefined alert matched
GB-GA crossover,unsolved,C1=CC(c2ccnc(-c3ccnc(NC4CCCC4)n3)n2)=C2CCCCC2N1,0.5899999737739563,0.5699999928474426,0.8390533328056335,3.55812931060791,0.7157634099324545,75.62,0.8732382167988064,4.101200000000001,0.7637797050611723,0.7253057718699111,0.5699999928474426,0.11461628744363857,0.88484414097978,True,0,Retro* unsolved; no predefined alert matched
GB-GA crossover,unsolved,OC1CCC(Nc2nccc(C3=CC=NC3NC3CCCC3)n2)CC1,0.6100000143051147,0.6299999952316284,0.7664819955825806,3.556412696838379,0.7159541447957357,82.42999999999999,0.7561596693777114,2.5181000000000004,0.9497028473736062,0.7380497777777295,0.6100000143051147,0.11142493398618185,0.9099072886706457,True,0,Retro* unsolved; no predefined alert matched
GB-GA crossover,unsolved,NC1C=C(F)C=C(C2=C(Nc3nccc(-c4ccccc4)n3)CCC2)C1,0.5,0.6800000071525574,0.8535110950469971,3.5558011531829834,0.7160220940907797,63.83,0.9918837273606176,4.504300000000003,0.6047919432475116,0.7243681444830772,0.5,0.16068613769846657,0.8582995307132305,True,0,Retro* unsolved; no predefined alert matched
GB-GA crossover,unsolved,CC1C=CN=C(c2ccnc(NC3CCC(O)CC3)n2)C1,0.6000000238418579,0.6200000047683716,0.8955016732215881,3.5536398887634277,0.7162622345818414,70.4,0.9416808249017043,2.5346,0.953007312497799,0.7877420123021937,0.6000000238418579,0.147826314718897,0.9529593879828613,True,0,Retro* unsolved; no predefined alert matched
GB-GA crossover,unsolved,N#Cc1cc(-c2ccnc(NC3=CC=CC3Cl)n2)cc(N2CCOCC2)c1,0.5199999809265137,0.6899999976158142,0.8212302327156067,3.5505850315093994,0.7166016631656222,74.07000000000001,0.895851604232488,3.324880000000001,0.9768180358962162,0.7700835857587102,0.5199999809265137,0.14887814557514878,0.9111957654791494,True,0,Retro* unsolved; no predefined alert matched
GB-GA crossover,unsolved,N#CCc1ccc(Nc2nccc(C3=CCC4C=CC=CN34)n2)cc1,0.5400000214576721,0.7699999809265137,0.9254475831985474,3.5453901290893555,0.7171788745456271,64.84,0.9870700965901964,3.784980000000002,0.8720295995597517,0.8019543593797182,0.5400000214576721,0.14790593410779646,0.9491637724062402,True,0,Retro* unsolved; no predefined alert matched
GB-GA crossover,unsolved,COC1=CC(c2[nH]ncc2-c2ccnc(NC3CCCC3)n2)CC1,0.7300000190734863,0.7200000286102295,0.8777268528938293,3.5332534313201904,0.7185273965199789,75.72,0.8717191348658613,3.6289000000000025,0.9158595379744342,0.80563882832297,0.7185273965199789,0.08401937283258894,1.0127951099957047,True,0,Retro* unsolved; no predefined alert matched
GB-GA crossover,unsolved,Clc1cnc(NC2=CC=NCC2)nc1Nc1nccc(C2=CC=CC2)n1,0.5299999713897705,0.7599999904632568,0.8379136323928833,3.530207395553589,0.7188658449384902,87.98,0.6473076756480716,3.7772000000000023,0.8743879915662406,0.7280791843997854,0.5299999713897705,0.1157102039269408,0.8755081554240224,True,0,Retro* unsolved; no predefined alert matched
GB-GA crossover,unsolved,OC1CCC(Nc2nccc(C3=NC=CC(C4CCCC4)C3)n2)CC1,0.6100000143051147,0.6200000047683716,0.8765071630477905,3.528465986251831,0.7190593348609077,70.4,0.9416808249017043,3.704900000000003,0.8954591559160516,0.7771177496333234,0.6100000143051147,0.13350970777450077,0.9467667831474077,True,0,Retro* unsolved; no predefined alert matched
GB-GA crossover,unsolved,CSC1=CCC(Nc2nccc(-c3cnc4ccccn34)n2)CC1,0.6899999976158142,0.5600000023841858,0.7795995473861694,3.526275634765625,0.7193027072482638,55.11,0.9868033495275046,4.002600000000002,0.799811439276826,0.7559195072397938,0.5600000023841858,0.12901241464962857,0.9110182664900867,True,0,Retro* unsolved; no predefined alert matched
GB-GA crossover,unsolved,COC1=CC(C)=CC1c1ccnc(Nc2ccc(-n3cnc(C)n3)cc2)n1,0.6499999761581421,0.6600000262260437,0.7477149963378906,3.5168893337249756,0.7203456295861138,77.75,0.8394278734620187,3.6831200000000015,0.9014951177144837,0.7531639365807822,0.6499999761581421,0.09117076948343113,0.9390468524798817,True,0,Retro* unsolved; no predefined alert matched
GB-GA crossover,unsolved,CC1=C(Cl)C(c2[nH]ncc2-c2ccnc(NC3CCCC3)n2)CC1,0.6499999761581421,0.6899999976158142,0.8501600623130798,3.500032663345337,0.7222185929616293,66.49000000000001,0.9768716026796972,4.611400000000002,0.5615668613632852,0.741802848848608,0.5615668613632852,0.13600150846651868,0.8966727564109417,True,0,Retro* unsolved; no predefined alert matched
GB-GA crossover,unsolved,N#Cc1ccc(Nc2nccc(C3=CCC4C=CC=CN34)n2)cc1,0.5899999737739563,0.8199999928474426,0.9377978444099426,3.4936318397521973,0.7229297955830892,64.84,0.9870700965901964,3.590580000000002,0.9254198808679209,0.8305362640120914,0.5899999737739563,0.13817782027639844,0.9937184741166384,True,0,Retro* unsolved; no predefined alert matched
GB-GA crossover,unsolved,O=C1c2ccccc2-c2n[nH]c3c2C1C(c1ccnc(NC2CCCC2)n1)=C3,0.550000011920929,0.5799999833106995,0.727453887462616,3.481891632080078,0.7242342631022135,83.56,0.7346403478188049,4.055300000000002,0.7807661673632843,0.6828491101630911,0.550000011920929,0.08582853568641599,0.8392662601707281,True,0,Retro* unsolved; no predefined alert matched
GB-GA crossover,unsolved,OC1=CCC(c2[nH]ncc2-c2ccnc(NC3CCCC3)n2)CC1,0.7400000095367432,0.7200000286102295,0.792599618434906,3.481125593185425,0.7243193785349528,86.72,0.6725737180768873,3.9306000000000028,0.824937147828451,0.7457383168370283,0.6725737180768873,0.04995940601977772,0.9425144916581167,True,0,Retro* unsolved; no predefined alert matched
GB-GA crossover,unsolved,Nc1ccc(Nc2nccc(C3=CCC4C=CC=CN34)n2)cc1,0.5899999737739563,0.7699999809265137,0.8516121506690979,3.4810845851898193,0.724323934978909,67.07,0.9726126362214627,3.3011000000000017,0.9800546578508925,0.814767222403472,0.5899999737739563,0.1380199683168816,0.9779652177039707,True,0,Retro* unsolved; no predefined alert matched
GB-GA crossover,unsolved,ClC1C=NC=C1c1ccnc(NC2CCCCC2)n1,0.550000011920929,0.5699999928474426,0.8623693585395813,3.480971574783325,0.7243364916907417,50.17,0.9477327533469039,3.2539000000000016,0.9857765209769057,0.7733691882204173,0.550000011920929,0.17180297923567306,0.9211888938731286,True,0,Retro* unsolved; no predefined alert matched
GB-GA crossover,unsolved,CC1C=CC=C1Nc1nccc(-c2cc(C#N)cc(N3CCOCC3)c2)n1,0.5400000214576721,0.6700000166893005,0.9023070931434631,3.4786131381988525,0.7245985402001275,74.07000000000001,0.895851604232488,3.353580000000002,0.9726004102548768,0.7842262809963213,0.5400000214576721,0.15173314092899048,0.9310529733407239,True,0,Retro* unsolved; no predefined alert matched
GB-GA crossover,unsolved,C1=NN=C(c2c[nH]c3ccccc23)C1c1ccnc(NC2CCCC2)n1,0.5199999809265137,0.5699999928474426,0.7536114454269409,3.475018262863159,0.7249979707929823,78.32,0.8298943388472021,3.8847000000000023,0.8403540229832013,0.7064762919707138,0.5199999809265137,0.12187372647993375,0.8502889136006745,True,0,Retro* unsolved; no predefined alert matched
GB-GA crossover,unsolved,N#Cc1ccc(-c2ccnc(NC3=CC(F)=CC3N3CCOCC3)n2)cc1,0.5400000214576721,0.6700000166893005,0.9004042744636536,3.465106964111328,0.7260992262098525,74.07000000000001,0.895851604232488,2.8788800000000005,0.9967452959808305,0.7881834065056328,0.5400000214576721,0.156578402849716,0.9345255726579628,True,0,Retro* unsolved; no predefined alert matched
GB-GA crossover,unsolved,CC1=C(c2ccnc(Nc3ccc(N4CC=C(Cl)C4)cc3)n2)SNC=N1,0.5600000023841858,0.8399999737739563,0.7724481225013733,3.4614837169647217,0.726501809226142,65.44,0.983693524889382,4.131100000000003,0.7525346259329612,0.7725296764513333,0.5600000023841858,0.1270365088761476,0.9278260262789743,True,0,Retro* unsolved; no predefined alert matched
GB-GA crossover,unsolved,CNC1=CC(c2ccnc(Nc3ccc(O)cc3)n2)=CC1N1CCOCC1,0.5699999928474426,0.7200000286102295,0.700311005115509,3.455458402633667,0.7271712885962592,82.54,0.75408446938344,2.1269,0.8441704901637869,0.7192895457861112,0.5699999928474426,0.08115429671823296,0.8821741139685206,True,0,Retro* unsolved; no predefined alert matched
GB-GA crossover,unsolved,C1=CC2CC=C(c3ccnc(Nc4ccnc(Nc5ccccc5)c4)n3)N2C=C1,0.6700000166893005,0.8799999952316284,0.6590939164161682,3.4489259719848633,0.7278971142239041,65.97,0.9803942424494534,4.8575000000000035,0.46452740561448286,0.7303187817708229,0.46452740561448286,0.16548134672084439,0.8531288687830832,True,0,Retro* unsolved; no predefined alert matched
GB-GA crossover,unsolved,O=C1C=CCC(Nc2nccc(-c3ccc(-n4cnc(F)n4)cc3)n2)C1,0.5799999833106995,0.5799999833106995,0.7782747149467468,3.4419913291931152,0.7286676300896539,85.59,0.6950270592518059,2.5630000000000006,0.9584503135496963,0.7200699474098836,0.5799999833106995,0.12919832945593437,0.8811501094575,True,0,Retro* unsolved; no predefined alert matched
GB-GA crossover,unsolved,COC1=NC(C)=C(c2ccnc(Nc3ccccc3)n2)SC1Cl,0.5099999904632568,0.8299999833106995,0.8410578370094299,3.4182679653167725,0.7313035594092475,59.400000000000006,0.9998000199986667,4.2653000000000025,0.7006307752290781,0.7687986942367298,0.5099999904632568,0.15019882012115818,0.906778809363591,True,0,Retro* unsolved; no predefined alert matched
GB-GA crossover,unsolved,Cc1ncn(-c2ccc(Nc3nccc(C4=CCC(C)S4)n3)cc2)n1,0.8399999737739563,0.7799999713897705,0.767581045627594,3.4101011753082275,0.7322109805213081,68.52000000000001,0.9604743518934165,3.975620000000003,0.8093541038303254,0.8149367378393951,0.7322109805213081,0.07319747133746432,1.027280284862041,True,0,Retro* unsolved; no predefined alert matched
GB-GA crossover,unsolved,CC1=C(c2ccnc(Nc3ccc(N4CC=C(F)C4)cc3)n2)SCC=N1,0.5199999809265137,0.7900000214576721,0.8679928183555603,3.405616283416748,0.7327093018425835,53.410000000000004,0.9761620005017665,4.399700000000003,0.6470259294278129,0.7556483420853182,0.5199999809265137,0.1473560150270808,0.8969127348605642,True,0,Retro* unsolved; no predefined alert matched
GB-GA crossover,unsolved,CC1=CC(c2[nH]ncc2-c2ccnc(NC3CCCC3)n2)CC1,0.7300000190734863,0.699999988079071,0.8363306522369385,3.4013288021087646,0.7331856886545817,66.49000000000001,0.9768716026796972,4.044900000000003,0.7845650587792197,0.7934921682504991,0.699999988079071,0.0930517402729227,0.9941869906469281,True,0,Retro* unsolved; no predefined alert matched
GB-GA crossover,unsolved,O=C1C=CCC(NC2=C(c3ccnc(Nc4ccccc4)n3)CC(c3ccccc3)=N2)C1,0.5699999928474426,0.7400000095367432,0.6052241325378418,3.4004642963409424,0.7332817448510064,79.27,0.8135921721416567,4.659100000000003,0.5424324401785954,0.6674217486822144,0.5424324401785954,0.0999606630484541,0.8201554144309476,True,0,Retro* unsolved; no predefined alert matched
GB-GA crossover,unsolved,C1=CCC(C2=CC=C(c3ccnc(NC4CCN(NC5CCCC5)CC4)n3)C2)=C1,0.5299999713897705,0.6100000143051147,0.7552213668823242,3.3917078971862793,0.7342546780904134,53.080000000000005,0.9737472016818017,4.399900000000003,0.6469454271565857,0.7083614432510017,0.5299999713897705,0.14056767362659903,0.8533046673052729,True,0,Retro* unsolved; no predefined alert matched
GB-GA crossover,unsolved,NC1CCC(Nc2nccc(C3=NC=CC3Oc3ccccc3)n2)CC1,0.5600000023841858,0.6700000166893005,0.8667569160461426,3.3905718326568604,0.7343809074825711,85.42,0.6983835078753172,2.9224000000000014,0.9986627260598567,0.7546973460895624,0.5600000023841858,0.14185741265349372,0.9085116055394687,True,0,Retro* unsolved; no predefined alert matched
GB-GA crossover,unsolved,CCc1ccc(Nc2nccc(C3=CCC4C=CC=CN34)n2)cc1,0.5,0.7599999904632568,0.9137645363807678,3.3753507137298584,0.7360721429189047,41.050000000000004,0.819139083118963,4.2813000000000025,0.6943154936321362,0.7372152077523381,0.5,0.12682867707739495,0.8745323400445986,True,0,Retro* unsolved; no predefined alert matched
GB-GA crossover,unsolved,Cc1cc(Nc2nccc(-c3ccccc3)n2)cc(N2CC=NC(C#N)C2)c1,0.550000011920929,0.7900000214576721,0.7536484599113464,3.3615212440490723,0.7376087506612142,77.2,0.8484403005816143,3.978600000000002,0.808307373542113,0.7480008196791482,0.550000011920929,0.09559734438814174,0.9034410888166127,True,0,Retro* unsolved; no predefined alert matched
GB-GA crossover,unsolved,C1=CC2CC=C(c3ccnc(Nc4ccccc4)n3)N2C=C1,0.5299999713897705,0.8500000238418579,0.9342708587646484,3.3541908264160156,0.7384232415093316,41.050000000000004,0.819139083118963,3.7189000000000023,0.8915014021434343,0.7938890967946676,0.5299999713897705,0.13274984670566464,0.9396141035410323,True,0,Retro* unsolved; no predefined alert matched
GB-GA crossover,unsolved,OC1CCC(Nc2nccc(C3=CNN=C(Cl)C3)n2)CC1,0.5799999833106995,0.6600000262260437,0.79618901014328,3.352872371673584,0.7385697364807129,82.42999999999999,0.7561596693777114,2.0785,0.8280326258089774,0.7264918418912375,0.5799999833106995,0.08374097739189458,0.8921177391452578,True,0,Retro* unsolved; no predefined alert matched
GB-GA crossover,unsolved,Cc1ncn(C2=CC=C(Nc3nccc(-c4cnc5ccccn45)n3)C2)n1,0.5400000214576721,0.6299999952316284,0.6050086617469788,3.342290163040161,0.7397455374399821,85.82000000000001,0.690476351178562,2.93182,0.9989675306081197,0.7006996829438239,0.5400000214576721,0.1475197177770202,0.8479477176034235,True,0,Retro* unsolved; no predefined alert matched
GB-GA crossover,unsolved,C1=CC(c2ccnc(-c3ccnc(Nc4ccccc4)n3)n2)=CC(N2CCOCC2)C1,0.5600000023841858,0.8199999928474426,0.6843530535697937,3.331632614135742,0.7409297095404731,76.06,0.8665019764346735,3.721300000000002,0.8908168968932825,0.7604336052783086,0.5600000023841858,0.11412035904145183,0.9170215700894191,True,0,Retro* unsolved; no predefined alert matched
GB-GA crossover,unsolved,C1=C(C2=CC=C(c3ccnc(NC4CCCC4)n3)CN2)CCOC1,0.5899999737739563,0.5899999737739563,0.8913018107414246,3.3227405548095703,0.74191771613227,59.07000000000001,0.9995196154216376,3.0483000000000002,0.9994817143564295,0.8020368006999457,0.5899999737739563,0.1729574775929347,0.9617410450728391,True,0,Retro* unsolved; no predefined alert matched
GB-GA crossover,unsolved,FC1=CC(N2CCOCC2)C(Nc2nccc(-c3ccccc3)n2)=C1,0.5199999809265137,0.6600000262260437,0.9286550283432007,3.316894769668579,0.7425672478146024,50.28,0.9488657073759718,3.007200000000002,0.999988480066355,0.8000127451254478,0.5199999809265137,0.1732084633693411,0.9386918930664678,True,0,Retro* unsolved; no predefined alert matched
GB-GA crossover,unsolved,CNC1=CCC(Nc2nccc(-c3ccc(Cl)cc3)n2)CS1,0.5699999928474426,0.5299999713897705,0.8920747637748718,3.3156721591949463,0.7427030934227837,49.84,0.9442658274944175,3.7752000000000017,0.8749914885878537,0.7590058562528567,0.5299999713897705,0.16016343204214895,0.9019895044655729,True,0,Retro* unsolved; no predefined alert matched
GB-GA crossover,unsolved,C1=NC(NC2CCCC2)C(Nc2nccc(-c3ccccc3)n2)=C1,0.5099999904632568,0.6899999976158142,0.8866576552391052,3.2964859008789062,0.7448348999023438,62.2,0.99731472293485,3.382100000000002,0.9680761421476888,0.7994805680505098,0.5099999904632568,0.17026147250868875,0.9354544179386179,True,0,Retro* unsolved; no predefined alert matched
GB-GA crossover,unsolved,CC1=C(N2CCC(Nc3nccc(-c4cnc5ccccn45)n3)CC2)SCC=N1,0.75,0.5600000023841858,0.7140963077545166,3.2803642749786377,0.7466261916690402,70.71,0.9382634555087765,3.6742000000000026,0.9039238650426611,0.76881830372653,0.5600000023841858,0.12544013869334558,0.9242742905724511,True,0,Retro* unsolved; no predefined alert matched
GB-GA crossover,unsolved,CC1=[SH]C(c2ccnc(Nc3ccc(F)cc3)n2)=C(C)N=N1,0.5,0.8500000238418579,0.6610711812973022,3.278960704803467,0.746782143910726,62.53,0.9964502597219579,4.128900000000002,0.7533665525882847,0.7512783602266881,0.5,0.1533829375159744,0.8859400664750907,True,0,Retro* unsolved; no predefined alert matched
GB-GA crossover,unsolved,COC1=CC(c2ccnc(Nc3ccccc3)n2)=CC1N1CCOCC1,0.5,0.7799999713897705,0.8947877287864685,3.258317708969116,0.7490758101145426,59.510000000000005,0.9998666200070134,2.848300000000001,0.9948990785551548,0.8197715348088249,0.5,0.17202946592124563,0.9525685882167004,True,0,Retro* unsolved; no predefined alert matched
GB-GA crossover,unsolved,ClC1=NNC=C(c2ccnc(NC3CCCC3)n2)C1,0.5299999713897705,0.5699999928474426,0.8917081356048584,3.2539939880371094,0.7495562235514323,62.2,0.99731472293485,2.717600000000001,0.9824339451592888,0.7868354985812737,0.5299999713897705,0.1861587114560362,0.9272196188526012,True,0,Retro* unsolved; no predefined alert matched
GB-GA crossover,unsolved,C1=CN(C2=C(c3ccnc(Nc4ccccc4)n3)SCC2)COC1,0.550000011920929,0.8199999928474426,0.9142481684684753,3.2535154819488525,0.7496093908945719,50.28,0.9488657073759718,3.829100000000002,0.8583382135417287,0.8068435808415199,0.550000011920929,0.13151374429898502,0.9586922099879,True,0,Retro* unsolved; no predefined alert matched
GB-GA crossover,unsolved,FC1C=CN=C1c1ccnc(Nc2ccccc2)n1,0.5,0.8799999952316284,0.9158124327659607,3.2494070529937744,0.7500658830006918,50.17,0.9477327533469039,2.8747000000000007,0.9965171702817828,0.8316880391044945,0.5,0.1666958850492016,0.9650184505995744,True,0,Retro* unsolved; no predefined alert matched
GB-GA crossover,unsolved,CC1=C(C2=CCC(=O)C=C2)CC=C1c1ccnc(NC2CCCCC2)n1,0.5,0.5099999904632568,0.851410984992981,3.2351646423339844,0.7516483730740018,54.88,0.9855419800738192,4.780200000000003,0.49448071879203687,0.6821803412326827,0.49448071879203687,0.19302849545378523,0.8112217073249152,True,0,Retro* unsolved; no predefined alert matched
GB-GA crossover,unsolved,C1=CC(c2ccnc(Nc3ccccc3)n2)=C2CCCCC2N1,0.5199999809265137,0.8399999737739563,0.8984957933425903,3.2272121906280518,0.7525319788191054,49.84,0.9442658274944175,4.033300000000002,0.7887793601123481,0.7906788190781552,0.5199999809265137,0.13685263862001154,0.9329935494941081,True,0,Retro* unsolved; no predefined alert matched
GB-GA crossover,unsolved,C1=CN(c2ccc(Nc3nccc(C4=CCOCC4)n3)cc2)COC1,0.6600000262260437,0.75,0.9240443706512451,3.2223477363586426,0.7530724737379286,59.510000000000005,0.9998666200070134,3.3317000000000014,0.9758465038766458,0.8438049990831461,0.6600000262260437,0.12848124527122617,1.0289568824238366,True,0,Retro* unsolved; no predefined alert matched
GB-GA crossover,unsolved,Cn1sc(=O)n(CC2=CC=C(Nc3nccc(-c4ccccc4)n3)C2)c1=O,0.5299999713897705,0.6800000071525574,0.7361068725585938,3.2122573852539062,0.7541936238606771,81.81,0.767770437516909,2.3916000000000004,0.9210364379921991,0.7315178917451178,0.5299999713897705,0.1162112578279047,0.8788967573792584,True,0,Retro* unsolved; no predefined alert matched
GB-GA crossover,unsolved,CC1=C(c2ccnc(NC3CCN(C)CC3)n2)SCC=N1,0.5,0.5299999713897705,0.929521381855011,3.196349620819092,0.7559611532423232,53.410000000000004,0.9761620005017665,2.4888000000000003,0.9435817051402712,0.7725377020215237,0.5,0.19525151021230835,0.9030125510002929,True,0,Retro* unsolved; no predefined alert matched
GB-GA crossover,unsolved,ClC1C=CN=C1c1ccnc(Nc2ccccc2)n1,0.5,0.8700000047683716,0.8719330430030823,3.1934561729431152,0.756282647450765,50.17,0.9477327533469039,3.144000000000001,0.9954026005433149,0.8235585081854063,0.5,0.1626154426452101,0.9572969639208854,True,0,Retro* unsolved; no predefined alert matched
GB-GA crossover,unsolved,CC1=C(c2ccnc(Nc3nccc(-c4cc(C)cc(N5CCOCC5)c4)n3)n2)SCC=N1,0.5099999904632568,0.6600000262260437,0.6032319068908691,3.190063238143921,0.756659640206231,88.42,0.6384446963471545,4.328320000000003,0.6756389458320048,0.6406625343275933,0.5099999904632568,0.07475659120503737,0.7861868723460667,True,0,Retro* unsolved; no predefined alert matched
GB-GA crossover,unsolved,NC1C=CN=C1c1ccnc(Nc2ccccc2)n1,0.5400000214576721,0.8700000047683716,0.8726372718811035,3.186152219772339,0.7570941978030734,76.19,0.8644860974849361,1.8639,0.7506412933540915,0.7758098144582081,0.5400000214576721,0.11740302300863023,0.9260695185946467,True,0,Retro* unsolved; no predefined alert matched
GB-GA crossover,unsolved,OC1CCC(c2[nH]ncc2-c2ccnc(NC3=CC=CC3)n2)CC1,0.550000011920929,0.699999988079071,0.8044464588165283,3.182826042175293,0.7574637730916342,86.72,0.6725737180768873,3.140900000000002,0.995597981854284,0.7466803219732223,0.550000011920929,0.13648394133881994,0.898031931415619,True,0,Retro* unsolved; no predefined alert matched
GB-GA crossover,unsolved,C1=CCC(Nc2[nH]ncc2-c2ccnc(NC3CCCC3)n2)=C1,0.6700000166893005,0.6800000071525574,0.7879262566566467,3.171414613723755,0.7587317095862495,78.52,0.8265042478067038,3.4769000000000014,0.9507151365906572,0.7789795624136859,0.6700000166893005,0.09479382520992784,0.9705001848994833,True,0,Retro* unsolved; no predefined alert matched
GB-GA crossover,unsolved,C1=CCCC(Nc2ccc(-c3ccnc(NC4=COCC4)n3)cc2)=C1,0.699999988079071,0.6499999761581421,0.8461878299713135,3.1688129901885986,0.7590207788679335,59.07000000000001,0.9995196154216376,4.463000000000003,0.6214886965565095,0.7627028141757678,0.6214886965565095,0.12886718208517503,0.9362627049342032,True,0,Retro* unsolved; no predefined alert matched
GB-GA crossover,unsolved,OC1CCC(Nc2nccc(C3=NCN=C3)n2)CC1,0.6299999952316284,0.6200000047683716,0.8487329483032227,3.1677968502044678,0.7591336833106147,82.76,0.7499208918445291,1.023,0.419554434946385,0.6712236597341253,0.419554434946385,0.1372902194645173,0.7833609682715891,True,0,Retro* unsolved; no predefined alert matched
GB-GA crossover,unsolved,CC1C=CN=C1c1ccnc(Nc2ccc(F)cc2)n1,0.5099999904632568,0.8500000238418579,0.9286659955978394,3.1631813049316406,0.7596465216742622,50.17,0.9477327533469039,3.3118000000000007,0.9786274252300152,0.8291121183590225,0.5099999904632568,0.15991194472549045,0.9661209210254506,True,0,Retro* unsolved; no predefined alert matched
GB-GA crossover,unsolved,NC1C=CC=C1Nc1nccc(-c2ccccc2)n1,0.5199999809265137,0.6399999856948853,0.8772246837615967,3.157087802886963,0.7603235774570041,63.83,0.9918837273606176,2.3365,0.9068036013269652,0.7827059260879304,0.5199999809265137,0.1622599507344285,0.9224799252924417,True,0,Retro* unsolved; no predefined alert matched
GB-GA crossover,unsolved,FC1=NOC(CN2CCCCC2)=C(c2ccnc(NC3CCCCC3)n2)C1,0.5899999737739563,0.5099999904632568,0.8410664200782776,3.152528762817383,0.7608301374647353,62.64,0.996135486526273,4.121500000000003,0.7561596693777101,0.7423652796140349,0.5099999904632568,0.159102316783617,0.8794550450746502,True,0,Retro* unsolved; no predefined alert matched
GB-GA crossover,unsolved,Cc1ncn(-c2ccc(Nc3nccc(C4=CC=C(F)CS4)n3)cc2)n1,0.8100000023841858,0.7799999713897705,0.751226007938385,3.143087863922119,0.7618791262308756,68.52000000000001,0.9604743518934165,4.050420000000003,0.7825511125095742,0.8076884287243679,0.751226007938385,0.07075063507772586,1.0259811675981108,True,0,Retro* unsolved; no predefined alert matched
GB-GA crossover,unsolved,ClC1=NOC(CN2CCCCC2)=C(c2ccnc(NC3CCCCC3)n2)C1,0.550000011920929,0.5099999904632568,0.8085600137710571,3.1148722171783447,0.765014198091295,62.64,0.996135486526273,4.390800000000003,0.6506067304546533,0.713386071871244,0.5099999904632568,0.16516301166160524,0.8498697678440605,True,0,Retro* unsolved; no predefined alert matched
GB-GA crossover,unsolved,C1=NC(C2=CCCCC2)=C(c2ccnc(NC3CCCC3)n2)C1,0.5400000214576721,0.5600000023841858,0.8895418643951416,3.110337018966675,0.7655181090037028,50.17,0.9477327533469039,4.517100000000003,0.5996165088663803,0.7170682099089977,0.5400000214576721,0.16078927880293434,0.8629892884660059,True,0,Retro* unsolved; no predefined alert matched
GB-GA crossover,unsolved,Cc1ncn(C2=C(Nc3nc(Nc4ccc(F)cc4)ncc3C)C=CC2)n1,0.5,0.699999988079071,0.717485785484314,3.104468584060669,0.7661701573265923,80.55,0.7908772551952111,3.8082400000000014,0.8648777700326641,0.7232351593529754,0.5,0.113202150448096,0.8619149443081658,True,0,Retro* unsolved; no predefined alert matched
GB-GA crossover,unsolved,COC1=CC(c2ccnc(Nc3ccc(-n4cnc(C)n4)cc3)n2)=C(OC)C1,0.8600000143051147,0.8199999928474426,0.7053378224372864,3.098320484161377,0.7668532795376248,86.98,0.6673769687188206,3.4008200000000013,0.9649282982304666,0.7974160626794594,0.6673769687188206,0.09900318678354485,0.9877288346167511,True,0,Retro* unsolved; no predefined alert matched
GB-GA crossover,unsolved,OC1CCC(Nc2nccc(C3=NN=CC3)n2)CC1,0.6700000166893005,0.5799999833106995,0.8584703803062439,3.097379207611084,0.7669578658209907,82.76,0.7499208918445291,1.3705999999999998,0.554334138725796,0.6966138794495933,0.554334138725796,0.10687848547361277,0.8522262725199709,True,0,Retro* unsolved; no predefined alert matched
GB-GA crossover,unsolved,C1=C(Nc2nccc(-c3cnc4ccccn34)n2)CC(N2CCOCC2)=C1,0.5,0.6200000047683716,0.7716108560562134,3.0967259407043457,0.7670304510328505,67.58,0.968583850464188,2.7069,0.9810904910412116,0.7680526088938059,0.5,0.17290816383669813,0.9007617925101361,True,0,Retro* unsolved; no predefined alert matched
GB-GA crossover,unsolved,Cc1ncn(-c2ccc(Nc3nccc(C4=CC=CCS4)n3)cc2)n1,0.8700000047683716,0.8299999833106995,0.7742659449577332,3.0894227027893066,0.7678419219122993,68.52000000000001,0.9604743518934165,3.7532200000000024,0.8815481662308161,0.8473550621788893,0.7678419219122993,0.06638711319331159,1.0710689274332479,True,0,Retro* unsolved; no predefined alert matched
GB-GA crossover,unsolved,C1=CCC(C2=CC=C(c3ccnc(NC4CCCC4)n3)C2)=C1,0.5400000214576721,0.5899999737739563,0.8913613557815552,3.08705472946167,0.7681050300598145,37.81,0.7606717238535999,4.430900000000003,0.6344515194569034,0.6974316040639169,0.5400000214576721,0.12034363571321373,0.8473972469298972,True,0,Retro* unsolved; no predefined alert matched
GB-GA crossover,unsolved,C1=CN=C(Nc2nccc(-c3cnc4ccccn34)n2)C1,0.5199999809265137,0.6399999856948853,0.7806145548820496,3.0863821506500244,0.7681797610388862,67.47,0.9694750883383606,2.5191,0.949906063312743,0.771362572365573,0.5199999809265137,0.15898708446750745,0.9114638581967763,True,0,Retro* unsolved; no predefined alert matched
GB-GA crossover,unsolved,C1=C2CCCCC2=C(c2[nH]ncc2-c2ccnc(NC3CCCC3)n2)C1,0.7200000286102295,0.6299999952316284,0.8271098732948303,3.084341287612915,0.768406523598565,66.49000000000001,0.9768716026796972,4.8789000000000025,0.45634627620797713,0.7297890499371547,0.45634627620797713,0.1616771838587852,0.8505252144136694,True,0,Retro* unsolved; no predefined alert matched
GB-GA crossover,unsolved,COC1=CC=C(Nc2nccc(-c3cnc4ccccn34)n2)C1,0.5299999713897705,0.6700000166893005,0.8024178147315979,3.0693602561950684,0.7700710826449924,64.34,0.9895903372777227,3.0211000000000006,0.9999010693384052,0.7936633820119648,0.5299999713897705,0.1665160723869155,0.9360117661902044,True,0,Retro* unsolved; no predefined alert matched
GB-GA crossover,unsolved,C1=NOC(CN2CCCCC2)=C(c2ccnc(NC3CCCCC3)n2)C1,0.5400000214576721,0.5099999904632568,0.8697155714035034,3.06827974319458,0.7701911396450467,62.64,0.996135486526273,3.8243000000000027,0.8598533373678239,0.7576492578105959,0.5099999904632568,0.17735973909454214,0.8929132810401187,True,0,Retro* unsolved; no predefined alert matched
GB-GA crossover,unsolved,ClC1=C(c2ccnc(Nc3ccc(N4CCNCC4)cc3)n2)SCC=N1,0.5600000023841858,0.8600000143051147,0.7857245206832886,3.0570430755615234,0.7714396582709419,65.44,0.983693524889382,3.3123000000000014,0.9785595652077794,0.8232362142901154,0.5600000023841858,0.1441103642397425,0.9768251785813968,True,0,Retro* unsolved; no predefined alert matched
GB-GA crossover,unsolved,ClC1=NNC=C(c2ccnc(-c3ccnc(Nc4ccccc4)n3)n2)C1,0.5099999904632568,0.8600000143051147,0.7364110946655273,3.0504024028778076,0.7721775107913547,87.98,0.6473076756480716,3.5637000000000008,0.9318226053689561,0.7429531485403803,0.5099999904632568,0.13764915102586317,0.882188230576771,True,0,Retro* unsolved; no predefined alert matched
GB-GA crossover,unsolved,CSc1nc(-c2ccc(F)cc2)c(-c2ccnc(NCC3=CN=CC3)c2)[nH]1,0.8999999761581421,0.6200000047683716,0.605624794960022,3.0352210998535156,0.7738643222384982,65.96000000000001,0.9804592229545469,4.770000000000003,0.49847591783746475,0.729737373152841,0.49847591783746475,0.17064879645338904,0.8622152688587416,True,0,Retro* unsolved; no predefined alert matched
GB-GA crossover,unsolved,ClNc1nccc(C2=CC=C(Nc3nccc(-c4ccccc4)n3)C2)n1,0.5,0.699999988079071,0.6595548987388611,3.030764102935791,0.7743595441182455,75.62,0.8732382167988064,4.282400000000003,0.6938805147666604,0.7001721937502742,0.5,0.1134415399905187,0.8388280397512223,True,0,Retro* unsolved; no predefined alert matched
GB-GA crossover,unsolved,COc1ccc(Nc2ncc3nc(NC4=CN=CC4)n(C4CCCC4)c3n2)cc1,0.7699999809265137,0.6200000047683716,0.6485886573791504,3.0289971828460693,0.774555868572659,89.25000000000001,0.6216907477471929,4.421400000000003,0.6382834087050869,0.6788531113498291,0.6200000047683716,0.06678302115487586,0.8581748106648529,True,0,Retro* unsolved; no predefined alert matched
GB-GA crossover,unsolved,Cc1ncn(-c2ccc(Nc3nccc(NC4=COCC4)n3)cc2)n1,0.6899999976158142,0.6600000262260437,0.7407248020172119,3.0243027210235596,0.7750774754418267,89.78,0.610978471339088,2.7829200000000007,0.9895827006605468,0.7443939122167552,0.610978471339088,0.12176014071607322,0.9155114395468743,True,0,Retro* unsolved; no predefined alert matched
GB-GA crossover,unsolved,CN(C)CC1=CC=C(Nc2nccc(-c3cc(F)cc(N4CCOCC4)c3)n2)C1,0.5199999809265137,0.7099999785423279,0.8100241422653198,3.023869752883911,0.7751255830128988,53.519999999999996,0.9769419942417559,3.3068000000000026,0.979300299698325,0.7952319964478569,0.5199999809265137,0.15839817877901716,0.9353921728479093,True,0,Retro* unsolved; no predefined alert matched
GB-GA crossover,unsolved,OC1CCC(C2=C(c3ccnc(NC4CCCC4)n3)CC=N2)CC1,0.5799999833106995,0.5899999737739563,0.8872121572494507,3.0231974124908447,0.7752002875010172,70.4,0.9416808249017043,3.5678000000000027,0.93086246373862,0.7841592817459081,0.5799999833106995,0.15078344012860664,0.9430809327262573,True,0,Retro* unsolved; no predefined alert matched
GB-GA crossover,unsolved,Cc1ncn(C2=C(Nc3nccc(-c4ccc(F)cc4)n3)C=CC2)n1,0.5299999713897705,0.7200000286102295,0.7915888428688049,3.018941879272461,0.7756731245252821,68.52000000000001,0.9604743518934165,3.4232200000000015,0.9609783770285608,0.7897857827193441,0.5299999713897705,0.1477625512914553,0.9340095190071297,True,0,Retro* unsolved; no predefined alert matched
GB-GA crossover,unsolved,Cc1ccc(-c2ccnc(NC3=CC=C(n4cnc(C)n4)C3)n2)cc1,0.550000011920929,0.6100000143051147,0.791499137878418,3.014456033706665,0.7761715518103706,68.52000000000001,0.9604743518934165,3.5925400000000014,0.924943121446073,0.768848031542387,0.550000011920929,0.14987782723667734,0.9188602523949979,True,0,Retro* unsolved; no predefined alert matched
GB-GA crossover,unsolved,CC1=C(c2ccnc(Nc3ccc(F)cc3)n2)SCN=N1,0.5099999904632568,0.8399999737739563,0.9223185777664185,3.0087976455688477,0.7768002616034614,62.53,0.9964502597219579,4.204300000000002,0.7244826665442559,0.7950086216455512,0.5099999904632568,0.15564176539494076,0.9324444422450342,True,0,Retro* unsolved; no predefined alert matched
GB-GA crossover,unsolved,COc1cc(-c2ccnc(Nc3ccc(N4C=CCC=N4)cc3)n2)cc(N2CCOCC2)c1,0.800000011920929,0.8199999928474426,0.6047665476799011,3.0076231956481934,0.7769307560390897,75.11,0.8808745523212883,4.442000000000004,0.6299713801959241,0.752090540167429,0.6047665476799011,0.1006038579053223,0.9234601186808671,True,0,Retro* unsolved; no predefined alert matched
GB-GA crossover,unsolved,CC1=C(c2ccnc(Nc3ccc(N4CCNCC4)cc3)n2)SCC=N1,0.550000011920929,0.8799999952316284,0.8666481375694275,2.991647958755493,0.7787057823605008,65.44,0.983693524889382,3.1359000000000012,0.9959042306365464,0.8424919471014024,0.550000011920929,0.15004654637796058,0.9924872960398851,True,0,Retro* unsolved; no predefined alert matched
GB-GA crossover,unsolved,Cc1ncn(C2=CC=C(Nc3nccc(-c4ccccc4)n3)C2)n1,0.5299999713897705,0.6499999761581421,0.7997069358825684,2.987722158432007,0.7791419823964437,68.52000000000001,0.9604743518934165,3.2841200000000006,0.9822212353491284,0.783590742178245,0.5299999713897705,0.1597791075001252,0.9266128228451636,True,0,Retro* unsolved; no predefined alert matched
GB-GA crossover,unsolved,Cc1ncn(-c2ccc(Nc3nccc(N4C=C(Cl)CC4)n3)cc2)n1,0.7400000095367432,0.6000000238418579,0.7746777534484863,2.9834275245666504,0.7796191639370389,71.76,0.9260454161687905,3.3996200000000014,0.9651342848022127,0.797579441955855,0.6000000238418579,0.12095330250053855,0.9654841188583585,True,0,Retro* unsolved; no predefined alert matched
GB-GA crossover,unsolved,C1=C(Nc2nccc(-c3ccccc3)n2)CC(c2cnn3ncccc23)=C1,0.5099999904632568,0.8600000143051147,0.601823091506958,2.9810285568237305,0.7798857159084744,68.0,0.9650691177896804,3.969400000000002,0.8115329392954703,0.7547184782114925,0.5099999904632568,0.15408709862501854,0.8923097654879677,True,0,Retro* unsolved; no predefined alert matched
GB-GA crossover,unsolved,C1=CC(c2ccccc2)C(c2ccnc(Nc3ccccc3)n2)=N1,0.5,0.8899999856948853,0.7802459001541138,2.9807300567626953,0.7799188825819228,50.17,0.9477327533469039,4.320400000000003,0.6787959566718549,0.7627822464082801,0.5,0.14554374634373882,0.8982278717739062,True,0,Retro* unsolved; no predefined alert matched
GB-GA crossover,unsolved,C1=CC(c2[nH]ncc2-c2ccnc(NC3CCCC3)n2)=CC1,0.7300000190734863,0.6499999761581421,0.9041380286216736,2.976486921310425,0.7803903420766195,66.49000000000001,0.9768716026796972,3.5645000000000024,0.9316357294857259,0.8288392830158907,0.6499999761581421,0.11708300176502333,1.0121309756868309,True,0,Retro* unsolved; no predefined alert matched
GB-GA crossover,unsolved,C1=C(Nc2nccc(-c3ccccc3)n2)CC(ON2CCCC2)=C1,0.5,0.6899999976158142,0.9089416861534119,2.97503662109375,0.7805514865451388,50.28000000000001,0.9488657073759719,3.754400000000002,0.8811997313794913,0.7849264348449715,0.5,0.1536975694840498,0.9195566778965665,True,0,Retro* unsolved; no predefined alert matched
GB-GA crossover,unsolved,C1=CN(c2ccc(Nc3nccc(C4=CCCCC4)n3)cc2)CN=C1,0.6299999952316284,0.7599999904632568,0.893456220626831,2.9749982357025146,0.7805557515886095,53.41,0.9761620005017665,4.539600000000004,0.5905219453628348,0.7717826506291545,0.5905219453628348,0.13524603464093266,0.9354146307739117,True,0,Retro* unsolved; no predefined alert matched
GB-GA crossover,unsolved,C1=CC(c2ccnc(Nc3ccccc3)n2)=C2NC(c3ccccc3)=CC=C2N1,0.6100000143051147,0.8500000238418579,0.6213845014572144,2.9613678455352783,0.7820702393849691,61.870000000000005,0.9980591636411602,4.576400000000002,0.5756643950605536,0.7395297229484784,0.5756643950605536,0.15189850728326226,0.8970391907383183,True,0,Retro* unsolved; no predefined alert matched
GB-GA crossover,unsolved,Cc1cnc(NC2=CC=C(Nc3nccc(-c4ccc(F)cc4)n3)C2)nc1C,0.5099999904632568,0.6499999761581421,0.6900275945663452,2.96106219291687,0.7821042007870145,75.62,0.8732382167988064,4.385040000000002,0.6529224967031468,0.6930487459127853,0.5099999904632568,0.1135623222002951,0.8346925108317329,True,0,Retro* unsolved; no predefined alert matched
GB-GA crossover,unsolved,Cc1cc(Cl)nc(C2=CC=C(c3ccnc(NC4CCCCC4)n3)C2)n1,0.5400000214576721,0.5400000214576721,0.7828118205070496,2.946782112121582,0.7836908764309354,63.59,0.9928655165732039,4.843720000000004,0.4698222890943525,0.6848650909201476,0.4698222890943525,0.18368430491783164,0.8074433471566701,True,0,Retro* unsolved; no predefined alert matched
GB-GA crossover,unsolved,COC1=CC=C(c2ccnc(Nc3ccc(N4CCN(Cl)CC4)cc3)n2)C1,0.6100000143051147,0.8399999737739563,0.7921320199966431,2.9377758502960205,0.784691572189331,53.52,0.976941994241756,3.8134000000000023,0.8632710409592537,0.8111727692443425,0.6100000143051147,0.10996890079482677,0.9831758834563942,True,0,Retro* unsolved; no predefined alert matched
GB-GA crossover,unsolved,CC=Cc1ccc(Nc2nccc(C3=CC(F)=NCC3)n2)cc1,0.5400000214576721,0.800000011920929,0.9099504947662354,2.936645746231079,0.7848171393076578,50.17,0.9477327533469039,4.408400000000003,0.6435227479492858,0.771003861458114,0.5400000214576721,0.1421179439285744,0.9187920735025581,True,0,Retro* unsolved; no predefined alert matched
GB-GA crossover,unsolved,Oc1ccn2c1CC=C2Nc1nccc(-c2ccc(Cl)cc2)n1,0.5099999904632568,0.6200000047683716,0.7694972157478333,2.9328577518463135,0.7852380275726318,62.97,0.9951114878599615,3.7707000000000015,0.8763451839993408,0.7593653184018994,0.5099999904632568,0.1589750269775754,0.8964678128431188,True,0,Retro* unsolved; no predefined alert matched
GB-GA crossover,unsolved,Fc1cc(-c2ccnc(NC3=NC=CC3)n2)cc(N2CCOCC2)c1,0.5899999737739563,0.699999988079071,0.9315835237503052,2.9309628009796143,0.7854485776689317,62.64,0.996135486526273,2.847100000000001,0.9948182695013035,0.8329976365499735,0.5899999737739563,0.15357745283330965,0.9946398833988294,True,0,Retro* unsolved; no predefined alert matched
GB-GA crossover,unsolved,FC1=CC=C(Nc2nccc(-c3cc(F)cc(N4CCOCC4)c3)n2)C1,0.5699999928474426,0.6899999976158142,0.9058136940002441,2.9301066398620605,0.7855437066819932,50.28,0.9488657073759718,3.672200000000003,0.9044649349554749,0.8007813389128234,0.5699999928474426,0.13507762249535807,0.9582735745175205,True,0,Retro* unsolved; no predefined alert matched
GB-GA crossover,unsolved,FN1CCC(Nc2nccc(-c3cnc4ccccn34)n2)CC1,0.7799999713897705,0.6499999761581421,0.7532790899276733,2.9259121417999268,0.7860097620222304,58.349999999999994,0.998488643251663,2.5521000000000003,0.9563981478356095,0.8206959317641814,0.6499999761581421,0.12011575742479846,1.0036843488691443,True,0,Retro* unsolved; no predefined alert matched
GB-GA crossover,unsolved,CC1=C(c2ccnc(Nc3ccc(-n4cnc(C)n4)cc3)n2)CCS1,0.8399999737739563,0.800000011920929,0.7675375938415527,2.9221951961517334,0.7864227559831407,68.52000000000001,0.9604743518934165,3.9772200000000018,0.808792329438541,0.8272045028085894,0.7675375938415527,0.06354389572675895,1.0511113913883794,True,0,Retro* unsolved; no predefined alert matched
GB-GA crossover,unsolved,C1=CCSC(c2ccnc(Nc3ccnc(Nc4ccccc4)n3)n2)=C1,0.5699999928474426,0.8700000047683716,0.6983007788658142,2.9183614253997803,0.7868487305111356,75.62,0.8732382167988064,4.397700000000002,0.6478308698597538,0.7410364322752208,0.5699999928474426,0.1125275951938883,0.9007836706100647,True,0,Retro* unsolved; no predefined alert matched
GB-GA crossover,unsolved,Cc1ncn(C2=C(c3ccnc(Nc4ccccc4)n3)C=CC2)n1,0.5400000214576721,0.8700000047683716,0.798186182975769,2.916757583618164,0.7870269351535373,68.52000000000001,0.9604743518934165,3.4483200000000016,0.9563181511542533,0.8186676079005033,0.5400000214576721,0.14187323234776963,0.9664802911030279,True,0,Retro* unsolved; no predefined alert matched
GB-GA crossover,unsolved,Clc1ccc(-c2ccnc(Nc3nccc(C4=COCCS4)n3)n2)cc1,0.5099999904632568,0.6800000071525574,0.7155594825744629,2.9052622318267822,0.7883041964636909,72.82000000000001,0.9127375588983988,4.392400000000002,0.6499632200562772,0.7094274092681072,0.5099999904632568,0.12367122003460038,0.8500602844036242,True,0,Retro* unsolved; no predefined alert matched
GB-GA crossover,unsolved,Cc1cc(-c2ccnc(NC3=NC=CC3)n2)cc(N2CCOCC2)c1,0.5,0.6700000166893005,0.9340552091598511,2.898162364959717,0.7890930705600314,62.64,0.996135486526273,3.016420000000001,0.9999400870392976,0.8148706449957922,0.5,0.18353387827960466,0.9465172571678317,True,0,Retro* unsolved; no predefined alert matched
GB-GA crossover,unsolved,O=S(=O)(F)c1ccc(Nc2nccc(C3=CC=NC3)n2)cc1,0.5400000214576721,0.8299999833106995,0.8747743368148804,2.8967080116271973,0.7892546653747559,84.31,0.7201325004102861,2.3462000000000005,0.9093821414105934,0.7772572747964812,0.5400000214576721,0.12209731948678633,0.9270475492851042,True,0,Retro* unsolved; no predefined alert matched
GB-GA crossover,unsolved,ClNc1ncn(-c2ccc(Nc3nccc(C4=CCCCC4)n3)cc2)n1,0.800000011920929,0.7699999809265137,0.65334552526474,2.8909144401550293,0.7898983955383301,80.55,0.7908772551952111,4.3240000000000025,0.677361468129193,0.7469137728291528,0.65334552526474,0.058770921661674684,0.9370403382424073,True,0,Retro* unsolved; no predefined alert matched
GB-GA crossover,unsolved,CC1=C(c2ccnc(NC3CCC(C)CC3)n2)C=CC1,0.550000011920929,0.5899999737739563,0.8932581543922424,2.8690760135650635,0.7923248873816596,37.81,0.7606717238535999,4.200600000000003,0.7259166484833572,0.7186952333009574,0.550000011920929,0.11742250034064862,0.8719529868431712,True,0,Retro* unsolved; no predefined alert matched
GB-GA crossover,unsolved,c1cc(-c2cn[nH]c2C2=NCCCC2)nc(NC2CCCC2)n1,0.699999988079071,0.6499999761581421,0.9086741805076599,2.8655149936676025,0.7927205562591553,78.85,0.8208610826601963,3.1942000000000013,0.9916542121866568,0.8106516659751469,0.6499999761581421,0.11608104298096973,0.9940435545244927,True,0,Retro* unsolved; no predefined alert matched
GB-GA crossover,unsolved,NC1=NC=C(c2ccnc(NC3CCCCC3)n2)C1,0.5699999928474426,0.6000000238418579,0.8709149360656738,2.864046812057495,0.7928836875491672,76.19,0.8644860974849361,2.3230000000000004,0.9031642134482267,0.7669081585395507,0.5699999928474426,0.13304789594434105,0.9246033667993494,True,0,Retro* unsolved; no predefined alert matched
GB-GA crossover,unsolved,C1=NNNC(c2ccnc(Nc3ccccc3)n2)=C1,0.5,0.8600000143051147,0.7742714285850525,2.8596513271331787,0.7933720747629801,74.23,0.8936008718605586,1.6546999999999998,0.6688570566399279,0.7483502410256057,0.5,0.13182014242275794,0.8851682267833298,True,0,Retro* unsolved; no predefined alert matched
GB-GA crossover,unsolved,FC1=CC(c2nc(-c3ccc(F)cc3)c(-c3ccncc3)[nH]2)=CC1,0.6100000143051147,0.8799999952316284,0.743824303150177,2.854714870452881,0.7939205699496799,41.57,0.8280326258089774,4.918300000000003,0.4414237521982229,0.7162002101073001,0.4414237521982229,0.14884051143668336,0.8337432846230985,True,0,Retro* unsolved; no predefined alert matched
GB-GA crossover,unsolved,COC1=CC=C(Nc2nccc(Nc3nccc(-c4ccccc4)n3)n2)C1,0.5299999713897705,0.6800000071525574,0.6908933520317078,2.831348180770874,0.7965168688032362,84.85000000000001,0.7095899183808055,3.907000000000002,0.8329256563404074,0.7066542956830807,0.5299999713897705,0.09677634454764544,0.8559766526452472,True,0,Retro* unsolved; no predefined alert matched
GB-GA crossover,unsolved,Cc1ccc(NC2=CC=C(c3ccnc(NC4CCC(O)CC4)n3)C2)cc1,0.5699999928474426,0.7099999785423279,0.7403786182403564,2.816502809524536,0.7981663544972738,70.07000000000001,0.9452214355962494,4.283520000000003,0.6934375240312312,0.7428673172924802,0.5699999928474426,0.11359140564056625,0.9025081745826564,True,0,Retro* unsolved; no predefined alert matched
GB-GA crossover,unsolved,FC1=C(Nc2nccc(-c3cc(F)cc(N4CCOCC4)c3)n2)CCC1,0.5600000023841858,0.7300000190734863,0.8984178304672241,2.8142998218536377,0.7984111309051514,50.28,0.9488657073759718,3.896200000000002,0.836538103163704,0.7953721322282873,0.5600000023841858,0.12619833523654614,0.9507522994198884,True,0,Retro* unsolved; no predefined alert matched
GB-GA crossover,unsolved,COC1=CC=C(Nc2nccc(-c3ccnc(Nc4ccccc4)n3)n2)C1,0.5199999809265137,0.8700000047683716,0.6908933520317078,2.8034653663635254,0.7996149592929416,84.85000000000001,0.7095899183808055,3.907000000000002,0.8329256563404074,0.7371706452901247,0.5199999809265137,0.1160296909273855,0.8815676704753402,True,0,Retro* unsolved; no predefined alert matched
GB-GA crossover,unsolved,CN1C=C(Nc2nc(Nc3ccc(N(C)C)cc3)ncc2Cl)CC1,0.5199999809265137,0.7300000190734863,0.8650448322296143,2.8031065464019775,0.7996548281775581,56.32,0.9925046755447596,3.528400000000002,0.9398397450681142,0.8078406801700077,0.5199999809265137,0.15479841954854756,0.948360832493107,True,0,Retro* unsolved; no predefined alert matched
GB-GA crossover,unsolved,COC1=C(Nc2nccc(-c3ccccc3)n2)N=CC1,0.5199999809265137,0.7799999713897705,0.9240226745605469,2.791548490524292,0.800939056608412,59.4,0.9998000199986667,2.8455000000000013,0.9947095440169894,0.8365785412501497,0.5199999809265137,0.1653211187864726,0.9760464236494566,True,0,Retro* unsolved; no predefined alert matched
GB-GA crossover,unsolved,O=C1CN(c2ccccc2-c2ccnc(NC3CCCCC3)n2)CC=N1,0.5099999904632568,0.6000000238418579,0.9169007539749146,2.791275978088379,0.8009693357679579,70.48,0.9408073504510259,3.305600000000002,0.9794602390251582,0.7913562822540285,0.5099999904632568,0.1776471812701963,0.926591561265986,True,0,Retro* unsolved; no predefined alert matched
GB-GA crossover,unsolved,C1=CCC(Nc2nccc(-c3cn[nH]c3-c3ccccc3)n2)=C1,0.5,0.6700000166893005,0.7691391110420227,2.7905831336975098,0.8010463184780545,66.49000000000001,0.9768716026796972,3.7894000000000014,0.870682142931814,0.7646231986368148,0.5,0.1508994729536813,0.8995332513414467,True,0,Retro* unsolved; no predefined alert matched
GB-GA crossover,unsolved,C1=CN(c2ccc(Nc3nccc(-c4ccccn4)n3)cc2)COC1,0.6200000047683716,0.7200000286102295,0.7881073355674744,2.788632869720459,0.8012630144755045,63.17,0.9944328322126588,3.5900000000000016,0.9255607068436603,0.8082273204129832,0.6200000047683716,0.12389949483140797,0.9818373723603538,True,0,Retro* unsolved; no predefined alert matched
GB-GA crossover,unsolved,CCOC1=C(c2ccnc(Nc3ccc(-n4cnc(C)n4)cc3)n2)CCC1,0.7599999904632568,0.7799999713897705,0.712928831577301,2.7872331142425537,0.8014185428619385,77.75,0.8394278734620187,4.040820000000002,0.7860501164490818,0.7799708877005612,0.712928831577301,0.03856934655373936,0.9899926025183775,True,0,Retro* unsolved; no predefined alert matched
GB-GA crossover,unsolved,COc1ccc(Nc2ncc(Cl)c(NC3=CC=NC3)n2)cc1,0.5400000214576721,0.6600000262260437,0.8857942819595337,2.7744665145874023,0.802837053934733,71.43,0.9299908793811207,3.2624000000000004,0.9848156274782738,0.8005729817395628,0.5400000214576721,0.15578894067761564,0.9469940941091028,True,0,Retro* unsolved; no predefined alert matched
GB-GA crossover,unsolved,N#CC1=CC=C(Nc2nccc(-c3ccccc3)n2)C1,0.5099999904632568,0.6499999761581421,0.9193835854530334,2.767641544342041,0.8035953839619955,61.6,0.9985787886565143,3.2930800000000007,0.9810930470250923,0.810441795286339,0.5099999904632568,0.17909002410223512,0.9455327900150925,True,0,Retro* unsolved; no predefined alert matched
GB-GA crossover,unsolved,Cc1ncn(N2CCC(Nc3nccc(-c4ccccc4)n3)CC2)n1,0.6399999856948853,0.5600000023841858,0.7884013652801514,2.7619612216949463,0.8042265309227837,71.76,0.9260454161687905,2.2560199999999995,0.8842624363041244,0.7671559561258201,0.5600000023841858,0.12901396121172923,0.922254560719903,True,0,Retro* unsolved; no predefined alert matched
GB-GA crossover,unsolved,c1cc(-c2cnnnn2)nc(NC2CCCC2)n1,0.5899999737739563,0.6299999952316284,0.8620656132698059,2.7509872913360596,0.8054458565182157,89.37,0.6192659215015694,1.0780999999999996,0.44006970878764645,0.6578078448471371,0.44006970878764645,0.1401099437827016,0.7758177631051608,True,0,Retro* unsolved; no predefined alert matched
GB-GA crossover,unsolved,CCNc1ccc(-c2ccnc(NC3=COCC3)n2)cc1,0.5799999833106995,0.6399999856948853,0.8812437057495117,2.742021322250366,0.8064420753055148,59.07000000000001,0.9995196154216376,3.2490000000000014,0.986316482218902,0.8155869746168585,0.5799999833106995,0.16005532262172648,0.9735814373478957,True,0,Retro* unsolved; no predefined alert matched
GB-GA crossover,unsolved,C1=C(c2ccnc(Nc3ccccc3)n2)CCN1Nc1ccccn1,0.5400000214576721,0.7799999713897705,0.7436505556106567,2.739464044570923,0.8067262172698975,65.97,0.9803942424494534,3.688900000000001,0.8999078268123082,0.7917798058316263,0.5400000214576721,0.13744011961726355,0.9400358003072016,True,0,Retro* unsolved; no predefined alert matched
GB-GA crossover,unsolved,C1=NC=C(Nc2nccc(-c3ccccc3)n2)C1,0.5099999904632568,0.699999988079071,0.8910201787948608,2.7379462718963623,0.806894858678182,50.17,0.9477327533469039,2.8714000000000004,0.9963316427006594,0.8086632353438223,0.5099999904632568,0.16449568910096063,0.9452136635727033,True,0,Retro* unsolved; no predefined alert matched
GB-GA crossover,unsolved,C1=CC(c2ccnc(NC3CCCC3)n2)=CC1,0.5600000023841858,0.550000011920929,0.8614434003829956,2.7159054279327393,0.8093438413408067,37.81,0.7606717238535999,3.174400000000001,0.9932638215657656,0.7557871335747138,0.550000011920929,0.15870913878453047,0.9049162232725394,True,0,Retro* unsolved; no predefined alert matched
GB-GA crossover,unsolved,CCC1=NC=CN(c2ccc(Nc3nccc(-c4ccccc4)n3)cc2)N1,0.6399999856948853,0.7900000214576721,0.704953134059906,2.710369110107422,0.809958987765842,65.44,0.983693524889382,4.491500000000004,0.6099676299436918,0.7564288806352298,0.6099676299436918,0.12469833626940638,0.9269493359913967,True,0,Retro* unsolved; no predefined alert matched
GB-GA crossover,unsolved,C1=C(Nc2cc(-c3ccnc(Nc4ccccc4)n3)ccn2)CCO1,0.7799999713897705,0.8299999833106995,0.7372790575027466,2.7087552547454834,0.8101383050282797,71.96000000000001,0.9236079854304691,3.9558000000000018,0.8162685114469623,0.8162156356848213,0.7372790575027466,0.05671951381218572,1.0317274015544267,True,0,Retro* unsolved; no predefined alert matched
GB-GA crossover,unsolved,C1=C(Nc2nccc(-c3ccccc3)n2)CC(Oc2cccnc2)=C1,0.5400000214576721,0.6899999976158142,0.7603763341903687,2.708258628845215,0.8101934856838651,59.93000000000001,0.9999972777814831,4.201000000000002,0.7257616995630274,0.7543881360487051,0.5400000214576721,0.13808301547874358,0.9025798409381324,True,0,Retro* unsolved; no predefined alert matched
GB-GA crossover,unsolved,CS(=O)(=O)c1ccc(Nc2nccc(C3=CC=NC3)n2)cc1,0.5099999904632568,0.7799999713897705,0.9338481426239014,2.7029035091400146,0.8107884989844428,84.31,0.7201325004102861,2.0915,0.8324217499864223,0.7645318089763466,0.5099999904632568,0.13064822717631208,0.9044669833976925,True,0,Retro* unsolved; no predefined alert matched
GB-GA crossover,unsolved,COc1cc2ncnc(Nc3ccc(ON4CC=CCC4)cc3)c2cc1OC,0.550000011920929,0.6800000071525574,0.651526153087616,2.698831558227539,0.8112409379747179,68.74000000000001,0.9584503135496961,3.9463000000000026,0.8195528637513656,0.7451283812394803,0.550000011920929,0.1332255501639438,0.8968058297993646,True,0,Retro* unsolved; no predefined alert matched
GB-GA crossover,unsolved,COc1cc2ncnc(Nc3ccc(OC4=CC=C(C(C)=O)C4)cc3)c2cc1OC,0.6100000143051147,0.6200000047683716,0.61851966381073,2.6920154094696045,0.8119982878367106,82.57000000000001,0.7535177366141976,4.572400000000004,0.5772778983153706,0.6652189342750825,0.5772778983153706,0.08597401303343957,0.8298049024663497,True,0,Retro* unsolved; no predefined alert matched
GB-GA crossover,unsolved,COc1cc2ncnc(Nc3ccc(OC4=CC=C(O)C4)cc3)c2cc1OC,0.6000000238418579,0.6800000071525574,0.6540283560752869,2.686737537384033,0.8125847180684408,85.73000000000002,0.6922583495375499,4.4989000000000035,0.6069754487833408,0.6743078172431723,0.6000000238418579,0.07064190975771141,0.8472436334199586,True,0,Retro* unsolved; no predefined alert matched
GB-GA crossover,unsolved,ClC1=NC=CN(c2ccc(Nc3nccc(-c4ccccc4)n3)cc2)N1,0.75,0.8700000047683716,0.67808997631073,2.682227611541748,0.8130858209398057,65.44,0.983693524889382,4.277800000000003,0.6956988431657138,0.7984280283456672,0.67808997631073,0.10570439054829849,0.9912845821840564,True,0,Retro* unsolved; no predefined alert matched
GB-GA crossover,unsolved,C1=CCC(Nc2nccc(-c3ccccc3)n2)=CC1,0.5099999904632568,0.699999988079071,0.8408955335617065,2.6668739318847656,0.8147917853461372,37.81,0.7606717238535999,3.7894000000000014,0.870682142931814,0.7495068607059309,0.5099999904632568,0.12057956255378938,0.8904489015895289,True,0,Retro* unsolved; no predefined alert matched
GB-GA crossover,unsolved,C1=C2CCCCC2=C(Nc2nccc(-c3ccccc3)n2)C1,0.5099999904632568,0.6899999976158142,0.8885467648506165,2.66349458694458,0.8151672681172689,37.81,0.7606717238535999,4.713700000000004,0.5206823884488072,0.6975113555582273,0.5099999904632568,0.14189907777109367,0.836321444920095,True,0,Retro* unsolved; no predefined alert matched
GB-GA crossover,unsolved,ClN1CCN(c2ccc(Nc3nccc(-c4ccc5c(c4)NCCC5)n3)cc2)CC1,0.7799999713897705,0.8299999833106995,0.6049947738647461,2.656111240386963,0.8159876399570041,56.32,0.9925046755447596,4.521100000000002,0.5979993558402973,0.7702477333178795,0.5979993558402973,0.13670757666499472,0.9359767824034693,True,0,Retro* unsolved; no predefined alert matched
GB-GA crossover,unsolved,c1ccc(Nc2nccc(-c3cn[nH]c3C3=NCCCC3)n2)cc1,0.5,0.8100000023841858,0.7703484892845154,2.6504461765289307,0.8166170914967855,78.85000000000001,0.8208610826601961,3.583300000000002,0.9271789942756561,0.7741676100168898,0.5,0.13156819967003977,0.9110107900498858,True,0,Retro* unsolved; no predefined alert matched
GB-GA crossover,unsolved,ClNc1nccc(-c2ccnc(NC3CCCCC3)n2)n1,0.5600000023841858,0.5600000023841858,0.8445659279823303,2.6467039585113525,0.8170328934987386,75.62,0.8732382167988064,3.243900000000001,0.9868676122539973,0.773617442550374,0.5600000023841858,0.15999132476113076,0.9256183107895166,True,0,Retro* unsolved; no predefined alert matched
GB-GA crossover,unsolved,C1=NCNN1c1ccc(Nc2nccc(-c3ccccc3)n2)cc1,0.7400000095367432,0.8399999737739563,0.7736188173294067,2.6297731399536133,0.8189140955607096,65.44,0.983693524889382,3.1976000000000013,0.9913606995416656,0.8579311867719772,0.7400000095367432,0.09702216291307734,1.0702289733416925,True,0,Retro* unsolved; no predefined alert matched
GB-GA crossover,unsolved,FC1=CC=C(Nc2nccc(-c3ccccc3)n2)C1,0.5,0.6899999976158142,0.9059388637542725,2.629678249359131,0.8189246389600966,37.81,0.7606717238535999,3.696500000000002,0.8978046958762482,0.7622233200100053,0.5,0.1391828484832879,0.8983050351616765,True,0,Retro* unsolved; no predefined alert matched
GB-GA crossover,unsolved,Cc1ccc(Nc2nccc(C3=CC=NC3)n2)cc1,0.5,0.8199999928474426,0.9106114506721497,2.6190192699432373,0.820108970006307,50.17,0.9477327533469039,2.9964200000000014,0.9999971519151669,0.8330750531313283,0.5,0.1624291310880964,0.9668321400225187,True,0,Retro* unsolved; no predefined alert matched
GB-GA crossover,unsolved,C1=CN(c2ccc(Nc3nccc(-c4ccccc4)n3)cc2)COC1,0.7699999809265137,0.7599999904632568,0.7769647240638733,2.611224889755249,0.8209750122494168,50.28,0.9488657073759718,4.195000000000004,0.7280839737434481,0.8008148981370802,0.7280839737434481,0.07164670996738602,1.012075419263376,True,0,Retro* unsolved; no predefined alert matched
GB-GA crossover,unsolved,COc1cc2c(cc1Cl)C(Nc1nccc(-c3ccc(Cl)cc3)n1)=NCC2,0.5199999809265137,0.6499999761581421,0.6825848817825317,2.6002962589263916,0.8221893045637343,59.4,0.9998000199986667,4.873800000000003,0.45829127747315807,0.6888109068171243,0.45829127747315807,0.18151469428220204,0.8081468206308515,True,0,Retro* unsolved; no predefined alert matched
GB-GA crossover,unsolved,C1=NCCC(Nc2ccc(Nc3nccc(-c4ccccc4)n3)cc2)=C1,0.7599999904632568,0.8199999928474426,0.708501935005188,2.595921754837036,0.8226753605736626,62.2,0.99731472293485,4.657500000000002,0.5430724730991604,0.7752607458205935,0.5430724730991604,0.13672279627887976,0.9245102081224535,True,0,Retro* unsolved; no predefined alert matched
GB-GA crossover,unsolved,FC1=C(c2ccnc(Nc3ccccc3)n2)C=CC1,0.5,0.8600000143051147,0.902093768119812,2.58632493019104,0.8237416744232178,37.81,0.7606717238535999,3.8607000000000014,0.8482132336701396,0.7824534023953141,0.5,0.13329837270231293,0.9191235651250829,True,0,Retro* unsolved; no predefined alert matched
GB-GA crossover,unsolved,c1ccc2c(c1)CC(c1ccnc(Nc3ccc(-n4cncn4)cc3)n1)=N2,0.7599999904632568,0.7200000286102295,0.6074143648147583,2.5698559284210205,0.8255715635087755,80.88000000000001,0.7848929028480565,3.477800000000001,0.9505336243719996,0.7747354124361795,0.6074143648147583,0.10392459451255893,0.9465672624293511,True,0,Retro* unsolved; no predefined alert matched
GB-GA crossover,unsolved,CN1C=C(Nc2nccc(-c3ccccc3)n2)CC1,0.5,0.6700000166893005,0.9115847945213318,2.5650711059570312,0.8261032104492188,41.05,0.8191390831189629,2.732400000000001,0.9842126672770825,0.7851732953426495,0.5,0.1596945855306831,0.9192038367895812,True,0,Retro* unsolved; no predefined alert matched
GB-GA crossover,unsolved,CC1=CC=C(Nc2nccc(-c3ccccc3)n2)CC1,0.5600000023841858,0.6800000071525574,0.9023231863975525,2.562352418899536,0.8264052867889404,37.81,0.7606717238535999,4.179500000000003,0.734063269718777,0.7439105793826023,0.5600000023841858,0.1081553649906664,0.9010950435987913,True,0,Retro* unsolved; no predefined alert matched
GB-GA crossover,unsolved,NC1=CC=C(c2ccnc(Nc3ccccc3)n2)C1,0.5099999904632568,0.7699999809265137,0.8788050413131714,2.5559401512145996,0.8271177609761556,63.83,0.9918837273606176,2.8499000000000008,0.9950058435871416,0.8288020574378095,0.5099999904632568,0.16422287039035424,0.9653797675377511,True,0,Retro* unsolved; no predefined alert matched
GB-GA crossover,unsolved,CC1=CC=C(Nc2nccc(-c3ccccc3)n2)C1,0.5,0.6700000166893005,0.8989109396934509,2.547135591506958,0.8280960453881158,37.81,0.7606717238535999,3.7894000000000014,0.870682142931814,0.7547268114260469,0.5,0.13645357356407542,0.8910814540696393,True,0,Retro* unsolved; no predefined alert matched
GB-GA crossover,unsolved,Clc1ccc(NC2=NCC(c3ccnc(Nc4ccccc4)n3)=N2)cc1,0.5699999928474426,0.800000011920929,0.7308968901634216,2.535979986190796,0.8293355570899116,74.56,0.8888967230871108,4.144400000000002,0.7474905353358201,0.761103285074106,0.5699999928474426,0.1000982539406706,0.9220934575342717,True,0,Retro* unsolved; no predefined alert matched
GB-GA crossover,unsolved,COc1cc2ncnc(Nc3ccc(F)c(Cl)c3)c2cc1OF,0.5199999809265137,0.7099999785423279,0.7624986171722412,2.4252965450286865,0.8416337172190348,56.27000000000001,0.9923004060225029,4.437800000000001,0.6316669032752511,0.7430166005263118,0.5199999809265137,0.15026230697400378,0.8839903641068655,True,0,Retro* unsolved; no predefined alert matched
GB-GA crossover,unsolved,COc1cc2ncnc(Nc3ccc(F)c(Cl)c3)c2cc1OCl,0.5199999809265137,0.6700000166893005,0.7356029152870178,2.4078075885772705,0.8435769346025255,56.27000000000001,0.9923004060225029,4.707100000000001,0.523301306532635,0.7141302600100826,0.5199999809265137,0.16864453728585893,0.8532658005594508,True,0,Retro* unsolved; no predefined alert matched
GB-GA crossover,unsolved,CCN(F)c1ccc(-c2ccnc(Nc3ccccc3)n2)cc1,0.5400000214576721,0.8600000143051147,0.6994804739952087,2.3468451499938965,0.850350538889567,41.050000000000004,0.819139083118963,4.598000000000003,0.5669594154217804,0.7226549245313844,0.5400000214576721,0.13077971096532293,0.8715769598721537,True,0,Retro* unsolved; no predefined alert matched
GB-GA crossover,unsolved,CN(F)CCNc1ccc(Nc2nccc(-c3ccccc3)n2)cc1,0.6499999761581421,0.7799999713897705,0.6354095339775085,2.3076629638671875,0.8547041151258681,53.08,0.9737472016818017,4.115400000000002,0.7584560084225709,0.7753861344592771,0.6354095339775085,0.11637690856399487,0.9543713037961301,True,0,Retro* unsolved; no predefined alert matched
