model,generation,smiles,drd2,qed,sa_raw,sa_norm,feasible,nondominated
PT-MOGA,30,c1ccc(COc2ccccc2)cc1,0.0,0.710982620716095,1.0865509510040283,0.9903832276662191,0,1
PT-MOGA,30,CCCN(CCC#N)C1CCc2c(O)cccc2C1,0.9900000095367432,0.8830645084381104,2.9919674396514893,0.7786702844831679,1,1
PT-MOGA,30,Cc1ccccc1,0.0,0.45880627632141113,1.0,1.0,0,1
PT-MOGA,30,Cc1cccc(C(=O)N2CCN(Cc3ccc(O)cc3)CC2)c1,0.0,0.9476718306541443,1.7106096744537354,0.9210433695051405,0,1
PT-MOGA,30,CCCNC1CCc2c(OC)cccc2C1,1.0,0.8399972915649414,2.500850200653076,0.8332388665941026,1,1
PT-MOGA,30,Cc1ccc(Cl)cc1,0.0,0.5015016794204712,1.033862829208374,0.9962374634212918,0,1
PT-MOGA,30,O=C(O)c1ccccc1,0.0,0.6106035113334656,1.0549172163009644,0.9938980870776706,0,1
PT-MOGA,30,c1ccc(CCN2CCCC2)cc1,0.05999999865889549,0.6811919808387756,1.3635995388031006,0.9596000512441,0,1
PT-MOGA,30,O=C(O)c1ccccc1,0.0,0.6106035113334656,1.0549172163009644,0.9938980870776706,0,1
PT-MOGA,30,c1cc(CCN2CCCC2)ccc1,0.05999999865889549,0.6811919808387756,1.3635995388031006,0.9596000512441,0,1
PT-MOGA,30,O=C(NCC=CCN1CCN(c2cccc(Cl)c2Cl)CC1)c1ccccc1,0.9900000095367432,0.7368004322052002,2.215508222579956,0.8649435308244493,1,1
PT-MOGA,30,O=C(NCC=CCN1CCN(c2cccc(Cl)c2Cl)CC1)c1ccccc1,0.9900000095367432,0.7368004322052002,2.215508222579956,0.8649435308244493,1,1
PT-MOGA,30,NC(=O)CCCN1CCN(c2cccc(Cl)c2Cl)CC1,0.9700000286102295,0.9072478413581848,1.9828498363494873,0.8907944626278348,1,1
PT-MOGA,30,Clc1cccc(N2CCN(CC=CCNC(=O)c3ccco3)CC2)c1Cl,0.9800000190734863,0.7596564292907715,2.4417881965637207,0.8398013114929199,1,1
PT-MOGA,30,CCCN(CCC#N)C1CCc2c(O)cccc2C1,0.9900000095367432,0.8830645084381104,2.9919674396514893,0.7786702844831679,1,1
PT-MOGA,30,Cc1ccc(Cl)cc1,0.0,0.5015016794204712,1.033862829208374,0.9962374634212918,0,1
PT-MOGA,30,Fc1ccc(N2CCN(CCc3ccccc3)CC2)cc1,0.5099999904632568,0.8505276441574097,1.5679254531860352,0.9368971718682183,1,1
PT-MOGA,30,Fc1ccc(CCN2CCN(c3ccccc3)CC2)cc1,0.5899999737739563,0.8505276441574097,1.5734014511108398,0.9362887276543511,1,1
PT-MOGA,30,c1ccc(N2CCN(Cc3ccccc3)CC2)cc1,0.12999999523162842,0.8282747864723206,1.385939598083496,0.9571178224351671,0,1
PT-MOGA,30,CCCN(CCc1ccccc1)C1CCc2c(cccc2O)C1,0.9800000190734863,0.8640376329421997,2.634603500366211,0.8183773888481988,1,1
PT-MOGA,30,Oc1ccc(C(=O)NCC=CCN2CCN(c3cccc(Cl)c3Cl)CC2)cc1,1.0,0.698434591293335,2.33099627494812,0.8521115250057645,1,1
PT-MOGA,30,CCCN(CCC)C1CCc2c(cccc2O)C1,1.0,0.8620217442512512,2.7878940105438232,0.8013451099395752,1,1
PT-MOGA,30,Oc1cccc(N2CCCN(Cc3ccccc3)CC2)c1,0.6299999952316284,0.9368128776550293,1.7022689580917358,0.9219701157675849,1,1
PT-MOGA,30,COc1ccccc1N1CCN(Cc2ccccc2)CC1,0.07999999821186066,0.8570875525474548,1.51675283908844,0.9425830178790622,0,1
PT-MOGA,30,Nc1ccccc1OCc1ccccc1,0.009999999776482582,0.7712967395782471,1.3845901489257812,0.9572677612304688,0,1
PT-MOGA,30,COc1cccc2c1-c1cccc3c1C(C2)N(CCN)CC3,0.8299999833106995,0.9457765221595764,2.879395008087158,0.7911783324347602,1,1
PT-MOGA,30,COc1cccc2c1CCC(NCc1ccc(C#N)cc1)C2,0.8500000238418579,0.9408188462257385,2.548506498336792,0.8279437224070231,1,1
PT-MOGA,30,COc1cccc2c1-c1cccc3c1C(C2)N(CCN)CC3,0.8299999833106995,0.9457765221595764,2.879395008087158,0.7911783324347602,1,1
PT-MOGA,30,COC(=O)CCCN1CCN(c2cccc(Cl)c2Cl)CC1,0.9700000286102295,0.7765908241271973,1.952510118484497,0.8941655423906114,1,1
PT-MOGA,30,Cc1ccc(N2CCN(CCc3cccc(O)c3)CC2)cc1,0.4300000071525574,0.9391083121299744,1.7738051414489746,0.9140216509501139,0,1
PT-MOGA,30,Clc1ccc(N2CCN(CCc3ccccc3)CC2)cc1,0.6700000166893005,0.8492392897605896,1.5621592998504639,0.9375378555721707,1,1
PT-MOGA,30,Cc1ccc(N2CCN(Cc3ccccc3)CC2)cc1,0.05000000074505806,0.84064781665802,1.4602148532867432,0.948865016301473,0,1
PT-MOGA,30,Cc1ccc(N2CCN(CCc3ccc(O)cc3)CC2)cc1,0.36000001430511475,0.9391083121299744,1.7121421098709106,0.9208730989032321,0,1
PT-MOGA,30,NCc1cccc(N2CCN(Cc3ccccc3)CC2)c1,0.27000001072883606,0.9342005848884583,1.676519513130188,0.9248311652077569,0,1
PT-MOGA,30,CCCN1CCN(c2ccccc2OC)CC1,0.8500000238418579,0.7942761778831482,1.6109092235565186,0.932121197382609,1,1
PT-MOGA,30,Oc1ccccc1N1CCN(Cc2ccccc2)CC1,0.17000000178813934,0.9269210696220398,1.5992302894592285,0.9334188567267524,0,1
PT-MOGA,30,Cc1ccc(N2CCN(CCc3ccccc3)CC2)cc1,0.3799999952316284,0.8471063375473022,1.5464036464691162,0.9392884837256538,0,1
PT-MOGA,30,CCCN1CCN(c2ccccc2OC)CC1,0.8500000238418579,0.7942761778831482,1.6109092235565186,0.932121197382609,1,1
PT-MOGA,30,Clc1ccccc1N1CCN(Cc2ccc(CN)cc2)CC1,0.3100000023841858,0.9406312704086304,1.746530294418335,0.9170521895090739,0,1
PT-MOGA,30,O=C(O)CCCN1CCN(c2cccc(Cl)c2Cl)CC1,0.9599999785423279,0.9066234230995178,1.9120737314224243,0.8986584742863973,1,1
PT-MOGA,30,CCCN(CCC)C1CCc2c(O)cccc2C1,1.0,0.8620217442512512,2.7878940105438232,0.8013451099395752,1,1
PT-MOGA,30,Clc1ccccc1N1CCN(Cc2ccccc2)CC1,0.20000000298023224,0.8495078682899475,1.51970636844635,0.9422548479504056,0,1
PT-MOGA,30,Cc1ccc(CCN2CCN(c3ccccc3)CC2)cc1,0.41999998688697815,0.8471063375473022,1.551879644393921,0.9386800395117866,0,1
PT-MOGA,30,CCCN1CCN(c2ccccc2)CC1,0.7900000214576721,0.7446258068084717,1.4843201637268066,0.9461866484747993,1,1
PT-MOGA,30,CCCN(CCc1ccccc1)C1CCc2c(O)cccc2C1,0.9800000190734863,0.8640376329421997,2.634603500366211,0.8183773888481988,1,1
PT-MOGA,30,Oc1ccc(N2CCCN(CCc3ccccc3)CC2)cc1,0.47999998927116394,0.9386934041976929,1.7082386016845703,0.9213068220350478,0,1
PT-MOGA,30,N#Cc1ccc(CCN2CCN(c3cccc(O)c3)CC2)cc1,0.7099999785423279,0.9431955814361572,1.9600601196289062,0.893326653374566,1,1
PT-MOGA,30,CCCN1CCCN(c2ccccc2OC)CC1,0.7699999809265137,0.8143839240074158,1.680871605873108,0.9243475993474325,1,1
PT-MOGA,30,Oc1cccc(CN2CCN(c3ccccc3)CC2)c1,0.3100000023841858,0.9269210696220398,1.629738688468933,0.930029034614563,0,1
PT-MOGA,30,COc1ccccc1N1CCCN(CCCO)CC1,0.8199999928474426,0.8759045004844666,1.778036117553711,0.9135515424940321,1,1
PT-MOGA,30,CCCN(CCCN)C1CCc2c(OC)cccc2C1CC,0.6200000047683716,0.7977843284606934,3.3501288890838623,0.7388745678795708,1,0
PT-MOGA,30,Clc1c(Cl)cccc1N1CCN(CC=CCNCc2ccc(O)cc2)CC1,0.800000011920929,0.5350077152252197,2.3793561458587646,0.8467382060156928,0,0
PT-MOGA,30,COc1cccc2c1CCC(N(CCCO)Cc1ccc(C#N)cc1)C2,0.7799999713897705,0.8322832584381104,2.8086273670196533,0.799041403664483,1,0
PT-MOGA,30,N,0.0,0.39755505323410034,6.667815208435059,0.37024275461832684,0,0
PT-MOGA,30,NCc1ccc(CN2CCN(c3ccccc3O)CC2)cc1,0.30000001192092896,0.9079806804656982,1.8198413848876953,0.908906512790256,0,0
PT-MOGA,30,CCN(CCC#N)C1CCc2c(F)cccc2C1,0.6200000047683716,0.8164284229278564,2.9691050052642822,0.7812105549706353,1,0
PT-MOGA,30,Oc1ccc(N2CCCN(c3cccc(O)c3)CC2)cc1,0.019999999552965164,0.8899903297424316,1.8750178813934326,0.9027757909562852,0,0
PT-MOGA,30,CCCN(CCCc1cccc(O)c1)C1CCc2c(OC)cccc2C1,0.9200000166893005,0.7525249123573303,2.7768514156341553,0.8025720649295383,1,0
PT-MOGA,30,Clc1cccc(N2CCN(CCCN3CCNCC3)CC2)c1Cl,0.9200000166893005,0.8737027049064636,2.1560328006744385,0.8715519110361735,1,0
PT-MOGA,30,COc1cccc2c1CCC(NCCCN(Cc1ccc(C#N)cc1)Cc1cccc(Cl)c1Cl)C2,0.7599999904632568,0.32159948348999023,2.995220184326172,0.7783088684082031,0,0
PT-MOGA,30,CO,0.0,0.3852843940258026,2.701044797897339,0.8109950224558512,0,0
PT-MOGA,30,Clc1cccc(N2CCN(CCCCNCCCC3CN3)CC2)c1Cl,0.9399999976158142,0.479340136051178,2.815042734146118,0.7983285850948758,0,0
PT-MOGA,30,NC(=O)c1ccc(O)cc1,0.0,0.5912712216377258,1.477100133895874,0.9469888740115695,0,0
PT-MOGA,30,Oc1ccc(N2CCCN(CC=CCN)CC2)cc1,0.14000000059604645,0.8049293160438538,2.278730630874634,0.8579188187917074,0,0
PT-MOGA,30,O=C(NC1CCc2c(O)cccc2C1)N1CCC(CCN2CCCC2)C1,0.38999998569488525,0.8711686134338379,3.153653144836426,0.760705206129286,0,0
PT-MOGA,30,N#CCCCCl,0.0,0.38415563106536865,2.7162623405456543,0.8093041843838162,0,0
PT-MOGA,30,Clc1cccc(N2CCN(CCCCNCc3ccc(O)cc3)CC2)c1Cl,0.9300000071525574,0.6358530521392822,2.0806024074554443,0.879933065838284,1,0
PT-MOGA,30,Cc1ccc(N2CCN(CCc3ccc(C)cc3)CC2)cc1,0.3700000047683716,0.8487291932106018,1.619768738746643,0.9311368068059286,0,0
PT-MOGA,30,Cl,0.0,0.36516430974006653,6.251046180725098,0.416550424363878,0,0
PT-MOGA,30,CN(Cc1ccccc1)Cc1ccc(OCCN2CCN(c3ccccc3)CC2)cc1,0.33000001311302185,0.5114310383796692,1.8893928527832031,0.9011785719129775,0,0
PT-MOGA,30,OCCCN1CCN(c2cccc(Cl)c2Cl)CC1,0.9599999785423279,0.9222788214683533,1.92183256149292,0.89757415983412,1,1
PT-MOGA,30,CCCN(C1CCc2c(C)cccc2C1)C1CCc2c(cccc2OC)C1,0.800000011920929,0.7300004363059998,3.3294003009796143,0.7411777443355985,1,0
PT-MOGA,30,O=Cc1ccc(CCN2CCCN(c3ccccc3)CC2)cc1,0.5799999833106995,0.7922489643096924,1.8268920183181763,0.9081231090757582,1,0
PT-MOGA,30,CCCN1CCCN(c2ccccc2Oc2ccccc2)CC1,0.5699999928474426,0.8137897849082947,1.7848913669586182,0.9127898481157091,1,0
PT-MOGA,30,O=[N+]1CCN(CCc2ccc(Cl)cc2)CC1,0.05999999865889549,0.7533906102180481,2.637542486190796,0.8180508348676894,0,0
PT-MOGA,30,NC1CCc2c(cccc2O)C1,0.46000000834465027,0.6035048365592957,2.7942581176757812,0.8006379869249132,0,0
PT-MOGA,30,CN(Cc1ccccc1)Cc1ccc(Cl)cc1,0.0,0.7879219651222229,1.418682336807251,0.9534797403547499,0,0
PT-MOGA,30,CCN1CCN(c2cccc(Cl)c2Cl)CC1,0.7699999809265137,0.8046532273292542,1.817028522491455,0.909219053056505,1,0
PT-MOGA,30,CCC1c2cccc(OC)c2CCC1N(CCC#N)CCCCN1CCN(c2ccccc2OC)CC1,0.7599999904632568,0.36431002616882324,3.4730141162872314,0.7252206537458632,0,0
PT-MOGA,30,Clc1ccc(CCN2CCCN(c3ccc(Cl)cc3)CC2)cc1,0.6299999952316284,0.7860943078994751,1.716853380203247,0.9203496244218614,1,0
PT-MOGA,30,CCCN(CCC#N)C1CCc2c(O)cccc2C1CC=CCNc1ccccc1,0.38999998569488525,0.5161879062652588,3.6469130516052246,0.7058985498216417,0,0
PT-MOGA,30,Clc1cccc(N2CCN(CCO)CC2)c1Cl,0.9399999976158142,0.9148616790771484,1.904948353767395,0.8994501829147339,1,1
PT-MOGA,30,Clc1cccc(N2CCN(CCCCNCC3CN(c4cccc(Cl)c4Cl)CC3)CC2)c1Cl,0.8999999761581421,0.3834925889968872,2.8767499923706055,0.7914722230699327,0,0
PT-MOGA,30,COc1cccc2c1-c1cccc3c1C(C2)N(CCNO)CC3,0.699999988079071,0.8525168895721436,3.074531078338623,0.7694965468512641,1,0
PT-MOGA,30,CO,0.0,0.3852843940258026,2.701044797897339,0.8109950224558512,0,0
PT-MOGA,30,CCCN(CCCN1CCN(c2cccc(Cl)c2Cl)CC1)C1CCc2c(O)cccc2C1,0.9399999976158142,0.5466330051422119,2.994168519973755,0.7784257200029161,0,0
PT-MOGA,30,CN(Cc1ccc(C#N)cc1)C1CCc2c(F)cccc2C1,0.5099999904632568,0.8630379438400269,2.7110791206359863,0.8098800977071127,1,0
PT-MOGA,30,CC(=O)NCCN1CCN(c2cccc(Cl)c2Cl)CC1,0.8600000143051147,0.9253670573234558,1.9540201425552368,0.893997761938307,1,1
PT-MOGA,30,[NH4+],0.0,0.3932132124900818,8.479573249816895,0.1689363055759006,0,0
PT-MOGA,30,CCN(CCC#N)C1CCc2c(O)cccc2C1,0.6000000238418579,0.8847995400428772,3.0056724548339844,0.7771475050184462,1,0
PT-MOGA,30,Oc1ccc(C(=O)NCCCN2CCN(c3cccc(Cl)c3Cl)CC2)cc1,0.9399999976158142,0.7171176671981812,1.9968328475952148,0.8892407947116427,1,0
PT-MOGA,30,Oc1cccc2c1CCC(N)C2,0.46000000834465027,0.6035048365592957,2.7942581176757812,0.8006379869249132,0,0
PT-MOGA,30,CCCN(C1CCc2c(cccc2OC)C1)CCCNC(=O)c1ccccc1,0.6000000238418579,0.6665422320365906,2.6328165531158447,0.818575938542684,1,0
PT-MOGA,30,COc1cccc2c1CCC(N(C)C(=O)CCCCN1CCN(c3ccccc3Cl)CC1)C2,0.8500000238418579,0.5267891883850098,2.838951587677002,0.7956720458136665,0,0
PT-MOGA,30,CCCN1CC1,0.05999999865889549,0.44621095061302185,1.5065065622329712,0.9437214930852255,0,0
PT-MOGA,30,CCCN1CCN(c2cccc(OC)c2C2CCc3c(cccc3O)C2)CC1,0.5,0.8431003093719482,2.8689310550689697,0.7923409938812256,1,0
PT-MOGA,30,CCN(CCC1CCc2c(cccc2O)C1)C(C)=O,0.27000001072883606,0.9050448536872864,2.908843517303467,0.7879062758551704,0,0
PT-MOGA,30,Br,0.0,0.3996557891368866,6.963984489440918,0.3373350567287869,0,0
PT-MOGA,30,CC(C)N1CCN(c2ccccc2)CC1,0.019999999552965164,0.7285560369491577,1.5722265243530273,0.9364192750718858,0,0
PT-MOGA,30,CCC(N(CCC#N)Cc1ccc(O)cc1)C1CCc2c(OC)cccc2C1CC,0.20000000298023224,0.5844108462333679,3.7209010124206543,0.6976776652865939,0,0
