generated_scaffold,nearest_reference_scaffold,max_tanimoto_similarity
O=C1CCCN1c1ccc(Nc2nccc(-c3cn[nH]c3)n2)c(CN2CCCCC2)n1,c1ccc(-c2noc(CN3CCCCC3)c2-c2ccnc(NC3CCCCC3)n2)cc1,0.25
c1cc(-c2cn(-c3ccnc(NC4CCOCC4)n3)cn2)ncn1,c1cnn2ncc(-c3ccnc(NC4CC4)n3)c2c1,0.25252525252525254
O=c1nc(-c2ccnc(N3CCCCC3)n2)ccn1-c1ccnc(NC2CC2)n1,c1ccc(-c2nn3ccccc3c2-c2ccnc(NC3CC3)n2)cc1,0.25688073394495414
O=c1nc(-c2cn[nH]c2)ccn1-c1ccnc(NC2CCOCC2)n1,c1ccn2c(-c3ccnc(NC4CCNCC4)n3)cnc2c1,0.25688073394495414
O=C1OCC(Nc2nccc(-c3ccsc3)n2)CC1CN1CCOC1=O,c1ccc(Cn2cc(-c3ccnc(NC4CCCCC4)n3)cn2)cc1,0.2608695652173913
O=c1cc(-c2ccnc(N3CCC3)n2)ccn1-c1ccnc(NC2CC2)n1,c1ccc(-c2nn3ccccc3c2-c2ccnc(NC3CC3)n2)cc1,0.2616822429906542
O=C(NC1=CCC=C1)NC1CCC(Nc2nccc(-c3ccsc3)n2)C1,c1ccc(Cn2cc(-c3ccnc(NC4CCCCC4)n3)cn2)cc1,0.2631578947368421
O=c1nc(-c2ccnc(NC3CCOCC3)n2)ccn1-c1ccnc(N2CC2)n1,c1ccc(-c2nn3ccccc3c2-c2ccnc(NC3CC3)n2)cc1,0.2636363636363636
O=C1CC(Nc2nccc(-c3cn[nH]c3)n2)CN1CCCC1CO1,c1ccc(Cn2cc(-c3ccnc(NC4CCCCC4)n3)cn2)cc1,0.26548672566371684
O=C1CCC1NC(=O)C1CC(Nc2nccc(-c3ccsc3)n2)CN1,c1ccc(-c2nc(C3CCNCC3)[nH]c2-c2ccnc(NC3CC3)n2)cc1,0.26548672566371684
O=c1nc(-c2nc(NC3CC3)ncc2-c2ccncn2)cc[nH]1,c1cnn2ncc(-c3ccnc(NC4CC4)n3)c2c1,0.26881720430107525
O=C1CCCN1c1ccn(C2CCC(Nc3nccc(-c4cn[nH]c4)n3)C2)c1,c1ccc(Cn2cc(-c3ccnc(NC4CCCCC4)n3)cn2)cc1,0.2689075630252101
O=C1CCCCN1CC1CC(Nc2nccc(-c3ccsc3)n2)CN1,c1ccc(Cn2cc(-c3ccnc(NC4CCCCC4)n3)cn2)cc1,0.26956521739130435
O=c1nc(-c2ccnc(NC3CCOCC3)n2)ccn1-c1ccnc(C2CC2)n1,c1cc(-c2cn[nH]c2C2CCCOC2)nc(NC2CCCCC2)n1,0.2702702702702703
c1cc(-c2ccsc2)nc(NC2CCC(CN3CCC(C4CSC4)C3)C2)n1,c1ccc(Cn2cc(-c3ccnc(NC4CCCCC4)n3)cn2)cc1,0.2719298245614035
O=C1C=C(NCC2CCC(Nc3nccc(-c4ccsc4)n3)C2)CNC1,c1ccc(Cn2cc(-c3ccnc(NC4CCCCC4)n3)cn2)cc1,0.2719298245614035
O=c1nc(-c2ccncn2)ccn1-c1ccnc(NC2CCC2)n1,c1cnc2[nH]cc(-c3ccnc(NC4CCCCC4)n3)c2c1,0.2727272727272727
c1cc(-c2c[nH]nc2Oc2ccnc(NC3CC3)n2)ncn1,c1cnn2ncc(-c3ccnc(NC4CC4)n3)c2c1,0.2736842105263158
O=C1CCN1c1ccc(Nc2nccc(-c3cc[nH]c3)n2)c(=O)[nH]1,c1ccc(Nc2nccc(-c3ccccc3)n2)cc1,0.27380952380952384
O=C1CCCN1C(=O)C1CC(Nc2nccc(-c3ccsc3)n2)CN1,c1ccc(Cn2cc(-c3ccnc(NC4CCCCC4)n3)cn2)cc1,0.2743362831858407
O=c1nc(-c2ccnc(C3CC3)n2)ccn1-c1ccnc(NC2CC2)n1,c1ccc(-c2nn3ccccc3c2-c2ccnc(NC3CC3)n2)cc1,0.27450980392156865
C1=CCC(Nc2nccc(-c3cscn3)n2)CC1,c1cnn2ncc(-c3ccnc(NC4CC4)n3)c2c1,0.27586206896551724
O=C1C=C(N2CC(Nc3nccc(-c4cn[nH]c4)n3)C2)CNC1,c1ccc(Cn2cc(-c3ccnc(NC4CCCCC4)n3)cn2)cc1,0.2761904761904762
O=c1nc(-c2ccnc(NC3CCOCC3)n2)ccn1-c1ccncn1,c1ccc(-c2nn3ccccc3c2-c2ccnc(NC3CC3)n2)cc1,0.2761904761904762
O=C1CCCN1CC1CC(Nc2nccc(-c3ccsc3)n2)CN1,c1ccc(Cn2cc(-c3ccnc(NC4CCCCC4)n3)cn2)cc1,0.2767857142857143
O=C(NC1CC(Nc2nccc(-c3ccsc3)n2)C1)C1CCCN1,c1ccc(Cn2cc(-c3ccnc(NC4CCCCC4)n3)cn2)cc1,0.2777777777777778
O=c1ccnc(NC2CCC(Nc3nccc(-c4ccsc4)n3)C2)[nH]1,c1cnn2ncc(-c3ccnc(NC4CC4)n3)c2c1,0.27835051546391754
O=c1nc(-c2ccnc(NC3CCSCC3)n2)ccn1-c1ccncn1,c1ccc(-c2nn3ccccc3c2-c2ccnc(NC3CC3)n2)cc1,0.27884615384615385
O=c1nc(-c2ccnc(NC3CC3)n2)ccn1CC1CCC(Cc2ccsc2)C1,c1ccc(-c2nn3ccccc3c2-c2ccnc(NC3CC3)n2)cc1,0.27927927927927926
O=c1cc(-c2ccncn2)ccn1-c1ccnc(NC2CC2)n1,c1ccc(-c2nn3ccccc3c2-c2ccnc(NC3CC3)n2)cc1,0.28
c1cc(-c2ccsc2)nc(NC2CNC(C3CO3)C2)n1,c1ccc(Cn2cc(-c3ccnc(NC4CCCCC4)n3)cn2)cc1,0.28
O=C1CC(CSCC2CCC(Nc3nccc(-c4ccsc4)n3)C2)C1,c1ccc(Cn2cc(-c3ccnc(NC4CCCCC4)n3)cn2)cc1,0.2803738317757009
O=C1C=C(NC2CCC(Nc3nccc(-c4ccsc4)n3)C2)CNC1,c1ccc(Cn2cc(-c3ccnc(NC4CCCCC4)n3)cn2)cc1,0.2803738317757009
c1cc(-c2ccsc2)nc(NC2CCC(CN3CCC(Cc4cn[nH]c4)C3)C2)n1,c1ccc(Cn2cc(-c3ccnc(NC4CCCCC4)n3)cn2)cc1,0.2809917355371901
c1cc(-c2cn[nH]c2)nc(NC2CCC(CNCC3CCOCC3)C2)n1,c1cc(-c2cn[nH]c2C2CCCOC2)nc(NC2CCCCC2)n1,0.2818181818181818
O=C1C=C(N2CCC(Nc3nccc(-c4ccsc4)n3)C2)CNC1,c1ccc(Cn2cc(-c3ccnc(NC4CCCCC4)n3)cn2)cc1,0.2818181818181818
O=c1cc(-c2c[nH]nc2-c2ccnc(NC3CCOCC3)n2)cc[nH]1,c1cnc2[nH]cc(-c3ccnc(NC4CCCCC4)n3)c2c1,0.2830188679245283
O=C1OCC(CN2CC(Nc3nccc(-c4ccsc4)n3)C2)CO1,c1ccc(Cn2cc(-c3ccnc(NC4CCCCC4)n3)cn2)cc1,0.2830188679245283
O=C1CC(CN2CC(Nc3nccc(-c4ccsc4)n3)CCC2=O)CO1,c1ccc(Cn2cc(-c3ccnc(NC4CCCCC4)n3)cn2)cc1,0.2831858407079646
c1cc(-n2cc(-c3ccnc(OC4CCOCC4)n3)cn2)nc(NC2CCOCC2)n1,c1ccc(Cn2cc(-c3ccnc(NC4CCCCC4)n3)cn2)cc1,0.2831858407079646
O=C1CCCN(CC2CCC(Nc3nccc(-c4ccsc4)n3)C2)C1,c1ccc(Cn2cc(-c3ccnc(NC4CCCCC4)n3)cn2)cc1,0.2831858407079646
c1cc(-c2ccoc2)nc(NC2CCC(CSCC3CC3)C2)n1,c1ccc(Cn2cc(-c3ccnc(NC4CCCCC4)n3)cn2)cc1,0.28431372549019607
O=C1CCC(Nc2nccc(-c3ccsc3)n2)CNC1,c1ccc(Cn2cc(-c3ccnc(NC4CCCCC4)n3)cn2)cc1,0.28431372549019607
O=c1cc(-c2cc(-c3ccnc(NC4CCOCC4)n3)n[nH]2)cc[nH]1,c1cc(-c2cn[nH]c2C2CCCOC2)nc(NC2CCCCC2)n1,0.28440366972477066
c1cc(-c2nc(NC3CC3)ncc2-c2ccn[nH]2)ncn1,c1cc(-c2cn[nH]c2C2CCCCC2)nc(NC2CCCC2)n1,0.2857142857142857
O=C1CCC(Nc2nccc(-c3ccsc3)n2)CN1CC1CN(CC2CC2)C1,c1ccc(Cn2cc(-c3ccnc(NC4CCCCC4)n3)cn2)cc1,0.2857142857142857
O=C1NCC(Nc2nccc(-c3ccsc3)n2)CCO1,c1ccc(Cn2cc(-c3ccnc(NC4CCCCC4)n3)cn2)cc1,0.2871287128712871
O=c1cc(-n2ccc(-c3ccnc(NC4CCOCC4)n3)n2)cc[nH]1,c1cnc2[nH]cc(-c3ccnc(NC4CCCCC4)n3)c2c1,0.28846153846153844
O=C1NCC(Nc2nccc(-c3ccsc3)n2)CO1,c1ccc(Cn2cc(-c3ccnc(NC4CCCCC4)n3)cn2)cc1,0.28865979381443296
O=C1CC(Nc2nccc(-c3cc[nH]c3)n2)CN1,c1cnc2[nH]cc(-c3ccnc(NC4CCCCC4)n3)c2c1,0.28888888888888886
c1cc(-c2ccc(OCC3CCOC3)cc2)nc(NC2CCOC2)n1,c1ccc(Cn2cc(-c3ccnc(NC4CCCCC4)n3)cn2)cc1,0.29
c1cc(-c2ccnc(NC3CCC4(CC4)C3)n2)ncn1,c1cnn2ncc(-c3ccnc(NC4CC4)n3)c2c1,0.29069767441860467
O=C1CCC(Nc2nccc(-c3cn[nH]c3)n2)CN1CCC1CO1,c1ccc(Cn2cc(-c3ccnc(NC4CCCCC4)n3)cn2)cc1,0.2909090909090909
O=C1CCOCC(Nc2nccc(-c3cn[nH]c3)n2)CN1CC1CC1,c1cc(-c2cn[nH]c2C2CCCOC2)nc(NC2CCCCC2)n1,0.2909090909090909
O=c1nc(-c2nc(NC3CC3)ncc2-c2ccnc(C3CC3)n2)cc[nH]1,c1cnn2ncc(-c3ccnc(NC4CC4)n3)c2c1,0.2916666666666667
O=c1nc(-c2cn[nH]c2)ccn1-c1ccnc(NC2CCC2)n1,c1cc(-c2cn[nH]c2C2CCCCC2)nc(NC2CCCC2)n1,0.2916666666666667
O=C1CC(Nc2nccc(-c3cn[nH]c3)n2)CS1,c1cc(-c2cn[nH]c2C2CCCCC2)nc(NC2CCCC2)n1,0.29213483146067415
c1cc(-c2cn[nH]c2)nc(NC2CCCCO2)n1,c1cc(-c2cn[nH]c2C2CCCCC2)nc(NC2CCCC2)n1,0.29213483146067415
O=c1[nH][nH]nc1-c1ccnc(NC2CC=CCC2)n1,c1cc(-c2cn[nH]c2C2CCCCC2)nc(NC2CCCC2)n1,0.29213483146067415
c1cc(-c2cn[nH]c2)nc(NC2CC3CCN(C4CCC4)C3C2)n1,c1cc(-c2cn[nH]c2C2CCCCC2)nc(NC2CCCC2)n1,0.29292929292929293
c1cc(-c2ccnc(-c3ccnc(NC4CCOCC4)n3)n2)ncn1,c1cc(-c2cn[nH]c2C2CCCOC2)nc(NC2CCCCC2)n1,0.29292929292929293
O=C1CCCN1C1CCC(Nc2nccc(-c3cn[nH]c3)n2)C1,c1cc(-c2cn[nH]c2C2CCCCC2)nc(NC2CCCC2)n1,0.29292929292929293
O=C1CC(Nc2nccc(-c3cn[nH]c3)n2)CN1CCC1CC1,c1cc(-c2cn[nH]c2C2CCCCC2)nc(NC2CCCC2)n1,0.29292929292929293
O=C1CCCN1C(=O)C1CCC(Nc2nccc(-c3ccsc3)n2)C1,c1ccc(Cn2cc(-c3ccnc(NC4CCCCC4)n3)cn2)cc1,0.29357798165137616
O=c1nc(-c2ccnc(NC3CCOCC3)n2)ccn1-c1cc[nH]n1,c1ccn2c(-c3ccnc(NC4CCNCC4)n3)cnc2c1,0.29411764705882354
C=C1CC(Nc2nccc(-c3cnoc3)n2)CO1,c1ccc(Cn2cc(-c3ccnc(NC4CCCCC4)n3)cn2)cc1,0.29473684210526313
O=C1CCC(=O)N1C1CCC(Nc2nccc(-c3cn[nH]c3)n2)C1,c1cnn2ncc(-c3ccnc(NC4CC4)n3)c2c1,0.29473684210526313
O=c1nc(-c2ccnc(NC3CCN(COC4CC4)CC3)n2)cc[nH]1,c1cc(-c2cn[nH]c2C2CCCCC2)nc(NC2CCCC2)n1,0.29473684210526313
O=C1CC(Nc2nccc(-c3cnoc3)n2)CO1,c1ccc(Cn2cc(-c3ccnc(NC4CCCCC4)n3)cn2)cc1,0.29473684210526313
N=C1CC(Nc2nccc(-c3ccsc3)n2)CO1,c1ccc(Cn2cc(-c3ccnc(NC4CCCCC4)n3)cn2)cc1,0.29473684210526313
c1cc(-c2ccsc2)nc(NC2CCN(C3CCNC3)C2)n1,c1ccc(Cn2cc(-c3ccnc(NC4CCCCC4)n3)cn2)cc1,0.29523809523809524
O=C1CCC(Nc2nccc(-c3cn[nH]c3)n2)CN1CC1CO1,c1ccc(Cn2cc(-c3ccnc(NC4CCCCC4)n3)cn2)cc1,0.2962962962962963
O=C1C=C(Nc2nccc(-c3cnn(CC4CCC4)c3)n2)CN1C1CCCNC1,c1ccc(Cn2cc(-c3ccnc(NC4CCCCC4)n3)cn2)cc1,0.2966101694915254
O=C1CNCC(Nc2nccc(-c3cn[nH]c3)n2)C1,c1cc(-c2cn[nH]c2C2CCCCC2)nc(NC2CCCC2)n1,0.2967032967032967
c1cc(-c2ccnc(NC3CCN(C4CCOCC4)CC3)n2)ncn1,c1cc(-c2cn[nH]c2C2CCCOC2)nc(NC2CCCCC2)n1,0.297029702970297
O=C1C=CCC(Nc2nccc(-c3ccsc3)n2)CO1,c1ccc(Cn2cc(-c3ccnc(NC4CCCCC4)n3)cn2)cc1,0.297029702970297
c1cc(-c2cn[nH]c2)nc(NC2CCC3(CCNC3)C2)n1,c1ccn2c(-c3ccnc(NC4CCNCC4)n3)cnc2c1,0.297029702970297
O=c1nc(-c2cn[nH]c2Oc2ccnc(NC3CCOCC3)n2)cc[nH]1,c1cc(-c2cn[nH]c2C2CCCOC2)nc(NC2CCCCC2)n1,0.2972972972972973
O=c1nc(-c2cnn(-c3ccnc(NC4CC4)n3)c2)cc[nH]1,c1cnn2ncc(-c3ccnc(NC4CC4)n3)c2c1,0.2978723404255319
C=C1CC(Nc2nccc(-c3ccsc3)n2)CN1,c1ccc(Cn2cc(-c3ccnc(NC4CCCCC4)n3)cn2)cc1,0.2978723404255319
O=c1nc(-c2ccnc(NC3CC3)n2)ccn1-c1ccnc(NCC2CC2)n1,c1ccc(-c2nn3ccccc3c2-c2ccnc(NC3CC3)n2)cc1,0.2980769230769231
C=C1CC(Nc2nccc(-c3cn[nH]c3)n2)CN1,c1cc(-c2cn[nH]c2C2CCCCC2)nc(NC2CCCC2)n1,0.2988505747126437
O=C1CCC(Nc2nccc(-c3ccsc3)n2)CO1,c1ccc(Cn2cc(-c3ccnc(NC4CCCCC4)n3)cn2)cc1,0.29896907216494845
O=C1CC(Nc2nccc(-c3ccsc3)n2)CCN1,c1ccc(Cn2cc(-c3ccnc(NC4CCCCC4)n3)cn2)cc1,0.29896907216494845
C1=CC2(CCC(Nc3nccc(-c4cn[nH]c4)n3)C1)CC2,c1ccc(Cn2cc(-c3ccnc(NC4CCCCC4)n3)cn2)cc1,0.3
O=c1nc(-c2ccnc(NC3CCSCC3)n2)ccn1-c1ccnc(NC2CCC2)n1,c1cnc2[nH]cc(-c3ccnc(NC4CCCCC4)n3)c2c1,0.3
O=C1CCC(Nc2nccc(-c3cc[nH]c3)n2)C1,c1cnc2[nH]cc(-c3ccnc(NC4CCCCC4)n3)c2c1,0.3
O=C1CC(Nc2nccc(-c3ccsc3)n2)CN1CC1CC1,c1ccc(Cn2cc(-c3ccnc(NC4CCCCC4)n3)cn2)cc1,0.30097087378640774
c1cc(-c2ccnn2CC2CCOCC2)nc(NC2CCCNC2)n1,c1ccn2c(-c3ccnc(NC4CCNCC4)n3)cnc2c1,0.3018867924528302
O=C1OCC(Nc2nccc(-c3ccsc3)n2)CN1CC1CC1,c1ccc(Cn2cc(-c3ccnc(NC4CCCCC4)n3)cn2)cc1,0.3018867924528302
c1cc(-c2ccsc2)nc(NC2CCN(CC3CCNCC3)C2)n1,c1ccc(Cn2cc(-c3ccnc(NC4CCCCC4)n3)cn2)cc1,0.3018867924528302
O=C1CCC(Nc2nccc(-c3cn[nH]c3)n2)CN1CCC1CC1,c1ccc(Cn2cc(-c3ccnc(NC4CCCCC4)n3)cn2)cc1,0.3018867924528302
O=C1CCC(Nc2nccc(-c3cc[nH]c3)n2)CCO1,c1cnc2[nH]cc(-c3ccnc(NC4CCCCC4)n3)c2c1,0.3020833333333333
c1cc(-c2ccsc2)nc(NC2CCN(CC3CCCNC3)C2)n1,c1ccc(Cn2cc(-c3ccnc(NC4CCCCC4)n3)cn2)cc1,0.30275229357798167
O=c1nc(-c2ccnc(NC3CCN(CC4CC4)CC3)n2)ccn1CC1CC1,c1ccc(-c2nn3ccccc3c2-c2ccnc(NC3CC3)n2)cc1,0.30303030303030304
O=c1nc(-c2ccnc(NC3CCC3)n2)ccn1-c1ccn(C2CC2)c(=O)n1,c1cnc2[nH]cc(-c3ccnc(NC4CCCCC4)n3)c2c1,0.30303030303030304
c1cc(-c2ncn(-c3ccnc(NC4CC4)n3)n2)ncn1,c1cnn2ncc(-c3ccnc(NC4CC4)n3)c2c1,0.30337078651685395
c1cc(-c2ccnc(N3CCOCC3)n2)nc(NC2CCOCC2)n1,c1cnn2ncc(-c3ccnc(NC4CC4)n3)c2c1,0.30337078651685395
O=c1nc(-c2ccnc(NC3CCOCC3)n2)ccn1-c1ccccn1,c1ccc(-c2nn3ccccc3c2-c2ccnc(NC3CC3)n2)cc1,0.30392156862745096
c1csc(CC2CC(Nc3nccc(-c4cn[nH]c4)n3)C2)c1,c1ccc(Cn2cc(-c3ccnc(NC4CCCCC4)n3)cn2)cc1,0.30392156862745096
c1cc(-c2cc(-c3ccnc(NC4CCOCC4)n3)n[nH]2)ncn1,c1cc(-c2cn[nH]c2C2CCCOC2)nc(NC2CCCCC2)n1,0.30392156862745096
c1cnc(-n2cnc(-c3ccnc(NC4CCOCC4)n3)c2)nc1,c1cnn2ncc(-c3ccnc(NC4CC4)n3)c2c1,0.30434782608695654
c1cc(-c2cnc(NC3CC3)nc2-c2ccncn2)ncn1,c1cnn2ncc(-c3ccnc(NC4CC4)n3)c2c1,0.3048780487804878
O=C1NCCN1c1ccc(Nc2nccc(-c3cn[nH]c3)n2)cn1,c1ccc(Nc2nccc(-c3ccccc3)n2)cc1,0.3048780487804878
c1cc(-c2cn[nH]c2)nc(NC2CCC3(CCCC3)C2)n1,c1cnc2[nH]cc(-c3ccnc(NC4CCCCC4)n3)c2c1,0.30526315789473685
c1cc(-c2cn[nH]c2)nc(NC2CC3(CC3)C2)n1,c1cc(-c2cn[nH]c2C2CCCCC2)nc(NC2CCCC2)n1,0.3058823529411765
C1=CCC(Nc2nccc(-c3cnc(N4CCOCC4)nc3)n2)C1,c1ccc(Cn2cc(-c3ccnc(NC4CCCCC4)n3)cn2)cc1,0.30612244897959184
O=c1nc(-c2ccnc(NC3CC3)n2)ccn1-c1ccnc(CN2CCC2)n1,c1cnn2ncc(-c3ccnc(NC4CC4)n3)c2c1,0.30612244897959184
c1cc(-c2cn[nH]c2)nc(NC2CC(NCC3CC3)C2)n1,c1ccc(Cn2cc(-c3ccnc(NC4CCCCC4)n3)cn2)cc1,0.30612244897959184
c1cc(-c2cn[nH]c2)nc(NC2CCC3(CC3)C2)n1,c1cc(-c2cn[nH]c2C2CCCCC2)nc(NC2CCCC2)n1,0.3068181818181818
c1cc(-c2cnn(-c3ccnc(NC4CCOCC4)n3)c2)ncn1,c1ccc(Cn2cc(-c3ccnc(NC4CCCCC4)n3)cn2)cc1,0.3076923076923077
O=C1CCC(CSc2cc(-c3ccnc(NC4CC4)n3)cnn2)N1,c1ccc(Cn2cc(-c3ccnc(NC4CCCCC4)n3)cn2)cc1,0.308411214953271
c1cc(-c2ccsc2)nc(NC2CCC(CSc3cn[nH]c3)CC2)n1,c1ccc(Cn2cc(-c3ccnc(NC4CCCCC4)n3)cn2)cc1,0.308411214953271
c1cc(-c2cc(-c3ccnc(N4CCOCC4)n3)[nH]n2)nc(NC2CC2)n1,c1cc(-c2cn[nH]c2C2CCCOC2)nc(NC2CCCCC2)n1,0.308411214953271
O=C1CCCC1N1CCCC(Nc2nccc(-c3cn[nH]c3)n2)C1,c1ccc(Cn2cc(-c3ccnc(NC4CCCCC4)n3)cn2)cc1,0.308411214953271
c1cc(-c2nccc(NC3CCOCC3)n2)nc(NC2CCOCC2)n1,c1cc(-c2cn[nH]c2C2CCCOC2)nc(NC2CCCCC2)n1,0.30851063829787234
C1=CNCC(Nc2nccc(-c3cn[nH]c3)n2)C1,c1ccc(Cn2cc(-c3ccnc(NC4CCCCC4)n3)cn2)cc1,0.30851063829787234
c1cc(-c2cn[nH]c2)nc(NC2CCC(c3cnc[nH]3)C2)n1,c1cc(-c2cn[nH]c2C2CCCCC2)nc(NC2CCCC2)n1,0.30851063829787234
O=C1CCC2(CCC(Nc3nccc(-c4cn[nH]c4)n3)CC2)C1,c1cc(-c2cn[nH]c2C2CCCCC2)nc(NC2CCCC2)n1,0.30851063829787234
c1cc(-c2cn[nH]c2)nc(NC2CCC(CSCC3CC3)C2)n1,c1cc(-c2cn[nH]c2C2CCCCC2)nc(NC2CCCC2)n1,0.30851063829787234
c1cc(-c2ccsc2)nc(NC2CC3CNC3C2)n1,c1ccc(Cn2cc(-c3ccnc(NC4CCCCC4)n3)cn2)cc1,0.30851063829787234
O=S1CCC(Nc2nccc(-c3ccsc3)n2)C1,c1ccc(Cn2cc(-c3ccnc(NC4CCCCC4)n3)cn2)cc1,0.30851063829787234
c1cc(-c2cn[nH]c2)nc(Nc2ccc(C3CCCN3)nc2)n1,c1ccc(Nc2nccc(-c3ccccc3)n2)cc1,0.30864197530864196
c1cc(-c2ccc(OCC3CCOC3)cc2)nc(NC2CCOCC2)n1,c1ccc(Cn2cc(-c3ccnc(NC4CCCCC4)n3)cn2)cc1,0.31
O=C1CCC(Nc2nccc(-c3cn[nH]c3)n2)C1,c1cc(-c2cn[nH]c2C2CCCCC2)nc(NC2CCCC2)n1,0.3103448275862069
c1cc(-c2cn[nH]c2)nc(NC2CCN(CCC3CC3)C2)n1,c1ccc(Cn2cc(-c3ccnc(NC4CCCCC4)n3)cn2)cc1,0.3106796116504854
c1cc(-c2ccsc2)nc(NC2CCC(CN3CCCC3)C2)n1,c1ccc(Cn2cc(-c3ccnc(NC4CCCCC4)n3)cn2)cc1,0.3106796116504854
O=c1nc(-c2ccnc(NC3CCOC3)n2)ccn1-c1ccnc(NC2CC2)n1,c1ccc(-c2nn3ccccc3c2-c2ccnc(NC3CC3)n2)cc1,0.3106796116504854
c1cc(-c2ccsc2)nc(NC2CCC(CN3CCC3)OC2)n1,c1ccc(Cn2cc(-c3ccnc(NC4CCCCC4)n3)cn2)cc1,0.3106796116504854
O=C1CCCN1C(=O)CC1CC(Nc2nccc(-c3ccccc3)n2)CN1,c1ccc(Nc2nccc(-c3ccccc3)n2)cc1,0.3111111111111111
O=C1CCC(Nc2nccc(-c3ccsc3)n2)CN1CCC1CCC1,c1ccc(Cn2cc(-c3ccnc(NC4CCCCC4)n3)cn2)cc1,0.3113207547169811
c1cc(-c2ccsc2)nc(NC2CCN(CC3CCCN3)C2)n1,c1ccc(Cn2cc(-c3ccnc(NC4CCCCC4)n3)cn2)cc1,0.3113207547169811
O=C1COC(CN2CCC(Nc3nccc(-c4cn[nH]c4)n3)CC2)C1,c1ccc(Cn2cc(-c3ccnc(NC4CCCCC4)n3)cn2)cc1,0.3113207547169811
O=C1CCC(CSc2cc(-c3ccnc(NC4CC4)n3)cnn2)C1,c1ccc(Cn2cc(-c3ccnc(NC4CCCCC4)n3)cn2)cc1,0.3113207547169811
C1=CCC(Nc2nccc(-c3cc[nH]c3)n2)CC1,c1ccc(Cn2cc(-c3ccnc(NC4CCCCC4)n3)cn2)cc1,0.3118279569892473
c1cc(-c2cn[nH]c2)nc(NC2CCC3CCNC3C2)n1,c1cc(-c2cn[nH]c2C2CCCCC2)nc(NC2CCCC2)n1,0.3118279569892473
c1cc(-c2ccnc(NC3CCC4(CC4)C3)n2)cnn1,c1ccc(Cn2cc(-c3ccnc(NC4CCCCC4)n3)cn2)cc1,0.3118279569892473
C1=CCC(Nc2nccc(-c3ccnc(NC4CCOCC4)n3)n2)CC1,c1cc(-c2cn[nH]c2C2CCCOC2)nc(NC2CCCCC2)n1,0.3118279569892473
C=C1CCC(Nc2nccc(-c3ccsc3)n2)C1,c1ccc(Cn2cc(-c3ccnc(NC4CCCCC4)n3)cn2)cc1,0.3118279569892473
S=C1CCC(Nc2nccc(-c3ccsc3)n2)CN1,c1ccc(Cn2cc(-c3ccnc(NC4CCCCC4)n3)cn2)cc1,0.3118279569892473
O=C1CCC(Nc2nccc(-c3cnoc3)n2)C1,c1ccc(Cn2cc(-c3ccnc(NC4CCCCC4)n3)cn2)cc1,0.3118279569892473
c1cc(-c2c[nH]nc2-c2ccsc2)nc(NC2CCNC2)n1,c1cnn2ncc(-c3ccnc(NC4CC4)n3)c2c1,0.3125
O=c1nc(-c2ccnc(NC3CCOCC3)n2)ccn1C1CCC1,c1cc(-c2cn[nH]c2C2CCCOC2)nc(NC2CCCCC2)n1,0.31313131313131315
O=c1nc(-c2ccnc(NC3CC3)n2)ccn1-c1ccnc(C2CC2)n1,c1ccc(-c2nn3ccccc3c2-c2ccnc(NC3CC3)n2)cc1,0.31313131313131315
O=C1CCC(Nc2nccc(-c3ccsn3)n2)CC1,c1cnn2ncc(-c3ccnc(NC4CC4)n3)c2c1,0.3132530120481928
C=C1CC(Nc2nccc(-c3cn[nH]c3)n2)C1,c1cc(-c2cn[nH]c2C2CCCCC2)nc(NC2CCCC2)n1,0.3132530120481928
O=C1CC(Nc2nccc(-c3cn[nH]c3)n2)C1,c1cc(-c2cn[nH]c2C2CCCCC2)nc(NC2CCCC2)n1,0.3132530120481928
O=C1CCCN1c1ccc(-c2ccnc(NC3CCC(C4CCCC4)C3)n2)cc1,O=C1CCCN1c1ccc(Nc2nccc(Nc3ccccc3)n2)cc1,0.3137254901960784
c1cc(-c2ccsc2)nc(NC2CCCC(CSCC3CCCC3)C2)n1,c1ccc(Cn2cc(-c3ccnc(NC4CCCCC4)n3)cn2)cc1,0.3142857142857143
C=C1CC(Nc2nccc(-c3ccsc3)n2)C1,c1ccc(Cn2cc(-c3ccnc(NC4CCCCC4)n3)cn2)cc1,0.3146067415730337
c1cc(-c2cn[nH]c2)nc(NC2CCN(C3CCC4(CC3)CC4)CC2)n1,c1cc(-c2cn[nH]c2C2CCCCC2)nc(NC2CCCC2)n1,0.3157894736842105
c1cc(-c2ccsc2)nc(NC2CC(CNC3CC3)C2)n1,c1ccc(Cn2cc(-c3ccnc(NC4CCCCC4)n3)cn2)cc1,0.3157894736842105
O=C1CCC(Nc2nccc(-c3ccsc3)n2)CN1,c1ccc(Cn2cc(-c3ccnc(NC4CCCCC4)n3)cn2)cc1,0.3157894736842105
O=c1nc(-c2ccnc(NC3CCC3)n2)ccn1-c1ccncn1,c1cnc2[nH]cc(-c3ccnc(NC4CCCCC4)n3)c2c1,0.3157894736842105
c1cc(-c2ccsc2)nc(NC2CCN(CC3CO3)C2)n1,c1ccc(Cn2cc(-c3ccnc(NC4CCCCC4)n3)cn2)cc1,0.31683168316831684
O=c1nc(-c2ccnc(C3CC3)n2)ccn1-c1ccnc(NC2CCCCC2)n1,c1cnc2[nH]cc(-c3ccnc(NC4CCCCC4)n3)c2c1,0.31683168316831684
c1cc(-c2cn[nH]c2)nc(NC2CCN(C3=NCCC3)C2)n1,c1ccc(Cn2cc(-c3ccnc(NC4CCCCC4)n3)cn2)cc1,0.3173076923076923
c1cc(-c2ccsc2)nc(NC2CCCC(CN3CCCC3)C2)n1,c1ccc(Cn2cc(-c3ccnc(NC4CCCCC4)n3)cn2)cc1,0.3173076923076923
C1=CCC(Nc2nccc(-c3ccn[nH]3)n2)CC1,c1cc(-c2cn[nH]c2C2CCCCC2)nc(NC2CCCC2)n1,0.3176470588235294
c1cc(-c2cn[nH]c2)nc(NC2CC3(CCCCC3)C2)n1,c1cc(-c2cn[nH]c2C2CCCCC2)nc(NC2CCCC2)n1,0.3181818181818182
c1cnc(-c2ccnc(NC3CCOCC3)n2)nn1,c1cc(-c2cn[nH]c2C2CCCOC2)nc(NC2CCCCC2)n1,0.31868131868131866
O=c1nc(-c2cc(-c3ccnc(NC4CC4)n3)n[nH]2)cc[nH]1,c1cc(-c2cn[nH]c2C2CCCCC2)nc(NC2CCCC2)n1,0.31868131868131866
c1cc(-c2ccnc(NC3CCOCC3)n2)cc(NC2CCOCC2)n1,c1ccc(Cn2cc(-c3ccnc(NC4CCCCC4)n3)cn2)cc1,0.3191489361702128
O=c1nc(-c2cc(-c3ccnc(NC4CC4)n3)ccn2)cc[nH]1,c1ccc(-c2nc(C3CCNCC3)[nH]c2-c2ccnc(NC3CC3)n2)cc1,0.31958762886597936
c1cc(-c2cn[nH]c2)nc(NC2CCN(C3CC3)C2)n1,c1ccc(Cn2cc(-c3ccnc(NC4CCCCC4)n3)cn2)cc1,0.31958762886597936
c1cc(-c2cn[nH]c2)nc(NC2CC3CCN(C4CCCCC4)C3C2)n1,c1cc(-c2cn[nH]c2C2CCCCC2)nc(NC2CCCC2)n1,0.32
c1cc(-c2cn[nH]c2)nc(NC2CCC3(CCOC3)CC2)n1,c1cc(-c2cn[nH]c2C2CCCOC2)nc(NC2CCCCC2)n1,0.32
O=c1nc(-c2ccnc(NC3CC3)n2)ccn1-c1cncc(NC2CC2)n1,c1ccn2c(-c3ccnc(NC4CCNCC4)n3)cnc2c1,0.32
c1cc(-c2cnnc(SCCC3COC3)c2)nc(NC2CC2)n1,c1ccc(Cn2cc(-c3ccnc(NC4CCCCC4)n3)cn2)cc1,0.32038834951456313
c1cc(-c2cn[nH]c2)nc(Nc2ccc(N3CCCC3)nc2)n1,c1ccc(Nc2nccc(-c3ccccc3)n2)cc1,0.32051282051282054
C1=C(CN2CCC(Nc3nccc(-c4cn[nH]c4)n3)C2)CCC1,c1ccc(Cn2cc(-c3ccnc(NC4CCCCC4)n3)cn2)cc1,0.32075471698113206
O=C1CCC(Nc2nccc(-c3ccnc(NC4CCOCC4)n3)n2)C1,c1cnn2ncc(-c3ccnc(NC4CC4)n3)c2c1,0.32142857142857145
c1cc(-c2cn[nH]c2)nc(NC2CCC(CN3CCCCC3)C2)n1,c1ccc(-c2noc(CN3CCCCC3)c2-c2ccnc(NC3CCCCC3)n2)cc1,0.32142857142857145
c1cc(-c2cn[nH]c2)nc(NC2CCC(NC3CC3)C2)n1,c1cc(-c2cn[nH]c2C2CCCCC2)nc(NC2CCCC2)n1,0.3218390804597701
c1cc(-c2ccsc2)nc(NC2CNC2)n1,c1ccc(Cn2cc(-c3ccnc(NC4CCCCC4)n3)cn2)cc1,0.3218390804597701
c1cc(-c2ccnc(NC3CCCSCC3)n2)ncn1,c1cc(-c2cn[nH]c2C2CCCCC2)nc(NC2CCCC2)n1,0.3218390804597701
S=C1CCC(Nc2nccc(-c3cn[nH]c3)n2)C1,c1ccc(Cn2cc(-c3ccnc(NC4CCCCC4)n3)cn2)cc1,0.3225806451612903
c1cc(-c2cn[nH]c2)nc(NC2CN(C3CC3)C2)n1,c1ccc(Cn2cc(-c3ccnc(NC4CCCCC4)n3)cn2)cc1,0.3225806451612903
O=C(C1CCC1)N1CCC(Nc2nccc(-c3cc[nH]c(=O)n3)n2)CC1,c1cc(-c2cn[nH]c2C2CCCCC2)nc(NC2CCCC2)n1,0.3225806451612903
c1cc(-c2cc(-c3ccnc(N4CCC4)n3)n[nH]2)nc(NC2CC2)n1,c1cc(-c2cn[nH]c2C2CCCCC2)nc(NC2CCCC2)n1,0.3225806451612903
C=C1CC2(CCC(Nc3nccc(-c4cn[nH]c4)n3)CC2)C1,c1cnc2[nH]cc(-c3ccnc(NC4CCCCC4)n3)c2c1,0.3225806451612903
c1cc(-c2ccn(C3CC3)n2)nc(NC2CCOCC2)n1,c1ccc(-c2nn3ccccc3c2-c2ccnc(NC3CC3)n2)cc1,0.3225806451612903
O=c1nc(-c2ccnc(NC3CC3)n2)ccn1COCC1CC1,c1ccc(-c2nn3ccccc3c2-c2ccnc(NC3CC3)n2)cc1,0.3229166666666667
c1cc(-c2ccsc2)nc(NC2CCC(C3CCCC3)C2)n1,c1ccc(Cn2cc(-c3ccnc(NC4CCCCC4)n3)cn2)cc1,0.3229166666666667
O=c1nc(-c2ccnc(NC3CC3)n2)ccn1CCCC1CC1,c1ccc(-c2nn3ccccc3c2-c2ccnc(NC3CC3)n2)cc1,0.3229166666666667
c1cc(-c2nccc(-c3cn[nH]c3)n2)nc(NC2CCOCC2)n1,c1cc(-c2cn[nH]c2C2CCCOC2)nc(NC2CCCCC2)n1,0.32323232323232326
c1cc(-c2cn[nH]c2)nc(NC2CCC3(CCOCC3)CC2)n1,c1cc(-c2cn[nH]c2C2CCCOC2)nc(NC2CCCCC2)n1,0.32323232323232326
c1cc(-c2cn[nH]c2)nc(NC2CCN(CC3CC3)C2)n1,c1ccc(Cn2cc(-c3ccnc(NC4CCCCC4)n3)cn2)cc1,0.32323232323232326
c1cc(-c2cn[nH]c2)nc(NC2CCC(CN3CCNC3)CC2)n1,c1ccn2c(-c3ccnc(NC4CCNCC4)n3)cnc2c1,0.3235294117647059
c1cc(-c2ccsc2)nc(NC2CCCC(CN3CCC3)C2)n1,c1ccc(Cn2cc(-c3ccnc(NC4CCCCC4)n3)cn2)cc1,0.3235294117647059
c1cc(-c2ccsc2)nc(NC2CCC(CNC3CCCC3)C2)n1,c1ccc(Cn2cc(-c3ccnc(NC4CCCCC4)n3)cn2)cc1,0.3235294117647059
O=C1CCCC(Nc2nccc(-c3cn[nH]c3)n2)CN1CC1CC1,c1ccc(Cn2cc(-c3ccnc(NC4CCCCC4)n3)cn2)cc1,0.3238095238095238
O=C1CCC(COc2ccc(-c3ccnc(NC4CCCOC4)n3)cc2)CO1,c1cc(-c2cn[nH]c2C2CCCOC2)nc(NC2CCCCC2)n1,0.32407407407407407
O=C1OCC1CN1CCCCC(Nc2nccc(-c3ccsc3)n2)C1,c1ccc(Cn2cc(-c3ccnc(NC4CCCCC4)n3)cn2)cc1,0.32407407407407407
O=C1CCCN1CC1CC(C(=O)N2CCC(Nc3nccc(-c4ccccc4)n3)C2)C1,c1ccc(Cn2cc(-c3ccnc(NC4CCCCC4)n3)cn2)cc1,0.32456140350877194
c1cc(-c2cn[nH]c2)nc(NC2CNC2)n1,c1cc(-c2cn[nH]c2C2CCCCC2)nc(NC2CCCC2)n1,0.325
c1cnc(NC2CCC(Nc3nccc(-c4cn[nH]c4)n3)C2)nc1,c1cnn2ncc(-c3ccnc(NC4CC4)n3)c2c1,0.32558139534883723
O=C1CCC(Nc2nccc(-c3c[nH]cn3)n2)CC1,c1cnc2[nH]cc(-c3ccnc(NC4CCCCC4)n3)c2c1,0.32558139534883723
C=C1CCCC(Nc2nccc(-c3cn[nH]c3)n2)C1,c1cc(-c2cn[nH]c2C2CCCCC2)nc(NC2CCCC2)n1,0.3258426966292135
c1cc(-c2ccnc(NC3CCC(CN4CCC4)CC3)n2)ncn1,c1cnn2ncc(-c3ccnc(NC4CC4)n3)c2c1,0.3258426966292135
C1=CC(n2cnc(-c3ccnc(NC4CCC4)n3)c2)CC1,c1cnc2[nH]cc(-c3ccnc(NC4CCCCC4)n3)c2c1,0.32608695652173914
c1cc(-c2ccnc(C3CC3)n2)nc(NC2CCOC2)n1,c1cc(-c2cn[nH]c2C2CCCOC2)nc(NC2CCCCC2)n1,0.32608695652173914
O=c1nc(-c2ccnc(NC3CC3)n2)ccn1-c1ncon1,c1ccc(-c2nn3ccccc3c2-c2ccnc(NC3CC3)n2)cc1,0.3263157894736842
O=c1nc(-c2ccnc(NC3CC3)n2)ccn1-c1ccncn1,c1ccc(-c2nn3ccccc3c2-c2ccnc(NC3CC3)n2)cc1,0.3263157894736842
O=c1nc(-c2ccncn2)ccn1-c1ccnc(NC2CCCCC2)n1,c1cnc2[nH]cc(-c3ccnc(NC4CCCCC4)n3)c2c1,0.32653061224489793
c1cc(-c2ccsc2)nc(NC2CCN(CC3CC3)C2)n1,c1ccc(Cn2cc(-c3ccnc(NC4CCCCC4)n3)cn2)cc1,0.32653061224489793
O=C1CCCC(Nc2nccc(-c3ccsc3)n2)CN1CC1CC1,c1ccc(Cn2cc(-c3ccnc(NC4CCCCC4)n3)cn2)cc1,0.3269230769230769
c1cc(-c2cn[nH]c2)nc(NC2COC(CN3CCCCC3)C2)n1,c1ccc(-c2noc(CN3CCCCC3)c2-c2ccnc(NC3CCCCC3)n2)cc1,0.3274336283185841
O=c1[nH]cc(-c2ccnc(NC3CCSCC3)n2)[nH]1,c1cnc2[nH]cc(-c3ccnc(NC4CCCCC4)n3)c2c1,0.32954545454545453
O=C1CCCC(Nc2nccc(-c3cn[nH]c3)n2)CN1,c1cc(-c2cn[nH]c2C2CCCCC2)nc(NC2CCCC2)n1,0.32967032967032966
O=C1CCCCC(Nc2nccc(-c3cn[nH]c3)n2)C1,c1cc(-c2cn[nH]c2C2CCCCC2)nc(NC2CCCC2)n1,0.32967032967032966
O=C1CCN(C2CCC(Nc3nccc(-c4cn[nH]c4)n3)CC2)C1,c1cnn2ncc(-c3ccnc(NC4CC4)n3)c2c1,0.32978723404255317
O=C1CCCCC(Nc2nccc(-c3ccsc3)n2)C1,c1ccc(Cn2cc(-c3ccnc(NC4CCCCC4)n3)cn2)cc1,0.32989690721649484
c1cc(-c2ccsc2)nc(NC2CCCC(C3CCCC3)C2)n1,c1ccc(Cn2cc(-c3ccnc(NC4CCCCC4)n3)cn2)cc1,0.32989690721649484
c1cc(-c2ccnn2CC2CCOCC2)nc(NC2CCC2)n1,c1ccc(Cn2cc(-c3ccnc(NC4CCCCC4)n3)cn2)cc1,0.32989690721649484
c1cnn(CC2CCC(Nc3nccc(-c4cn[nH]c4)n3)C2)c1,c1ccc(Cn2cc(-c3ccnc(NC4CCCCC4)n3)cn2)cc1,0.3300970873786408
O=C1CC(Nc2nccc(-c3cnn(C4C=CCC4)c3)n2)CCO1,c1ccc(Cn2cc(-c3ccnc(NC4CCCCC4)n3)cn2)cc1,0.330188679245283
c1cc(-c2cc[nH]n2)nc(NC2CCC3(CCCCC3)CC2)n1,c1cc(-c2cc[nH]n2)nc(Nc2ccc(-n3cncn3)cc2)n1,0.3333333333333333
c1ncc(-c2ccnc(NC3CCC4OC4C3)n2)cn1,c1ccc(Cn2cc(-c3ccnc(NC4CCCCC4)n3)cn2)cc1,0.3333333333333333
c1cc(-c2c[nH]cn2)nc(NC2CCSCC2)n1,c1cnc2[nH]cc(-c3ccnc(NC4CCCCC4)n3)c2c1,0.3333333333333333
c1cc(CN2CCC(Nc3nccc(-c4cn[nH]c4)n3)C2)ncn1,c1ccc(Cn2cc(-c3ccnc(NC4CCCCC4)n3)cn2)cc1,0.3333333333333333
O=C1CCCCC(Nc2nccc(-c3ccnnc3)n2)C1,c1ccc(Cn2cc(-c3ccnc(NC4CCCCC4)n3)cn2)cc1,0.3333333333333333
c1cc(-c2ccsc2)nc(NC2CCCN(CC3CO3)C2)n1,c1ccc(Cn2cc(-c3ccnc(NC4CCCCC4)n3)cn2)cc1,0.3333333333333333
c1cc(-c2ncnn2-c2ncnc(NC3CC3)n2)nc(NC2CCOC2)n1,c1ccc(-c2nn3ccccc3c2-c2ccnc(NC3CC3)n2)cc1,0.3333333333333333
c1cc(-c2ccsc2)nc(NC2CCCN(CCC3CC3)C2)n1,c1ccc(Cn2cc(-c3ccnc(NC4CCCCC4)n3)cn2)cc1,0.3333333333333333
c1cc(-c2ccsc2)nc(NC2CCCCNC2)n1,c1ccc(Cn2cc(-c3ccnc(NC4CCCCC4)n3)cn2)cc1,0.3333333333333333
c1cc(-c2cn[nH]c2)nc(NC2CCCN(C3CCC3)C2)n1,c1ccc(Cn2cc(-c3ccnc(NC4CCCCC4)n3)cn2)cc1,0.3333333333333333
C1#CCC(Nc2nccc(-c3cncnc3)n2)CC1,c1ccc(Cn2cc(-c3ccnc(NC4CCCCC4)n3)cn2)cc1,0.3333333333333333
c1cc(-c2cnc(C3CCOCC3)nc2)nc(NC2CCOCC2)n1,c1ccc(Cn2cc(-c3ccnc(NC4CCCCC4)n3)cn2)cc1,0.3333333333333333
c1cncc(-c2ccnc(NC3COC(CN4CCCC4)C3)n2)c1,c1ccc(Cn2cc(-c3ccnc(NC4CCCCC4)n3)cn2)cc1,0.3333333333333333
O=c1nc(-c2ccnc(NC3CCC3)n2)ccn1C1CCNC1,c1ccn2c(-c3ccnc(NC4CCNCC4)n3)cnc2c1,0.3333333333333333
c1cc(-c2cn[nH]c2-c2ccnc(NC3CCSC3)n2)ncn1,c1cc(-c2cn[nH]c2C2CCCCC2)nc(NC2CCCC2)n1,0.3333333333333333
c1cc(-c2ccnc(NC3CCCNC3)n2)ncn1,c1nc(NC2CCCNC2)c2cc[nH]c2n1,0.3333333333333333
O=c1nncc(-c2ccnc(NC3CCOCC3)n2)[nH]1,c1cc(-c2cn[nH]c2C2CCCOC2)nc(NC2CCCCC2)n1,0.3333333333333333
c1cc(-c2nccs2)nc(NC2CCOCC2)n1,c1cnn2ncc(-c3ccnc(NC4CC4)n3)c2c1,0.3333333333333333
c1cc(-c2cn(C3CCCCC3)cn2)nc(NC2CCOCC2)n1,c1ccc(Cn2cc(-c3ccnc(NC4CCCCC4)n3)cn2)cc1,0.336734693877551
c1cncc(-c2ccnc(NC3CCC(c4cn[nH]c4)C3)n2)c1,O=C(Nc1ccc(Nc2nccc(-c3cccnc3)n2)cc1)c1ccccc1,0.336734693877551
c1cc(-c2cn[nH]c2)nc(NC2CCCN(C3CC3)C2)n1,c1ccc(Cn2cc(-c3ccnc(NC4CCCCC4)n3)cn2)cc1,0.336734693877551
c1cc(-c2cc(C3CC3)[nH]n2)nc(NC2CCOCC2)n1,c1cc(-c2cn[nH]c2C2CCCOC2)nc(NC2CCCCC2)n1,0.3368421052631579
C1=CCC(Nc2nccc(-c3ccsc3)n2)CCC1,c1ccc(Cn2cc(-c3ccnc(NC4CCCCC4)n3)cn2)cc1,0.3368421052631579
c1cc(-c2ncnn2C2CCOCC2)nc(NC2CCC2)n1,c1ccc(Cn2cc(-c3ccnc(NC4CCCCC4)n3)cn2)cc1,0.3368421052631579
O=c1nc(-n2ccc(-c3ccnc(NC4CC4)n3)nc2=O)cc[nH]1,c1ccn2c(-c3ccnc(NC4CCNCC4)n3)cnc2c1,0.3368421052631579
c1cc(-c2ccnc(NC3CCC(c4cn[nH]c4)C3)n2)[nH]n1,c1cc(-c2cn[nH]c2C2CCCCC2)nc(NC2CCCC2)n1,0.33695652173913043
c1cc(-c2ccsc2)nc(NC2CCSC2)n1,c1ccc(Cn2cc(-c3ccnc(NC4CCCCC4)n3)cn2)cc1,0.33707865168539325
c1cc(-c2cnn[nH]2)nc(NC2CCNC2)n1,c1ccn2c(-c3ccnc(NC4CCNCC4)n3)cnc2c1,0.33707865168539325
c1cc(-c2cn[nH]c2)nc(NC2CCCCNC2)n1,c1cc(-c2cn[nH]c2C2CCCCC2)nc(NC2CCCC2)n1,0.33707865168539325
c1c[nH]c(-c2ccnc(NC3CCOCC3)n2)c1,c1cnc2[nH]cc(-c3ccnc(NC4CCCCC4)n3)c2c1,0.3372093023255814
c1cc(-c2cn[nH]c2)nc(NC2CCCNC2)n1,c1cc(-c2cn[nH]c2C2CCCCC2)nc(NC2CCCC2)n1,0.3372093023255814
O=c1nc(-c2ccnc(NC3CCC3)n2)ccn1CC1CCC1,c1cc(-c2cn[nH]c2C2CCCCC2)nc(NC2CCCC2)n1,0.3372093023255814
c1cc(-c2cn[nH]c2)nc(NC2CCC3(CC2)CS3)n1,c1cc(-c2cn[nH]c2C2CCCCC2)nc(NC2CCCC2)n1,0.3372093023255814
c1cc(-c2cn[nH]c2)nc(NC2CCN(C3=NCCC3)CC2)n1,c1ccc(Cn2cc(-c3ccnc(NC4CCCCC4)n3)cn2)cc1,0.34
c1cc(-c2[nH]ncc2SC2CCOCC2)nc(NC2CCOCC2)n1,c1cc(-c2cn[nH]c2C2CCCOC2)nc(NC2CCCCC2)n1,0.34
c1cc(-c2cn[nH]c2)nc(NC2CCCN(C3CCCC3)C2)n1,c1ccc(Cn2cc(-c3ccnc(NC4CCCCC4)n3)cn2)cc1,0.34
c1cc(-c2cn[nH]c2)nc(NC2CCN(C3CCCCCC3)C2)n1,c1ccc(Cn2cc(-c3ccnc(NC4CCCCC4)n3)cn2)cc1,0.34
c1cc(-c2cc[nH]c2)nc(NC2CCN(CC3CCCC3)C2)n1,c1ccc(Cn2cc(-c3ccnc(NC4CCCCC4)n3)cn2)cc1,0.34
O=c1cc(-c2ccnc(NC3CC3)n2)ccn1Cc1ccnc(NC2CC2)n1,c1ccc(Cn2cc(-c3ccnc(NC4CCCCC4)n3)cn2)cc1,0.3402061855670103
O=c1nc(-c2ccnc(NC3CC3)n2)ccn1C1CCOC1,c1ccc(-c2nn3ccccc3c2-c2ccnc(NC3CC3)n2)cc1,0.3404255319148936
c1cc(-c2cn[nH]c2)nc(NC2CCC(CNC3CCCC3)C2)n1,c1cc(-c2cn[nH]c2C2CCCCC2)nc(NC2CCCC2)n1,0.3404255319148936
c1cc(-c2ccsc2)nc(NC2CCNC2)n1,c1ccc(-c2nc(C3CCNCC3)[nH]c2-c2ccnc(NC3CC3)n2)cc1,0.34065934065934067
c1cc(-c2cn[nH]c2)nc(NC2CCC(CNC3CC3)CC2)n1,c1cc(-c2cn[nH]c2C2CCCCC2)nc(NC2CCCC2)n1,0.3409090909090909
O=c1nccc(-c2cc(-c3ccnc(NC4CC4)n3)n[nH]2)[nH]1,c1cc(-c2cn[nH]c2C2CCCCC2)nc(NC2CCCC2)n1,0.3409090909090909
c1cc(-c2cc[nH]c2)nc(NC2CCSCC2)n1,c1cnc2[nH]cc(-c3ccnc(NC4CCCCC4)n3)c2c1,0.3411764705882353
O=c1nc(-c2ccnc(NC3CC3)n2)ccn1-c1ccnc(NC2CC2)n1,c1cnn2ncc(-c3ccnc(NC4CC4)n3)c2c1,0.3411764705882353
c1ccc(-c2ccnc(NC3COC(CNC4CCOC4)C3)n2)cc1,c1ccc(Nc2nccc(-c3ccccc3)n2)cc1,0.34146341463414637
c1cc(-c2ccnc(-c3ccnc(NC4CC4)n3)n2)nc(NC2CCOCC2)n1,c1cnn2ncc(-c3ccnc(NC4CC4)n3)c2c1,0.34146341463414637
c1cc(-c2ccnc(NC3CCCSC3)n2)nc(NC2CCSCC2)n1,c1cc(-c2cn[nH]c2C2CCCCC2)nc(NC2CCCC2)n1,0.34146341463414637
c1cnc(-c2ccnc(NC3CCOCC3)n2)nc1,c1cnn2ncc(-c3ccnc(NC4CC4)n3)c2c1,0.34177215189873417
c1ccc(-c2ccnc(NC3CCC(Sc4cn[nH]c4)C3)n2)cc1,c1ccc(-c2nc(C3CCNCC3)[nH]c2-c2ccnc(NC3CC3)n2)cc1,0.3431372549019608
c1cc(-c2cnn(C3CCNC3)c2)nc(NC2CCOC2)n1,c1ccc(Cn2cc(-c3ccnc(NC4CCCCC4)n3)cn2)cc1,0.3431372549019608
c1cc(-c2cn[nH]c2)nc(NC2CCN(CC3CCC3)C2)n1,c1ccc(Cn2cc(-c3ccnc(NC4CCCCC4)n3)cn2)cc1,0.3434343434343434
c1cc(-c2ccsc2)nc(NC2CCCN(CC3CC3)C2)n1,c1ccc(Cn2cc(-c3ccnc(NC4CCCCC4)n3)cn2)cc1,0.3434343434343434
O=c1nc(-c2ccnc(NC3CCOCC3)n2)ccn1C1CCNCC1,c1ccn2c(-c3ccnc(NC4CCNCC4)n3)cnc2c1,0.3434343434343434
c1cc(-c2cnnc(NCC3CCC3)c2)nc(NC2CC2)n1,c1ccc(Cn2cc(-c3ccnc(NC4CCCCC4)n3)cn2)cc1,0.34375
c1cnc(-c2ccnc(NC3CCOC3)n2)cn1,c1cc(-c2cn[nH]c2C2CCCOC2)nc(NC2CCCCC2)n1,0.34444444444444444
C1=CCC(Nc2nccc(-c3cncnc3)n2)CC1,c1ccc(Cn2cc(-c3ccnc(NC4CCCCC4)n3)cn2)cc1,0.34444444444444444
c1cc(-c2cn[nH]c2)nc(NC2CCC(C3CCCC3)C2)n1,c1cc(-c2cn[nH]c2C2CCCCC2)nc(NC2CCCC2)n1,0.3448275862068966
c1cc(-c2ccnc(NC3CCCNC3)n2)[nH]n1,c1cc(-c2cn[nH]c2C2CCCCC2)nc(NC2CCCC2)n1,0.34523809523809523
c1ccc(-c2ccnc(NC3CCOCC3)n2)nc1,c1cnc2[nH]cc(-c3ccnc(NC4CCCCC4)n3)c2c1,0.34523809523809523
c1cc(-c2c[nH]nn2)nc(NC2CCSCC2)n1,c1cnn2ncc(-c3ccnc(NC4CC4)n3)c2c1,0.345679012345679
c1cc(-c2ccnc(-c3ccnc(NC4CC4)n3)n2)ncn1,c1cnn2ncc(-c3ccnc(NC4CC4)n3)c2c1,0.345679012345679
c1ccc(-c2ccnc(NC3CCC4(CC(Cc5c[nH]cn5)C4)C3)n2)cc1,c1ccc(-c2nc(C3CCNCC3)[nH]c2-c2ccnc(NC3CC3)n2)cc1,0.34615384615384615
c1cc(-c2cc[nH]c2)nc(NC2CCCNC2)n1,c1nc(NC2CCCNC2)c2cc[nH]c2n1,0.34615384615384615
C=C1CCCC(Cn2ccc(-c3ccnc(NC4CCCCC4)n3)nc2=O)C1,c1cnc2[nH]cc(-c3ccnc(NC4CCCCC4)n3)c2c1,0.3465346534653465
c1ccc(-c2ccnc(NC3CCC(Sc4c[nH]nn4)C3)n2)cc1,c1ccc(-c2nc(C3CCNCC3)[nH]c2-c2ccnc(NC3CC3)n2)cc1,0.3465346534653465
C1=C(c2ccccc2)CCC(Nc2nccc(-c3cn[nH]c3)n2)C1,c1ccc(Cn2cc(-c3ccnc(NC4CCCCC4)n3)cn2)cc1,0.3469387755102041
O=C1CCCN(c2ccc(Nc3nccc(-c4cn[nH]c4)n3)cc2)N1,c1ccc(-c2ccnc(Nc3ccc(-n4ccnn4)cc3)n2)cc1,0.3473684210526316
O=c1nc(-c2ccnc(NC3CCCC3)n2)ccn1NC1CCOCC1,c1cc(-c2cn[nH]c2C2CCCCC2)nc(NC2CCCC2)n1,0.34782608695652173
O=c1nc(-c2ccnc(NC3CC3)n2)ccn1-c1ncncn1,c1ccc(-c2nn3ccccc3c2-c2ccnc(NC3CC3)n2)cc1,0.34782608695652173
c1cc(-c2ccnc(NC3CCCNC3)n2)nc(NC2CCOCC2)n1,c1cc(-c2cn[nH]c2C2CCCOC2)nc(NC2CCCCC2)n1,0.34782608695652173
c1cc(-c2cnoc2)nc(NC2CCSCC2)n1,c1ccc(Cn2cc(-c3ccnc(NC4CCCCC4)n3)cn2)cc1,0.34831460674157305
c1cc(-c2cnoc2)nc(NC2CCNC2)n1,c1ccn2c(-c3ccnc(NC4CCNCC4)n3)cnc2c1,0.34831460674157305
c1cc(-c2cc(C3CCSCC3)[nH]n2)nc(NC2CC2)n1,c1cc(-c2cn[nH]c2C2CCCCC2)nc(NC2CCCC2)n1,0.3488372093023256
O=c1cccc(-c2cccc(-c3ccnc(NC4CC4)n3)n2)[nH]1,c1cnn2ncc(-c3ccnc(NC4CC4)n3)c2c1,0.3488372093023256
O=C(NC1CC1)C1CCC(Nc2nccc(-c3cnn(C4CCC4)c3)n2)CS1,c1ccc(Cn2cc(-c3ccnc(NC4CCCCC4)n3)cn2)cc1,0.3490566037735849
c1ccc(-c2ccnc(NC3CCSCC3)n2)nc1,c1cnc2[nH]cc(-c3ccnc(NC4CCCCC4)n3)c2c1,0.3493975903614458
c1cc(-c2cn[nH]c2)nc(Nc2ccc(N3CCN(C4CCCC4)C3)cc2)n1,c1cc(-c2cncs2)nc(Nc2ccc(N3CCNCC3)cc2)n1,0.34951456310679613
c1cc(-c2ccnc(SC3CCC3)n2)nc(NC2CC2)n1,c1cnn2ncc(-c3ccnc(NC4CC4)n3)c2c1,0.35
c1cc(-c2ccn(-c3ccnc(NC4CCOCC4)n3)c2)nc(NC2CCC2)n1,c1ccc(Cn2cc(-c3ccnc(NC4CCCCC4)n3)cn2)cc1,0.35
c1cc(-c2ccn(C3CN(C4CCC4)C3)c2)nc(NC2CC2)n1,c1ccc(Cn2cc(-c3ccnc(NC4CCCCC4)n3)cn2)cc1,0.35106382978723405
O=C(NC1CC1)n1ccc(-c2ccnc(NC3CC3)n2)c1,c1ccc(-c2nn3ccccc3c2-c2ccnc(NC3CC3)n2)cc1,0.3516483516483517
c1cc(-c2cn[nH]c2)nc(NC2CCC3(CCCCC3)CC2)n1,c1cc(-c2cn[nH]c2C2CCCCC2)nc(NC2CCCC2)n1,0.3522727272727273
c1cc(-c2cn[nH]c2)nc(NC2CCNC2)n1,c1ccn2c(-c3ccnc(NC4CCNCC4)n3)cnc2c1,0.3522727272727273
c1cc(-c2cnsc2)nc(NC2CCNC2)n1,c1ccn2c(-c3ccnc(NC4CCNCC4)n3)cnc2c1,0.3522727272727273
C1=CCC(Nc2nccc(-c3cc[nH]n3)n2)CC1,c1cc(-c2cc[nH]n2)nc(Nc2ccc(-n3cncn3)cc2)n1,0.35294117647058826
C1=CCC(Nc2nccc(-c3cncnc3)n2)C1,c1ccc(Cn2cc(-c3ccnc(NC4CCCCC4)n3)cn2)cc1,0.35294117647058826
O=c1ncn(CC2CCC(Nc3nccc(-c4ccccc4)n3)C2)[nH]1,c1ccc(-c2nc(C3CCNCC3)[nH]c2-c2ccnc(NC3CC3)n2)cc1,0.35294117647058826
c1ccc(N2CCC(Nc3nccc(-c4cn[nH]c4)n3)C2)cc1,c1ccc(Cn2cc(-c3ccnc(NC4CCCCC4)n3)cn2)cc1,0.35353535353535354
O=c1nc(-c2ccnc(NC3CCCCC3)n2)ccn1-c1ccnc(N2CC2)n1,c1cnc2[nH]cc(-c3ccnc(NC4CCCCC4)n3)c2c1,0.35353535353535354
c1cc(-c2cn[nH]c2)nc(NC2CCCCCNC2)n1,c1ccc(Cn2cc(-c3ccnc(NC4CCCCC4)n3)cn2)cc1,0.3541666666666667
O=c1nc(-c2ccnc(NC3CCCOCC3)n2)cc[nH]1,c1cc(-c2cn[nH]c2C2CCCOC2)nc(NC2CCCCC2)n1,0.3541666666666667
c1cc(-c2ccc(OCC3CCCC3)cc2)nc(NC2CCOCC2)n1,c1ccc(Cn2cc(-c3ccnc(NC4CCCCC4)n3)cn2)cc1,0.3541666666666667
c1cc(-c2cc(C3CCC3)[nH]n2)nc(NC2CCOC2)n1,c1cc(-c2cn[nH]c2C2CCCOC2)nc(NC2CCCCC2)n1,0.3541666666666667
C1=CCC(Nc2nccc(-c3cncnc3)n2)CCC1,c1ccc(Cn2cc(-c3ccnc(NC4CCCCC4)n3)cn2)cc1,0.3548387096774194
O=C1CCC(Nc2ccc(Nc3nccc(-c4cn[nH]c4)n3)cc2)=N1,c1ccc(Nc2nccc(-c3ccccc3)n2)cc1,0.35526315789473684
O=C1CCC(Nc2nccc(-c3cnoc3)n2)CC1,c1ccc(Cn2cc(-c3ccnc(NC4CCCCC4)n3)cn2)cc1,0.35555555555555557
c1cc(-c2cn[nH]c2)nc(NC2CCCC(c3cn[nH]c3)C2)n1,c1cc(-c2cn[nH]c2C2CCCCC2)nc(NC2CCCC2)n1,0.35555555555555557
O=C1CCC(Nc2nccc(-c3cn[nH]c3)n2)CC1,c1ccc(Cn2cc(-c3ccnc(NC4CCCCC4)n3)cn2)cc1,0.35555555555555557
c1cc(-c2cn[nH]c2)nc(NC2CCCSCC2)n1,c1cc(-c2cn[nH]c2C2CCCCC2)nc(NC2CCCC2)n1,0.3563218390804598
O=c1cc(-c2ccnc(NC3CC3)n2)cc[nH]1,c1ccc(-c2nc(C3CCNCC3)[nH]c2-c2ccnc(NC3CC3)n2)cc1,0.3563218390804598
c1cc(-c2ccsc2)nc(NC2CCSCC2)n1,c1ccc(Cn2cc(-c3ccnc(NC4CCCCC4)n3)cn2)cc1,0.3563218390804598
c1cc(-c2cn[nH]c2)nc(NC2CCN(C3CCC3)CC2)n1,c1cc(-c2cn[nH]c2C2CCCCC2)nc(NC2CCCC2)n1,0.3563218390804598
c1cc(-c2cn[nH]c2)nc(NC2CCC(CN3CCCC3)CC2)n1,c1ccc(Cn2cc(-c3ccnc(NC4CCCCC4)n3)cn2)cc1,0.35714285714285715
c1cc(-c2cc[nH]n2)nc(NC2CCC3(CC2)CC3)n1,c1cc(-c2cc[nH]n2)nc(Nc2ccc(-n3cncn3)cc2)n1,0.35714285714285715
c1cc(-c2ccnc(NC3CCOCC3)n2)cc(NC2CCCC2)n1,c1ccc(Cn2cc(-c3ccnc(NC4CCCCC4)n3)cn2)cc1,0.35789473684210527
c1cc(-c2csc(SCC3CCC3)c2)nc(NC2CCC2)n1,c1ccc(Cn2cc(-c3ccnc(NC4CCCCC4)n3)cn2)cc1,0.35789473684210527
c1cc(-c2ccnc(NC3CC3)n2)nc(CCNC2CC2)n1,c1cc(-c2cn[nH]c2C2CCCCC2)nc(NC2CCCC2)n1,0.35802469135802467
c1cc(-c2ccnc(N3CCCCC3)n2)nc(NC2CC2)n1,c1cnn2ncc(-c3ccnc(NC4CC4)n3)c2c1,0.35802469135802467
O=S1CCCN1c1ccc(Nc2nccc(-c3cn[nH]c3)n2)cc1,c1ccc(-c2ccnc(Nc3ccc(-n4ccnn4)cc3)n2)cc1,0.358695652173913
O=c1nc(-c2ccnc(NC3CCCC3)n2)ccn1CC1CCNCC1,c1cc(-c2cn[nH]c2C2CCCCC2)nc(NC2CCCC2)n1,0.358695652173913
c1cc(-c2ccnc(SC3CC3)n2)nc(NC2CC2)n1,c1cnn2ncc(-c3ccnc(NC4CC4)n3)c2c1,0.358974358974359
c1cc(-c2cnn(-c3ccnc(N4CC4)n3)c2)nc(NC2CCOCC2)n1,c1ccc(Cn2cc(-c3ccnc(NC4CCCCC4)n3)cn2)cc1,0.3592233009708738
c1ccc(-c2c[nH]nc2-c2ccnc(NC3CCOCC3)n2)cc1,c1ccc(-c2nc3occn3c2-c2ccnc(NC3CCNCC3)n2)cc1,0.3592233009708738
O=c1nc(-c2ccnc(NC3CC3)n2)ccn1C1COC1,c1ccc(-c2nn3ccccc3c2-c2ccnc(NC3CC3)n2)cc1,0.3595505617977528
c1cc(-c2ccnc(NC3CCOC3)n2)[nH]n1,c1cc(-c2cn[nH]c2C2CCCOC2)nc(NC2CCCCC2)n1,0.3595505617977528
c1cc(-c2cncc(NC3CCCC3)n2)nc(NC2CCOCC2)n1,c1cc(-c2cn[nH]c2C2CCCCC2)nc(NC2CCCC2)n1,0.3595505617977528
C1=CCCC(Nc2nccc(-c3ccsc3)n2)CC1,c1ccc(Cn2cc(-c3ccnc(NC4CCCCC4)n3)cn2)cc1,0.36046511627906974
c1cc(-c2cc(-c3ccnc(NC4CCC4)n3)n[nH]2)ncn1,c1cc(-c2cn[nH]c2C2CCCCC2)nc(NC2CCCC2)n1,0.36046511627906974
c1cc(-c2ccc(OC3CCCOC3)cc2)nc(NC2CCCOC2)n1,c1cc(-c2cn[nH]c2C2CCCOC2)nc(NC2CCCCC2)n1,0.36082474226804123
c1cc(-c2cnn(C3CNC3)c2)nc(NC2CCOC2)n1,c1ccc(Cn2cc(-c3ccnc(NC4CCCCC4)n3)cn2)cc1,0.36082474226804123
O=C1CCN(c2ccc(Nc3nccc(-c4cn[nH]c4)n3)cc2)C(=O)C1,O=C1CCCN1c1ccc(Nc2nccc(Nc3ccccc3)n2)cc1,0.36082474226804123
c1cc(-c2ccnc(NC3CCCOCC3)n2)cnn1,c1cc(-c2cn[nH]c2C2CCCOC2)nc(NC2CCCCC2)n1,0.3617021276595745
c1ccc(-c2ccnc(NC3CCC(Oc4cccnc4)C3)n2)cc1,c1ccc(Nc2nccc(-c3ccccc3)n2)cc1,0.3625
c1cnc(-c2ccnc(NC3CCCOCC3)n2)nc1,c1cc(-c2cn[nH]c2C2CCCOC2)nc(NC2CCCCC2)n1,0.3626373626373626
O=C(NC1CC1)C1CCC(n2cc(-c3ccnc(NC4CC4)n3)cn2)C1,c1ccc(Cn2cc(-c3ccnc(NC4CCCCC4)n3)cn2)cc1,0.3627450980392157
c1cc(-c2cnn(C3CC3)c2)nc(NC2CCC(CN3CCC3)C2)n1,c1ccc(Cn2cc(-c3ccnc(NC4CCCCC4)n3)cn2)cc1,0.3627450980392157
c1cc(-c2cn[nH]c2)nc(NC2CCC(NC3CCCC3)C2)n1,c1cc(-c2cn[nH]c2C2CCCCC2)nc(NC2CCCC2)n1,0.36363636363636365
S=c1nc(-c2ccnc(NC3CC3)n2)cc[nH]1,c1cnn2ncc(-c3ccnc(NC4CC4)n3)c2c1,0.36363636363636365
c1cc(-c2ccnc(NC3CCOCC3)n2)[nH]n1,c1cc(-c2cn[nH]c2C2CCCOC2)nc(NC2CCCCC2)n1,0.36363636363636365
O=c1nc(-c2ccnc(NC3CC3)n2)ccn1-c1cccc(C2CCNCC2)n1,c1ccc(-c2nc(C3CCNCC3)[nH]c2-c2ccnc(NC3CC3)n2)cc1,0.36538461538461536
O=c1nc(-c2ccnc(NC3CCCCC3)n2)ccn1CC1CCC(NC2CC2)CC1,c1cc(-c2cn[nH]c2C2CCCCC2)nc(NC2CCCC2)n1,0.3655913978494624
c1cc(-c2cn[nH]c2-c2ccsc2)nc(NC2CCNC2)n1,c1cc(-c2cn[nH]c2C2CCCCC2)nc(NC2CCCC2)n1,0.3655913978494624
O=C(OC1CC(n2cc(-c3ccnc(NC4CC4)n3)cn2)C1)C1CC1,c1ccc(Cn2cc(-c3ccnc(NC4CCCCC4)n3)cn2)cc1,0.36633663366336633
c1cc(-c2cnnc(NC3CCC3)c2)nc(NC2CC2)n1,c1ccc(Cn2cc(-c3ccnc(NC4CCCCC4)n3)cn2)cc1,0.36666666666666664
O=C1CCN(c2ccc(Nc3nccc(-c4cn[nH]c4)n3)cc2)C1=O,c1ccc(-c2ccnc(Nc3ccc(-n4ccnn4)cc3)n2)cc1,0.36666666666666664
c1cc(-c2ccnc(N3CCCC3)n2)nc(NC2CC2)n1,c1cnn2ncc(-c3ccnc(NC4CC4)n3)c2c1,0.3670886075949367
c1cc(-c2nccc(NC3CCC3)n2)nc(NC2CC2)n1,c1cc(-c2cn[nH]c2C2CCCCC2)nc(NC2CCCC2)n1,0.3670886075949367
C=C1CCCC(Nc2nccc(-c3ccnc(NC4CCC4)n3)n2)C1,c1cc(-c2cn[nH]c2C2CCCCC2)nc(NC2CCCC2)n1,0.3670886075949367
c1ccc(-c2ccnc(NC3CCC(CNC4CCOC4)C3)n2)cc1,c1ccc(-c2nn3ccccc3c2-c2ccnc(NC3CC3)n2)cc1,0.3673469387755102
O=C1CC(Nc2nccc(-c3ccccc3)n2)CN1CC1CCCC1,c1ccc(Cn2cc(-c3ccnc(NC4CCCCC4)n3)cn2)cc1,0.3673469387755102
O=c1cc(-c2ccnc(NC3CC3)n2)ccn1Cc1ccccn1,c1ccc(Cn2cc(-c3ccnc(NC4CCCCC4)n3)cn2)cc1,0.3673469387755102
O=C1CCCN(c2ccc(Nc3nccc(-c4cn[nH]c4)n3)cc2)C1,c1cc(-c2cncs2)nc(Nc2ccc(N3CCNCC3)cc2)n1,0.3673469387755102
O=C1CCC(n2cc(-c3ccnc(NC4CC=CC4)n3)cn2)C1,c1ccc(Cn2cc(-c3ccnc(NC4CCCCC4)n3)cn2)cc1,0.3673469387755102
O=c1nc(-c2ccnc(NC3CCCC3)n2)ccn1CC1CCCC1,c1cc(-c2cn[nH]c2C2CCCCC2)nc(NC2CCCC2)n1,0.367816091954023
c1ncc(-c2ccnc(NC3CCOCC3)n2)cn1,c1ccc(Cn2cc(-c3ccnc(NC4CCCCC4)n3)cn2)cc1,0.367816091954023
c1cc(-c2ccnc(NC3CC3)n2)nc(NCC2CC2)n1,c1cnn2ncc(-c3ccnc(NC4CC4)n3)c2c1,0.3684210526315789
c1cc(-c2ccnc(N(C3CC3)C3CC3)n2)nc(NC2CC2)n1,c1cnn2ncc(-c3ccnc(NC4CC4)n3)c2c1,0.3684210526315789
O=c1nc(-c2ccnc(NC3CC3)n2)cc[nH]1,c1cnn2ncc(-c3ccnc(NC4CC4)n3)c2c1,0.3684210526315789
c1cc(-c2nccc(NC3CC3)n2)nc(NC2CC2)n1,c1cnn2ncc(-c3ccnc(NC4CC4)n3)c2c1,0.3684210526315789
c1ccc(-c2ccnc(NC3CCC(CSC4CCCNC4)NC3)n2)cc1,c1ccc(-c2nc(C3CCNCC3)[nH]c2-c2ccnc(NC3CC3)n2)cc1,0.36893203883495146
O=C1CNCC(NCC2CC(n3cc(-c4ccnc(NC5CCC5)n4)cn3)C2)C1,c1ccc(Cn2cc(-c3ccnc(NC4CCCCC4)n3)cn2)cc1,0.36936936936936937
O=C1CCC(Nc2nccc(-c3cnn(C4CCN(CC5CCCCC5)C4)c3)n2)C1,c1ccc(Cn2cc(-c3ccnc(NC4CCCCC4)n3)cn2)cc1,0.36936936936936937
C1=CCC(n2cc(-c3ccnc(NC4CCOCC4)n3)cn2)CC1,c1ccc(Cn2cc(-c3ccnc(NC4CCCCC4)n3)cn2)cc1,0.37
c1cc(-c2cn[nH]c2)nc(NC2CCN(CC3CCCCC3)C2)n1,c1ccc(Cn2cc(-c3ccnc(NC4CCCCC4)n3)cn2)cc1,0.37
c1cc(-c2ccn(C3CCCC3)n2)nc(NC2CC2)n1,c1cnn2ncc(-c3ccnc(NC4CC4)n3)c2c1,0.37037037037037035
c1cc(-c2cn[nH]c2)nc(NC2CCCCC3(CC2)CC3)n1,c1cc(-c2cn[nH]c2C2CCCCC2)nc(NC2CCCC2)n1,0.3707865168539326
c1cc(-c2cn(C3CCCC3)cn2)nc(NC2CCC2)n1,c1ccc(Cn2cc(-c3ccnc(NC4CCCCC4)n3)cn2)cc1,0.3707865168539326
c1cc(-c2cn[nH]c2)nc(NC2CN(CC3CCCCC3)C2)n1,c1ccc(Cn2cc(-c3ccnc(NC4CCCCC4)n3)cn2)cc1,0.3711340206185567
c1ccc(-c2ccnc(NC3CCC(c4cn[nH]c4)C3)n2)cc1,c1ccc(-c2nc(C3CCNCC3)[nH]c2-c2ccnc(NC3CC3)n2)cc1,0.3711340206185567
O=C(C1CCC(n2cc(-c3ccnc(NC4CC4)n3)cn2)C1)N1CCCCC1,c1ccc(Cn2cc(-c3ccnc(NC4CCCCC4)n3)cn2)cc1,0.37142857142857144
c1cc(-c2ccnc(NC3CCC3)n2)nc(NCC2CCC2)n1,c1cc(-c2cn[nH]c2C2CCCCC2)nc(NC2CCCC2)n1,0.3717948717948718
c1cc(-c2nccc(NC3CCOCC3)n2)nc(NC2CCCC2)n1,c1cc(-c2cn[nH]c2C2CCCCC2)nc(NC2CCCC2)n1,0.37209302325581395
O=c1nc(-c2ccnc(NC3CC3)n2)ccn1-c1cccnc1,c1cnn2ncc(-c3ccnc(NC4CC4)n3)c2c1,0.37209302325581395
O=c1nc(-c2ccnc(NC3CCCC3)n2)ccn1CC1CCC1,c1cc(-c2cn[nH]c2C2CCCCC2)nc(NC2CCCC2)n1,0.37209302325581395
c1cncc(-c2ccnc(NC3CCOC3)n2)c1,O=C(Nc1ccc(Nc2nccc(-c3cccnc3)n2)cc1)c1ccccc1,0.37209302325581395
O=C1CCN(c2ccc(Nc3nccc(-c4cnc[nH]4)n3)cc2)N1,c1cc(-c2cncs2)nc(Nc2ccc(N3CCNCC3)cc2)n1,0.3723404255319149
c1cncc(-c2ccnc(NC3CCCCOC3)n2)c1,c1ccc(Cn2cc(-c3ccnc(NC4CCCCC4)n3)cn2)cc1,0.3723404255319149
O=c1nc(-c2ccnc(NC3CCCCC3)n2)ccn1-c1ccncn1,c1cnc2[nH]cc(-c3ccnc(NC4CCCCC4)n3)c2c1,0.3723404255319149
c1ccc(-c2ccnc(NC3CCC4(CCOC4)C3)n2)cc1,c1ccc(Nc2nccc(-c3ccccc3)n2)cc1,0.37333333333333335
c1cnn(-c2n[nH]cc2-c2ccnc(NC3CCOCC3)n2)c1,c1cnn2ncc(-c3ccnc(NC4CC4)n3)c2c1,0.37362637362637363
c1cc(-c2cnn(C3CCNC3)c2)nc(NC2CCOCC2)n1,c1ccc(Cn2cc(-c3ccnc(NC4CCCCC4)n3)cn2)cc1,0.37373737373737376
c1cc(-c2cnn(-c3cc[nH]n3)c2)nc(NC2CCOCC2)n1,c1ccc(Cn2cc(-c3ccnc(NC4CCCCC4)n3)cn2)cc1,0.37373737373737376
c1ccc(-c2ccnc(NC3CCC(CN4CCOC4)C3)n2)cc1,c1ccc(-c2noc(CN3CCCCC3)c2-c2ccnc(NC3CCCCC3)n2)cc1,0.37383177570093457
O=C1CCCN1c1n[nH]cc1-c1ccnc(NC2CC2)n1,c1cnn2ncc(-c3ccnc(NC4CC4)n3)c2c1,0.375
c1cc(-c2cnc(SC3CCC3)nc2)nc(NC2CC2)n1,c1cnn2ncc(-c3ccnc(NC4CC4)n3)c2c1,0.375
c1cc(-c2ccn(C3CCC3)n2)nc(NC2CCC2)n1,c1cc(-c2cn[nH]c2C2CCCCC2)nc(NC2CCCC2)n1,0.375
O=C1CCC(Oc2nccc(-c3ccnc(NC4CCCCC4)n3)n2)C1,c1cc(-c2cn[nH]c2C2CCCCC2)nc(NC2CCCC2)n1,0.375
O=C1CCCN1c1nn(C2CCCCC2)cc1-c1ccnc(NC2CC2)n1,c1cc(-c2cn[nH]c2C2CCCCC2)nc(NC2CCCC2)n1,0.3763440860215054
O=C1CCNN1c1ccc(Nc2nccc(-c3cnc[nH]3)n2)cc1,c1cc(-c2cncs2)nc(Nc2ccc(N3CCNCC3)cc2)n1,0.3763440860215054
c1cc(-c2cnn(C3CC3)c2)nc(NC2CCNC2)n1,c1ccc(Cn2cc(-c3ccnc(NC4CCCCC4)n3)cn2)cc1,0.3763440860215054
C1=CC(Nc2nccc(-c3cccnc3)n2)CC1,O=C(Nc1ccc(Nc2nccc(-c3cccnc3)n2)cc1)c1ccccc1,0.3764705882352941
c1cc(-c2csc(N3CCCC3)n2)nc(NC2CCCC2)n1,c1cc(-c2cn[nH]c2C2CCCCC2)nc(NC2CCCC2)n1,0.3764705882352941
c1cc(-c2cnn(C3CN(C4CC4)C3)c2)nc(NC2CCOCC2)n1,c1ccc(Cn2cc(-c3ccnc(NC4CCCCC4)n3)cn2)cc1,0.37755102040816324
O=c1nc(-c2ccnc(NC3CCCCCC3)n2)ccn1CC1CCC1,c1cnc2[nH]cc(-c3ccnc(NC4CCCCC4)n3)c2c1,0.37777777777777777
c1cc(-c2cc[nH]c2)nc(NC2CC2)n1,c1cnn2ncc(-c3ccnc(NC4CC4)n3)c2c1,0.3783783783783784
c1cc(-c2ccnn2C2CCSC2)nc(NC2CCCCC2)n1,c1ccc(Cn2cc(-c3ccnc(NC4CCCCC4)n3)cn2)cc1,0.37894736842105264
O=C1CC(N2CCC(Nc3nccc(-c4ccccc4)n3)CC2)CO1,c1ccc(-c2nn3ccccc3c2-c2ccnc(NC3CC3)n2)cc1,0.37894736842105264
c1cc(-c2cnnc(SCC3CCC3)c2)nc(NC2CCC2)n1,c1ccc(Cn2cc(-c3ccnc(NC4CCCCC4)n3)cn2)cc1,0.37894736842105264
c1ccc(-c2ccnc(NC3CCC(CNC4CCCC4)C3)n2)cc1,c1ccc(Cn2cc(-c3ccnc(NC4CCCCC4)n3)cn2)cc1,0.37894736842105264
c1cc(-c2ccn(CC3CCCC3)n2)nc(NC2CCCC2)n1,c1ccc(Cn2cc(-c3ccnc(NC4CCCCC4)n3)cn2)cc1,0.3804347826086957
c1cc(-c2cnn(-c3ccnc(NC4CC4)n3)c2)nc(NC2CCOCC2)n1,c1ccc(Cn2cc(-c3ccnc(NC4CCCCC4)n3)cn2)cc1,0.38144329896907214
O=c1[nH]c(-c2ccnc(NC3CC3)n2)no1,c1cnn2ncc(-c3ccnc(NC4CC4)n3)c2c1,0.3815789473684211
c1cc(-c2cn[nH]c2)nc(Nc2ccc(N3CCCS3)cc2)n1,c1ccc(-c2ccnc(Nc3ccc(-n4ccnn4)cc3)n2)cc1,0.38202247191011235
O=c1nc(-c2ccnc(NC3CCCCC3)n2)ccn1-c1ccnc(NC2CC2)n1,c1cc(-c2cn[nH]c2C2CCCCC2)nc(NC2CCCC2)n1,0.38202247191011235
c1cc(-c2cn(-c3cc[nH]n3)cn2)nc(NC2CCCCC2)n1,c1cc(-c2cn[nH]c2C2CCCCC2)nc(NC2CCCC2)n1,0.38202247191011235
O=c1nc(-c2ccnc(NC3CCNCC3)n2)ccn1-c1ccnc(N2CCC2)n1,c1ccn2c(-c3ccnc(NC4CCNCC4)n3)cnc2c1,0.38235294117647056
c1ccc(-c2ccnc(NC3CNC(CC4CCCCC4)C3)n2)cc1,c1ccc(-c2nc(C3CCNCC3)[nH]c2-c2ccnc(NC3CCCCC3)n2)cc1,0.38235294117647056
c1cc(-c2[nH]ncc2-c2ccnc(N3CCOCC3)n2)nc(NC2CC2)n1,c1cc(-c2cn[nH]c2C2CCCOC2)nc(NC2CCCCC2)n1,0.38235294117647056
c1cc(-c2ccsc2)nc(NC2CC2)n1,c1ccc(Cn2cc(-c3ccnc(NC4CCCCC4)n3)cn2)cc1,0.38271604938271603
c1cc(-c2cn[nH]c2)nc(NC2CCCCOC2)n1,c1cc(-c2cn[nH]c2C2CCCOC2)nc(NC2CCCCC2)n1,0.3829787234042553
c1cc(-c2cn[nH]c2)nc(NC2CCN(CC3CCC3)CC2)n1,c1ccc(Cn2cc(-c3ccnc(NC4CCCCC4)n3)cn2)cc1,0.3829787234042553
c1cc(-c2csc(-c3ccsc3)n2)nc(NC2CCCCC2)n1,c1ccc(Cn2cc(-c3ccnc(NC4CCCCC4)n3)cn2)cc1,0.3829787234042553
c1cc(-c2ccsc2)nc(NC2CCCNCC2)n1,c1ccc(-c2[nH]c3ccccc3c2-c2ccnc(NC3CCNCC3)n2)cc1,0.3829787234042553
c1ccc(-c2ccnc(NC3CC(c4cn[nH]c4)C3)n2)cc1,c1ccc(Nc2nccc(-c3ccccc3)n2)cc1,0.3835616438356164
O=C1CC2(CCC(Nc3nccc(-c4ccccc4)n3)C2)C1,c1ccc(Nc2nccc(-c3ccccc3)n2)cc1,0.3835616438356164
c1cc(-c2cscn2)nc(NC2CC2)n1,c1cnn2ncc(-c3ccnc(NC4CC4)n3)c2c1,0.3835616438356164
c1cc(-c2ccc(OCC3CCCC3)cn2)nc(NC2CCCC2)n1,c1cc(-c2cn[nH]c2C2CCCCC2)nc(NC2CCCC2)n1,0.38372093023255816
C1=CC(C2CCC(Nc3nccc(-c4ccccc4)n3)C2)CC1,c1ccc(-c2nn3ccccc3c2-c2ccnc(NC3CC3)n2)cc1,0.38461538461538464
c1cncc(-c2ccnc(NC3CCCOC3)n2)c1,c1cc(-c2cn[nH]c2C2CCCOC2)nc(NC2CCCCC2)n1,0.38461538461538464
c1cc(-c2cc[nH]n2)nc(NC2COC2)n1,c1cc(-c2cc[nH]n2)nc(Nc2ccc(-n3cncn3)cc2)n1,0.38461538461538464
O=c1cncc(-c2ccnc(NC3CC3)n2)[nH]1,c1cnn2ncc(-c3ccnc(NC4CC4)n3)c2c1,0.38461538461538464
c1cc(-c2cnn(C3CCSC3)c2)nc(NC2CCOCC2)n1,c1ccc(Cn2cc(-c3ccnc(NC4CCCCC4)n3)cn2)cc1,0.3854166666666667
O=C1CCC(Nc2nccc(-c3cnn(C4CCCC4)c3)n2)C1,c1ccc(Cn2cc(-c3ccnc(NC4CCCCC4)n3)cn2)cc1,0.3854166666666667
c1cc(-c2ccn(C3CC3)n2)nc(NC2CC2)n1,c1ccc(-c2nn3ccccc3c2-c2ccnc(NC3CC3)n2)cc1,0.3855421686746988
c1cc(-c2nccc(-c3cn[nH]c3)n2)nc(NC2CCC2)n1,c1cc(-c2cn[nH]c2C2CCCCC2)nc(NC2CCCC2)n1,0.3855421686746988
c1cc(-c2ccnc(-c3ccsc3)n2)nc(NC2CCCC2)n1,c1cc(-c2cn[nH]c2C2CCCCC2)nc(NC2CCCC2)n1,0.3855421686746988
c1cc(-c2sccc2-c2ccnc(NC3CC3)n2)ncn1,c1cnn2ncc(-c3ccnc(NC4CC4)n3)c2c1,0.3855421686746988
C1=CN(c2ccc(Nc3nccc(-c4cn[nH]c4)n3)cc2)CC1,c1ccc(-c2ccnc(Nc3ccc(-n4cncn4)cc3)n2)cc1,0.38636363636363635
O=C1N=CC(c2ccnc(NC3CC3)n2)=N1,c1cnn2ncc(-c3ccnc(NC4CC4)n3)c2c1,0.38666666666666666
c1cc(-c2cn[nH]c2)nc(NC2CCCOCC2)n1,c1cc(-c2cn[nH]c2C2CCCOC2)nc(NC2CCCCC2)n1,0.3870967741935484
c1cc(-c2ccsc2)nc(NC2CCCCOCC2)n1,c1ccc(Cn2cc(-c3ccnc(NC4CCCCC4)n3)cn2)cc1,0.3870967741935484
c1cc(-c2cnsc2)nc(NC2CCCCOCC2)n1,c1ccc(Cn2cc(-c3ccnc(NC4CCCCC4)n3)cn2)cc1,0.3870967741935484
c1cc(-c2csc(-c3ccsc3)c2)nc(NC2CCCC2)n1,c1ccc(Cn2cc(-c3ccnc(NC4CCCCC4)n3)cn2)cc1,0.3870967741935484
c1cc(-c2ccn(CC3CCCCC3)c2)nc(NC2CCOCC2)n1,c1ccc(Cn2cc(-c3ccnc(NC4CCCCC4)n3)cn2)cc1,0.3877551020408163
c1cc(-c2cnn(C3CCC3)c2)nc(NC2CCCCNC2)n1,c1ccc(Cn2cc(-c3ccnc(NC4CCCCC4)n3)cn2)cc1,0.3877551020408163
O=C1CCCC(Nc2nccc(-c3cnn(C4CCCC4)c3)n2)C1,c1ccc(Cn2cc(-c3ccnc(NC4CCCCC4)n3)cn2)cc1,0.3877551020408163
c1cc(-c2cnn(C3CCC3)c2)nc(NC2CCCCOC2)n1,c1ccc(Cn2cc(-c3ccnc(NC4CCCCC4)n3)cn2)cc1,0.3877551020408163
c1cc(-c2ccnc(-c3ccnc(NC4CC4)n3)n2)nc(NC2CC2)n1,c1cnn2ncc(-c3ccnc(NC4CC4)n3)c2c1,0.3888888888888889
O=c1nc(-c2ccnc(NC3CC3)n2)ccn1C1CCNCC1,c1ccn2c(-c3ccnc(NC4CCNCC4)n3)cnc2c1,0.3888888888888889
c1cc(-c2ccnc(NC3CCCOC3)n2)cnn1,c1cc(-c2cn[nH]c2C2CCCOC2)nc(NC2CCCCC2)n1,0.3888888888888889
c1ccc(-c2ccnc(NC3CC4CCN(C4)C3)n2)cc1,c1ccc(Nc2nccc(-c3ccccc3)n2)cc1,0.3888888888888889
c1cc(-c2ccsn2)nc(NC2CC2)n1,c1cnn2ncc(-c3ccnc(NC4CC4)n3)c2c1,0.3888888888888889
c1cc(-c2cnn(C3CCCC3)c2)nc(NC2CCOC2)n1,c1ccc(Cn2cc(-c3ccnc(NC4CCCCC4)n3)cn2)cc1,0.3894736842105263
c1cc(-c2cnn(-c3ccnc(NC4CCOCC4)n3)c2)nc(NC2CCOCC2)n1,c1ccc(Cn2cc(-c3ccnc(NC4CCCCC4)n3)cn2)cc1,0.3894736842105263
c1cc(-c2cn[nH]c2)nc(NC2CCN(CC3CCCC3)CC2)n1,c1ccc(Cn2cc(-c3ccnc(NC4CCCCC4)n3)cn2)cc1,0.3894736842105263
c1cc(-c2ccsc2)nc(Nc2ccnc(NC3CCCCC3)n2)n1,c1ccc(Cn2cc(-c3ccnc(NC4CCCCC4)n3)cn2)cc1,0.3894736842105263
O=c1nc(-c2ccnc(NC3CCC3)n2)cc[nH]1,c1cc(-c2cn[nH]c2C2CCCCC2)nc(NC2CCCC2)n1,0.38961038961038963
c1cc(-c2cn(C3CCCC3)cn2)nc(NC2CCCC2)n1,c1cc(-c2cn[nH]c2C2CCCCC2)nc(NC2CCCC2)n1,0.3902439024390244
O=c1nc(-c2ccnc(NC3CCCC3)n2)ccn1CC1CCCCC1,c1cc(-c2cn[nH]c2C2CCCCC2)nc(NC2CCCC2)n1,0.39080459770114945
O=C1CCC(Cn2ccc(-c3ccnc(NC4CCCCC4)n3)n2)C1,c1ccc(Cn2cc(-c3ccnc(NC4CCCCC4)n3)cn2)cc1,0.3917525773195876
c1cc(-c2nncc(NC3CCOCC3)n2)nc(NC2CCCCC2)n1,c1cc(-c2cn[nH]c2C2CCCOC2)nc(NC2CCCCC2)n1,0.3917525773195876
c1cc(-c2ccon2)nc(NC2CCC2)n1,c1cc(-c2cn[nH]c2C2CCCCC2)nc(NC2CCCC2)n1,0.3918918918918919
O=C1CCNN1c1ccc(Nc2nccc(-c3cn[nH]c3)n2)cc1,c1ccc(-c2ccnc(Nc3ccc(-n4cncn4)cc3)n2)cc1,0.39325842696629215
C1=CCC(Nc2nccc(-c3cnn(C4CCC4)c3)n2)CC1,c1ccc(Cn2cc(-c3ccnc(NC4CCCCC4)n3)cn2)cc1,0.39361702127659576
c1ccc(-c2ccnc(NC3CCC(SC4CCCCC4)C3)n2)cc1,c1ccc(Cn2cc(-c3ccnc(NC4CCCCC4)n3)cn2)cc1,0.39361702127659576
c1ccc(-c2ccnc(NC3CCC4(CCCC4)C3)n2)cc1,c1ccc(Nc2nccc(-c3ccccc3)n2)cc1,0.39436619718309857
c1cc(-c2c[nH]nc2SC2CC2)nc(NC2CC2)n1,c1cnn2ncc(-c3ccnc(NC4CC4)n3)c2c1,0.3950617283950617
C1=CCC(Nc2nccc(-c3cccnc3)n2)C1,O=C(Nc1ccc(Nc2nccc(-c3cccnc3)n2)cc1)c1ccccc1,0.3950617283950617
c1cc(-c2ccn(-c3ccsc3)n2)nc(NC2CCCCC2)n1,c1cnc2[nH]cc(-c3ccnc(NC4CCCCC4)n3)c2c1,0.3956043956043956
c1cc(-c2cn[nH]c2)nc(NC2CCCCNCC2)n1,c1ccn2c(-c3ccnc(NC4CCNCC4)n3)cnc2c1,0.3956043956043956
O=c1nc(-c2ccnc(NC3CCNCC3)n2)ccn1CC1CCCCC1,c1ccn2c(-c3ccnc(NC4CCNCC4)n3)cnc2c1,0.3958333333333333
c1cc(-c2ccnc(NC3CC3)n2)cnn1,c1cnn2ncc(-c3ccnc(NC4CC4)n3)c2c1,0.3972602739726027
c1c[nH]c(-c2ccnc(NC3CC3)n2)c1,c1cnn2ncc(-c3ccnc(NC4CC4)n3)c2c1,0.3972602739726027
c1cc(-c2cnnc(NC3CC3)n2)nc(NC2CCC2)n1,c1cc(-c2cn[nH]c2C2CCCCC2)nc(NC2CCCC2)n1,0.3974358974358974
c1cc(-c2ccc(OC3CCCC3)cn2)nc(NC2CCCC2)n1,c1cc(-c2cn[nH]c2C2CCCCC2)nc(NC2CCCC2)n1,0.39759036144578314
O=c1nc(-c2ccnc(NC3CCCCC3)n2)ccn1CC1CC1,c1cnc2[nH]cc(-c3ccnc(NC4CCCCC4)n3)c2c1,0.3977272727272727
c1cc(-c2[nH]ncc2NC2CCOCC2)nc(NC2CCC2)n1,c1cc(-c2cn[nH]c2C2CCCOC2)nc(NC2CCCCC2)n1,0.3978494623655914
c1cc(-c2nccc(NC3CCOCC3)n2)nc(NC2CCCCC2)n1,c1cc(-c2cn[nH]c2C2CCCOC2)nc(NC2CCCCC2)n1,0.3978494623655914
c1cc(-c2ccnn2C2CCOCC2)nc(NC2CCCNCC2)n1,c1ccn2c(-c3ccnc(NC4CCNCC4)n3)cnc2c1,0.3979591836734694
C1=CCC(Nc2nccc(-c3cnn(C4CCCC4)c3)n2)CC1,c1ccc(Cn2cc(-c3ccnc(NC4CCCCC4)n3)cn2)cc1,0.4
c1cc(-c2cnn(C3CCC(N4CCC4)C3)c2)nc(NC2CC2)n1,c1ccc(Cn2cc(-c3ccnc(NC4CCCCC4)n3)cn2)cc1,0.4
c1cc(-c2ccnc(NC3CCOCC3)n2)nc(NC2CCC2)n1,c1cc(-c2cn[nH]c2C2CCCOC2)nc(NC2CCCCC2)n1,0.4
C1=CCC(Nc2nccc(-c3ccnc(NC4CC4)n3)n2)C1,c1cnn2ncc(-c3ccnc(NC4CC4)n3)c2c1,0.4
c1ccc(-c2ccnc(NC3CCC(SC4CC4)C3)n2)cc1,c1ccc(Nc2nccc(-c3ccccc3)n2)cc1,0.4
c1ccc(-c2ccnc(NC3CCC(C4CCCC4)C3)n2)cc1,c1ccc(Nc2nccc(-c3ccccc3)n2)cc1,0.4
c1cc(-c2cnn(C3CCCC3)c2)nc(NC2CCCNC2)n1,c1ccc(Cn2cc(-c3ccnc(NC4CCCCC4)n3)cn2)cc1,0.4
c1ccc(-c2ccnc(NC3COC(CN4CCCC4)C3)n2)cc1,c1ccc(-c2noc(CN3CCCCC3)c2-c2ccnc(NC3CCCCC3)n2)cc1,0.4019607843137255
c1cc(-c2ccnc(N3CCOCC3)n2)nc(NC2CCCCC2)n1,c1cc(-c2cn[nH]c2C2CCCOC2)nc(NC2CCCCC2)n1,0.40217391304347827
c1cc(-c2ccn(CC3CCCCC3)n2)nc(NC2CCCC2)n1,c1ccc(Cn2cc(-c3ccnc(NC4CCCCC4)n3)cn2)cc1,0.40217391304347827
c1cc(-c2ccc(OCC3CCCC3)cn2)nc(NC2CCCCC2)n1,c1ccc(Cn2cc(-c3ccnc(NC4CCCCC4)n3)cn2)cc1,0.40217391304347827
c1cc(-c2ccnn2C2CCC2)nc(NC2CC2)n1,c1cnn2ncc(-c3ccnc(NC4CC4)n3)c2c1,0.4025974025974026
c1cc(-c2nccs2)nc(NC2CC2)n1,c1cnn2ncc(-c3ccnc(NC4CC4)n3)c2c1,0.4027777777777778
c1cc(-c2cc[nH]c2)nc(NC2CCCOC2)n1,c1cc(-c2cn[nH]c2C2CCCOC2)nc(NC2CCCCC2)n1,0.4044943820224719
O=c1nc(-c2ccnc(NC3CCCCC3)n2)ccn1C1CCCC1,c1cc(-c2cn[nH]c2C2CCCCC2)nc(NC2CCCC2)n1,0.40476190476190477
O=c1nc(-c2ccnc(NC3CCCCC3)n2)ccn1C1CCCCC1,c1cc(-c2cn[nH]c2C2CCCCC2)nc(NC2CCCC2)n1,0.40476190476190477
c1cc(-c2cc(C3CCC3)[nH]n2)nc(NC2CC2)n1,c1cc(-c2cn[nH]c2C2CCCCC2)nc(NC2CCCC2)n1,0.4050632911392405
c1cc(-c2cn[nH]c2)nc(NC2CC2)n1,c1cc(-c2cn[nH]c2C2CCCCC2)nc(NC2CCCC2)n1,0.40540540540540543
c1cc(-c2cc[nH]n2)nc(NC2CCC2)n1,c1cc(-c2cn[nH]c2C2CCCCC2)nc(NC2CCCC2)n1,0.40540540540540543
c1ccc(-c2ccnc(NC3CC4CCCC(C3)O4)n2)cc1,c1ccc(Nc2nccc(-c3ccccc3)n2)cc1,0.4057971014492754
O=C1CC(Nc2nccc(-c3ccccc3)n2)CCN1,c1ccc(Nc2nccc(-c3ccccc3)n2)cc1,0.4057971014492754
c1ccc(-n2cc(-c3ccnc(NC4CCCOCC4)n3)cn2)nc1,c1ccc(Cn2cc(-c3ccnc(NC4CCCCC4)n3)cn2)cc1,0.40594059405940597
C=C1CCC(Nc2nccc(-c3cnn(C4CCCCC4)c3)n2)C1,c1ccc(Cn2cc(-c3ccnc(NC4CCCCC4)n3)cn2)cc1,0.40625
c1cc(-c2cnn(C3CCC3)c2)nc(NC2CCCOCC2)n1,c1ccc(Cn2cc(-c3ccnc(NC4CCCCC4)n3)cn2)cc1,0.40625
O=C1CCC(Nc2nccc(-c3cnn(C4CCCCC4)c3)n2)C1,c1ccc(Cn2cc(-c3ccnc(NC4CCCCC4)n3)cn2)cc1,0.40625
c1cc(-c2[nH]ncc2-c2ccnc(NC3CCOCC3)n2)ncn1,c1cc(-c2cn[nH]c2C2CCCOC2)nc(NC2CCCCC2)n1,0.40625
c1ccc(-c2ccnc(NC3CCN(C4CCCC4)C3)n2)cc1,c1ccc(Cn2cc(-c3ccnc(NC4CCCCC4)n3)cn2)cc1,0.4065934065934066
c1cc(-c2cnc(SCC3CCCCC3)nc2)nc(NC2CC2)n1,c1ccc(Cn2cc(-c3ccnc(NC4CCCCC4)n3)cn2)cc1,0.4065934065934066
O=C1CCCN1c1nc(-c2ccnc(NC3CCCCC3)n2)c[nH]1,c1cnc2[nH]cc(-c3ccnc(NC4CCCCC4)n3)c2c1,0.4065934065934066
c1cc(-c2cn(CC3CCC3)cn2)nc(NC2CCCCC2)n1,c1ccc(Cn2cc(-c3ccnc(NC4CCCCC4)n3)cn2)cc1,0.4065934065934066
c1cc(-c2ccnc(NC3CCCC3)n2)cc(NC2CCC2)n1,c1ccc(Cn2cc(-c3ccnc(NC4CCCCC4)n3)cn2)cc1,0.4069767441860465
c1cc(-c2ccn(C3CCCC3)n2)nc(NC2CCCC2)n1,c1cc(-c2cn[nH]c2C2CCCCC2)nc(NC2CCCC2)n1,0.4074074074074074
c1cc(-c2ccnc(OC3CCCCC3)n2)nc(NC2CCCCC2)n1,c1cc(-c2cn[nH]c2C2CCCCC2)nc(NC2CCCC2)n1,0.4074074074074074
c1cc(-c2ccnc(N3CCCC3)n2)nc(NC2CCCCC2)n1,c1cc(-c2cn[nH]c2C2CCCCC2)nc(NC2CCCC2)n1,0.4074074074074074
O=C1CCCC(Nc2nccc(-c3cnn(C4CCCCC4)c3)n2)C1,c1ccc(Cn2cc(-c3ccnc(NC4CCCCC4)n3)cn2)cc1,0.40816326530612246
c1nncc(-c2ccnc(NC3CC3)n2)n1,c1cnn2ncc(-c3ccnc(NC4CC4)n3)c2c1,0.4084507042253521
c1cc(-c2ccn(-c3cn[nH]c3)c2)nc(NC2CCCC2)n1,c1ccc(Cn2cc(-c3ccnc(NC4CCCCC4)n3)cn2)cc1,0.40860215053763443
c1cc(-c2cnn(C3CCCOC3)c2)nc(NC2CC2)n1,c1ccc(Cn2cc(-c3ccnc(NC4CCCCC4)n3)cn2)cc1,0.40860215053763443
S=C1CC(Nc2nccc(-c3ccccc3)n2)CN1C1CCCCC1,c1ccc(Cn2cc(-c3ccnc(NC4CCCCC4)n3)cn2)cc1,0.40860215053763443
c1cc(-c2cnn(C3CCCC3)c2)nc(NC2CCSC2)n1,c1ccc(Cn2cc(-c3ccnc(NC4CCCCC4)n3)cn2)cc1,0.40860215053763443
c1cc(-c2cn[nH]c2-c2ccnc(NC3CC3)n2)nc(NCC2CC2)n1,c1cc(-c2cn[nH]c2C2CCCCC2)nc(NC2CCCC2)n1,0.4090909090909091
O=C1CCN1c1ccc(Nc2nccc(-c3cn[nH]c3)n2)cc1,O=C1CCCN1c1ccc(Nc2nccc(Nc3ccccc3)n2)cc1,0.4090909090909091
c1cc(-c2[nH]ccc2-c2ccnc(NC3CCC3)n2)ncn1,c1cc(-c2cn[nH]c2C2CCCCC2)nc(NC2CCCC2)n1,0.40963855421686746
c1cc(-c2ccnc(NC3CC3)n2)nc(NC2CCCOCC2)n1,c1cc(-c2cn[nH]c2C2CCCOC2)nc(NC2CCCCC2)n1,0.40963855421686746
c1cc(-c2csc(SCC3CCC3)c2)nc(NC2CCCCC2)n1,c1ccc(Cn2cc(-c3ccnc(NC4CCCCC4)n3)cn2)cc1,0.4105263157894737
c1cc(-c2cnn(C3CCCCC3)c2)nc(NC2CCOC2)n1,c1ccc(Cn2cc(-c3ccnc(NC4CCCCC4)n3)cn2)cc1,0.4105263157894737
c1ccc(-n2cc(-c3ccnc(NC4CCNC4)n3)cn2)cc1,c1ccc(Cn2cc(-c3ccnc(NC4CCCCC4)n3)cn2)cc1,0.4105263157894737
c1cnc(-c2ccnc(NC3CCC3)n2)cn1,c1cc(-c2cn[nH]c2C2CCCCC2)nc(NC2CCCC2)n1,0.410958904109589
c1cc(-c2cnn(C3CC3)c2)nc(NC2CCOCC2)n1,c1ccc(Cn2cc(-c3ccnc(NC4CCCCC4)n3)cn2)cc1,0.4111111111111111
c1cc(-c2c[nH]nc2-c2ccnc(NC3CCCCC3)n2)ncn1,c1cnc2[nH]cc(-c3ccnc(NC4CCCCC4)n3)c2c1,0.4111111111111111
c1ccc(-c2ccnc(NC3CCC(CC4CC4)C3)n2)cc1,c1ccc(Nc2nccc(-c3ccccc3)n2)cc1,0.4117647058823529
c1ccc(-c2ccnc(NC3CCC4OC4C3)n2)cc1,c1ccc(Nc2nccc(-c3ccccc3)n2)cc1,0.4117647058823529
O=C1CCCCC1Nc1nccc(-c2ccccc2)n1,c1ccc(Nc2nccc(-c3ccccc3)n2)cc1,0.4117647058823529
c1ccc(-c2ccnc(NC3CCC(CNC4CCNC4)C3)n2)cc1,c1ccc(-c2nc(C3CCNCC3)[nH]c2-c2ccnc(NC3CC3)n2)cc1,0.41237113402061853
c1cc(-c2csc(NC3CCCCC3)n2)nc(NC2CCC2)n1,c1cc(-c2cn[nH]c2C2CCCCC2)nc(NC2CCCC2)n1,0.4125
C1=CC(Nc2nccc(-c3ccnc(NC4CCCCC4)n3)n2)CCC1,c1cc(-c2cn[nH]c2C2CCCCC2)nc(NC2CCCC2)n1,0.4125
c1cc(-c2csc(SC3CCC3)c2)nc(NC2CCCCC2)n1,c1ccc(Cn2cc(-c3ccnc(NC4CCCCC4)n3)cn2)cc1,0.41304347826086957
C1=CC(n2cc(-c3ccnc(NC4CC4)n3)cn2)CCC1,c1ccc(Cn2cc(-c3ccnc(NC4CCCCC4)n3)cn2)cc1,0.41304347826086957
c1cc(-c2cc(C3CCC3)[nH]n2)nc(NC2CCNCC2)n1,c1ccc(-c2[nH]c3ccccc3c2-c2ccnc(NC3CCNCC3)n2)cc1,0.41304347826086957
c1cc(-c2ccnn2C2CC2)nc(NC2CC2)n1,c1cnn2ncc(-c3ccnc(NC4CC4)n3)c2c1,0.41333333333333333
c1cc(-c2cnn(CCOC3COC3)c2)nc(NC2CCOC2)n1,c1ccc(Cn2cc(-c3ccnc(NC4CCCCC4)n3)cn2)cc1,0.41414141414141414
c1cc(-c2cn[nH]c2-c2ccnc(NC3CC3)n2)ncn1,c1cc(-c2cn[nH]c2C2CCCCC2)nc(NC2CCCC2)n1,0.4146341463414634
c1cc(-c2cn(C3CCCCC3)cn2)nc(NC2CCCC2)n1,c1cc(-c2cn[nH]c2C2CCCCC2)nc(NC2CCCC2)n1,0.4146341463414634
O=c1[nH]scc1-c1ccnc(NC2CCCCOCC2)n1,c1cc(-c2cn[nH]c2C2CCCOC2)nc(NC2CCCCC2)n1,0.4148936170212766
c1cc(-c2nccc(NC3CCCC3)n2)nc(NC2CCCC2)n1,c1cc(-c2cn[nH]c2C2CCCCC2)nc(NC2CCCC2)n1,0.4155844155844156
c1cc(-c2cc[nH]c2)nc(NC2CCC2)n1,c1cnc2[nH]cc(-c3ccnc(NC4CCCCC4)n3)c2c1,0.4155844155844156
c1c[nH]c(-c2ccnc(NC3CCC3)n2)c1,c1cnc2[nH]cc(-c3ccnc(NC4CCCCC4)n3)c2c1,0.4155844155844156
c1cc(-c2cn[nH]c2)nc(NC2CCCOC2)n1,c1cc(-c2cn[nH]c2C2CCCOC2)nc(NC2CCCCC2)n1,0.4157303370786517
c1cc(-c2ccn(C3CCOCC3)n2)nc(NC2CCCCC2)n1,c1cnc2[nH]cc(-c3ccnc(NC4CCCCC4)n3)c2c1,0.4157303370786517
c1cc(-c2cnn(C3CCC3)c2)nc(NC2CCOCC2)n1,c1ccc(Cn2cc(-c3ccnc(NC4CCCCC4)n3)cn2)cc1,0.4175824175824176
c1cc(-c2c[nH]nc2N2CCCC2)nc(NC2CCNCC2)n1,c1ccn2c(-c3ccnc(NC4CCNCC4)n3)cnc2c1,0.4175824175824176
C=C1CCC(n2cc(-c3ccnc(NC4CC4)n3)cn2)C1,c1ccc(Cn2cc(-c3ccnc(NC4CCCCC4)n3)cn2)cc1,0.4175824175824176
O=C1CCC(Nc2nccc(-c3cnn(C4CCC4)c3)n2)CC1,c1ccc(Cn2cc(-c3ccnc(NC4CCCCC4)n3)cn2)cc1,0.4175824175824176
c1cc(-c2cncc(NC3CCCC3)n2)nc(NC2CCCC2)n1,c1cc(-c2cn[nH]c2C2CCCCC2)nc(NC2CCCC2)n1,0.4177215189873418
c1cc(-c2cnn(C3CC3)c2-c2ccnc(C3CC3)n2)nc(NC2CC2)n1,c1cnn2ncc(-c3ccnc(NC4CC4)n3)c2c1,0.4186046511627907
c1cc(-c2c[nH]nn2)nc(NC2CCC2)n1,c1cc(-c2cn[nH]c2C2CCCCC2)nc(NC2CCCC2)n1,0.4189189189189189
O=C1CC(Nc2nccc(-c3ccccc3)n2)CN1C1CCCCC1,c1ccc(Cn2cc(-c3ccnc(NC4CCCCC4)n3)cn2)cc1,0.41935483870967744
c1cnc(-c2ccnc(NC3CC3)n2)nc1,c1cnn2ncc(-c3ccnc(NC4CC4)n3)c2c1,0.42028985507246375
c1cc(-c2cn(C3CCCC3)cn2)nc(NC2CCCCC2)n1,c1ccc(Cn2cc(-c3ccnc(NC4CCCCC4)n3)cn2)cc1,0.42045454545454547
C1=CC(n2ccc(-c3ccnc(NC4CCCC4)n3)c2)C1,c1ccc(Cn2cc(-c3ccnc(NC4CCCCC4)n3)cn2)cc1,0.42045454545454547
c1ccc(-c2ccnc(NC3CCCC4(CC3)CC4)n2)cc1,c1ccc(Cn2cc(-c3ccnc(NC4CCCCC4)n3)cn2)cc1,0.42045454545454547
c1cc(-c2cn(C3CCCCC3)cn2)nc(NC2CCCCC2)n1,c1ccc(Cn2cc(-c3ccnc(NC4CCCCC4)n3)cn2)cc1,0.42045454545454547
c1cc(-c2ccnc(NC3CCCCCCC3)n2)ncn1,c1cc(-c2cn[nH]c2C2CCCCC2)nc(NC2CCCC2)n1,0.42105263157894735
C1=CCC(Nc2nccc(-c3cnn(C4CCCCC4)c3)n2)CC1,c1ccc(Cn2cc(-c3ccnc(NC4CCCCC4)n3)cn2)cc1,0.42105263157894735
c1cc(-c2cnn(CC3CCC3)c2)nc(NC2CCCCO2)n1,c1ccc(Cn2cc(-c3ccnc(NC4CCCCC4)n3)cn2)cc1,0.42105263157894735
c1cc(-c2cnn(C3CCCCC3)c2)nc(NC2CCCNC2)n1,c1ccc(Cn2cc(-c3ccnc(NC4CCCCC4)n3)cn2)cc1,0.42105263157894735
C1=CCC(Nc2nccc(-c3ccnc(NC4CCCC4)n3)n2)CC1,c1cc(-c2cn[nH]c2C2CCCCC2)nc(NC2CCCC2)n1,0.42105263157894735
O=c1nc(-c2ccnc(NC3CC3)n2)cn[nH]1,c1cc(-c2cn[nH]c2C2CCCCC2)nc(NC2CCCC2)n1,0.42105263157894735
c1cc(-c2ccnc(-c3cnn(C4CCCC4)c3)n2)nc(NC2CCCCC2)n1,c1ccc(Cn2cc(-c3ccnc(NC4CCCCC4)n3)cn2)cc1,0.42105263157894735
O=c1nc(-c2ccnc(NC3CCCC3)n2)ccn1C1CCCCC1,c1cc(-c2cn[nH]c2C2CCCCC2)nc(NC2CCCC2)n1,0.42168674698795183
O=C1CCCN1c1c(-c2ccnc(NC3CCCCC3)n2)ccn1C1CC1,c1cc(-c2cn[nH]c2C2CCCCC2)nc(NC2CCCC2)n1,0.4222222222222222
O=C1CCCN1c1ccc(Nc2nccc(-c3cn[nH]c3N3CCCOCC3)n2)cc1,O=C1CCCN1c1ccc(Nc2nccc(Nc3ccccc3)n2)cc1,0.4230769230769231
O=c1nccc(-c2ccnc(NC3CCCCCC3)n2)[nH]1,c1cc(-c2cn[nH]c2C2CCCCC2)nc(NC2CCCC2)n1,0.4230769230769231
c1cc(-c2ccnc(NC3CCCOC3)n2)nc(NC2CCOCC2)n1,c1cc(-c2cn[nH]c2C2CCCOC2)nc(NC2CCCCC2)n1,0.4235294117647059
c1cc(-c2csc(-c3ccsc3)c2)nc(NC2CCCCC2)n1,c1ccc(Cn2cc(-c3ccnc(NC4CCCCC4)n3)cn2)cc1,0.42391304347826086
O=C1CCC(Nc2nccc(-c3cnn(C4CCCC4)c3)n2)CC1,c1ccc(Cn2cc(-c3ccnc(NC4CCCCC4)n3)cn2)cc1,0.42391304347826086
c1cc(-c2ccnc(NC3CCSCC3)n2)ccn1,c1ccc(Nc2nccc(-c3ccncc3)n2)cc1,0.42424242424242425
O=C1CC(Nc2nccc(-c3ccccc3)n2)CO1,c1ccc(Nc2nccc(-c3ccccc3)n2)cc1,0.42424242424242425
c1ccc(-c2ccnc(NC3CC4(CCCC4)C3)n2)cc1,c1ccc(Nc2nccc(-c3ccccc3)n2)cc1,0.42424242424242425
c1ccc(-c2ccnc(NC3CC4CCC(C3)O4)n2)cc1,c1ccc(Nc2nccc(-c3ccccc3)n2)cc1,0.42424242424242425
O=S1CCC(Nc2nccc(-c3ccccc3)n2)C1,c1ccc(Nc2nccc(-c3ccccc3)n2)cc1,0.42424242424242425
c1ccc(-c2ccnc(NC3CC4COC4C3)n2)cc1,c1ccc(Nc2nccc(-c3ccccc3)n2)cc1,0.42424242424242425
C1=CC(Nc2nccc(-c3ccccc3)n2)CCC1,c1ccc(Nc2nccc(-c3ccccc3)n2)cc1,0.42424242424242425
C=C1CC(Nc2nccc(-c3ccccc3)n2)CO1,c1ccc(Nc2nccc(-c3ccccc3)n2)cc1,0.42424242424242425
c1cc(-c2cnsc2)nc(NC2CCC2)n1,c1ccc(Cn2cc(-c3ccnc(NC4CCCCC4)n3)cn2)cc1,0.425
c1cc(-c2nc(NC3CC3)ncc2-c2ccnc(NC3CC3)n2)ncn1,c1cnn2ncc(-c3ccnc(NC4CC4)n3)c2c1,0.425
O=C1CC(N2CCCC(Nc3nccc(-c4cnn(CC5CCC5)c4)n3)C2)C1,c1ccc(Cn2cc(-c3ccnc(NC4CCCCC4)n3)cn2)cc1,0.42574257425742573
c1ccc(-c2ccnc(NC3CCC3)n2)nc1,c1cnc2[nH]cc(-c3ccnc(NC4CCCCC4)n3)c2c1,0.4266666666666667
c1cc(-c2cnnc(SCC3CCCCC3)c2)nc(NC2CCCCC2)n1,c1ccc(Cn2cc(-c3ccnc(NC4CCCCC4)n3)cn2)cc1,0.4270833333333333
c1cnc(-c2ccnc(NC3CC3)n2)cn1,c1cnn2ncc(-c3ccnc(NC4CC4)n3)c2c1,0.42857142857142855
c1cc(-c2cnn(C3CC3)c2-c2ncon2)nc(NC2CC2)n1,c1cnn2ncc(-c3ccnc(NC4CC4)n3)c2c1,0.42857142857142855
c1ccc(-c2ccnc(NC3CCC4(CCC4)CC3)n2)cc1,c1ccc(Cn2cc(-c3ccnc(NC4CCCCC4)n3)cn2)cc1,0.42857142857142855
c1cc(-c2cnn(C3CC3)c2-c2cn[nH]c2)nc(NC2CC2)n1,c1cnn2ncc(-c3ccnc(NC4CC4)n3)c2c1,0.42857142857142855
c1cc(-c2csc(CC3CCC3)c2)nc(NC2CCCCC2)n1,c1ccc(Cn2cc(-c3ccnc(NC4CCCCC4)n3)cn2)cc1,0.42857142857142855
c1cc(-c2csc(CN3CCCC3)c2)nc(NC2CCCC2)n1,c1ccc(-c2noc(CN3CCCCC3)c2-c2ccnc(NC3CCCCC3)n2)cc1,0.43
O=C1CCC(Cn2cc(-c3ccnc(NC4CCCNC4)n3)cn2)CC1,c1ccc(Cn2cc(-c3ccnc(NC4CCCCC4)n3)cn2)cc1,0.43
c1cc(-c2cnn(C3CCCCCC3)c2)nc(NC2CCOCC2)n1,c1ccc(Cn2cc(-c3ccnc(NC4CCCCC4)n3)cn2)cc1,0.43010752688172044
c1cc(-c2cnn(C3COC3)c2)nc(NC2CC2)n1,c1ccc(Cn2cc(-c3ccnc(NC4CCCCC4)n3)cn2)cc1,0.43023255813953487
c1cc(-c2cnn(C3CNC3)c2)nc(NC2CC2)n1,c1ccc(Cn2cc(-c3ccnc(NC4CCCCC4)n3)cn2)cc1,0.43023255813953487
C1=CC(n2cc(-c3ccnc(NC4CC4)n3)cn2)C1,c1ccc(Cn2cc(-c3ccnc(NC4CCCCC4)n3)cn2)cc1,0.43023255813953487
c1cc(-c2ccn(C3CCCC3)c2)nc(NC2CCCC2)n1,c1ccc(Cn2cc(-c3ccnc(NC4CCCCC4)n3)cn2)cc1,0.43023255813953487
c1cncc(-c2ccnc(NC3CC3)n2)c1,c1cnn2ncc(-c3ccnc(NC4CC4)n3)c2c1,0.4305555555555556
c1ccc(-c2ccnc(NC3CC4(COC4)C3)n2)cc1,c1ccc(Nc2nccc(-c3ccccc3)n2)cc1,0.4307692307692308
c1cc(-c2cn[nH]c2)nc(Nc2ccc(N3CCCCC3)cc2)n1,c1cc(-c2cncs2)nc(Nc2ccc(N3CCNCC3)cc2)n1,0.4318181818181818
c1cc(-c2csc(C3CCCC3)c2)nc(NC2CCCCC2)n1,c1ccc(Cn2cc(-c3ccnc(NC4CCCCC4)n3)cn2)cc1,0.4318181818181818
O=c1nc(-c2ccnc(NC3CCCCCCCC3)n2)cc[nH]1,c1cnc2[nH]cc(-c3ccnc(NC4CCCCC4)n3)c2c1,0.43209876543209874
O=c1nc(-c2ccnc(NC3CCCCCCC3)n2)cc[nH]1,c1cnc2[nH]cc(-c3ccnc(NC4CCCCC4)n3)c2c1,0.43209876543209874
c1cc(-c2ccn(C3CCCCC3)n2)nc(NC2CCCC2)n1,c1cc(-c2cn[nH]c2C2CCCCC2)nc(NC2CCCC2)n1,0.43209876543209874
c1cc(-c2[nH]ncc2-c2cnc(NC3CC3)nc2)nc(NC2CC2)n1,c1cc(-c2cn[nH]c2C2CCCCC2)nc(NC2CCCC2)n1,0.43209876543209874
c1ccc(-c2ccnc(Nc3ccnc(NC4CCOC4)n3)n2)cc1,c1ccc(Nc2nccc(-c3ccccc3)n2)cc1,0.43243243243243246
c1cc(-c2cn[nH]c2)nc(NC2CCC2)n1,c1cc(-c2cn[nH]c2C2CCCCC2)nc(NC2CCCC2)n1,0.43243243243243246
c1cc(-c2cnn(C3CCCCC3)c2)nc(NC2CCCOCC2)n1,c1ccc(Cn2cc(-c3ccnc(NC4CCCCC4)n3)cn2)cc1,0.4329896907216495
O=C1CCCN1c1[nH]ncc1-c1ccnc(Nc2ccccc2)n1,O=C1CCCN1c1ccc(Nc2nccc(Nc3ccccc3)n2)cc1,0.43333333333333335
c1cc(-c2ccc(NC3CCCC3)nc2)nc(NC2CCCC2)n1,c1ccc(Cn2cc(-c3ccnc(NC4CCCCC4)n3)cn2)cc1,0.43373493975903615
c1cc(-c2c(-c3ccnc(NC4CC4)n3)cnn2C2CC2)ncn1,c1cnn2ncc(-c3ccnc(NC4CC4)n3)c2c1,0.43373493975903615
O=C1C=CCN1c1ccc(Nc2nccc(-c3ccccc3)n2)c(=O)[nH]1,c1ccc(Nc2nccc(-c3ccccc3)n2)cc1,0.4342105263157895
O=c1nc(-c2ccnc(NC3CCCC3)n2)cc[nH]1,c1cc(-c2cn[nH]c2C2CCCCC2)nc(NC2CCCC2)n1,0.4342105263157895
c1ccc(-c2ccnc(NC3CCCCNC3)n2)cc1,c1ccc(-c2nc(C3CCNCC3)[nH]c2-c2ccnc(NC3CCCCC3)n2)cc1,0.43478260869565216
c1cc(-c2ccn(C3CCC3)c2)nc(NC2CCCC2)n1,c1ccc(Cn2cc(-c3ccnc(NC4CCCCC4)n3)cn2)cc1,0.43529411764705883
c1cc(-c2c[nH]nc2-c2ccnc(NC3CCC3)n2)nc(NC2CCC2)n1,c1cc(-c2cn[nH]c2C2CCCCC2)nc(NC2CCCC2)n1,0.4358974358974359
c1cc(-c2nccc(NC3CCCC3)n2)nc(NC2CCCCC2)n1,c1cc(-c2cn[nH]c2C2CCCCC2)nc(NC2CCCC2)n1,0.4358974358974359
c1cc(-c2nccc(NC3CCCCC3)n2)nc(NC2CCCC2)n1,c1cc(-c2cn[nH]c2C2CCCCC2)nc(NC2CCCC2)n1,0.4358974358974359
c1cc(-c2ccnc(NC3CCNCC3)n2)nc(NCC2CC2)n1,c1ccc(-c2[nH]c3ccccc3c2-c2ccnc(NC3CCNCC3)n2)cc1,0.4367816091954023
c1ccc(-c2ccnc(NC3CCC4(CC3)CC4)n2)cc1,c1ccc(Nc2nccc(-c3ccccc3)n2)cc1,0.4375
c1cc(-c2ccoc2)nc(NC2CCCC2)n1,c1ccc(Cn2cc(-c3ccnc(NC4CCCCC4)n3)cn2)cc1,0.4375
c1cc(-c2cncc(NC3CCCC3)n2)nc(NC2CCCCC2)n1,c1cc(-c2cn[nH]c2C2CCCCC2)nc(NC2CCCC2)n1,0.4375
O=c1cncc(-c2ccnc(NC3CCCCC3)n2)[nH]1,c1cc(-c2cn[nH]c2C2CCCCC2)nc(NC2CCCC2)n1,0.4375
O=c1ccc(-c2ccnc(NC3CCCC3)n2)c[nH]1,c1cnc2[nH]cc(-c3ccnc(NC4CCCCC4)n3)c2c1,0.4375
c1cc(-c2cnn(-c3ccnc(NC4CCCC4)n3)c2)nc(NC2CCOCC2)n1,c1ccc(Cn2cc(-c3ccnc(NC4CCCCC4)n3)cn2)cc1,0.4375
c1ccc(-c2ccnc(NC3CC4CCC(C4)C3)n2)cc1,c1ccc(Nc2nccc(-c3ccccc3)n2)cc1,0.4375
c1cc(-c2cnc(-c3cn[nH]c3)cn2)nc(NC2CCCC2)n1,c1cc(-c2cn[nH]c2C2CCCCC2)nc(NC2CCCC2)n1,0.4375
c1cncc(-n2ccc(-c3ccnc(NC4CCCCC4)n3)n2)c1,c1cnc2[nH]cc(-c3ccnc(NC4CCCCC4)n3)c2c1,0.43820224719101125
c1cc(-c2ccnc(NC3CCCC3)n2)ncn1,c1cc(-c2cn[nH]c2C2CCCCC2)nc(NC2CCCC2)n1,0.4383561643835616
O=C1CCC(Nc2nccc(-c3ccnc(NC4CCCC4)n3)n2)CC1,c1cc(-c2cn[nH]c2C2CCCCC2)nc(NC2CCCC2)n1,0.4383561643835616
c1cc(-c2cn[nH]c2-c2ccnc(NC3CCC3)n2)ncn1,c1cc(-c2cn[nH]c2C2CCCCC2)nc(NC2CCCC2)n1,0.43902439024390244
O=C1CCC(Nc2nccc(-c3ccccc3)n2)CC1,c1ccc(Cn2cc(-c3ccnc(NC4CCCCC4)n3)cn2)cc1,0.43902439024390244
O=C1CCCCN1c1ccc(Nc2nccc(-c3cn[nH]c3)n2)cc1,O=C1CCCN1c1ccc(Nc2nccc(Nc3ccccc3)n2)cc1,0.43956043956043955
C1=CCC(n2cc(-c3ccnc(NC4CCC4)n3)cn2)CC1,c1ccc(Cn2cc(-c3ccnc(NC4CCCCC4)n3)cn2)cc1,0.43956043956043955
c1cc(-c2cnn(C3CC(NC4CC4)C3)c2)nc(NC2CCC2)n1,c1ccc(Cn2cc(-c3ccnc(NC4CCCCC4)n3)cn2)cc1,0.43956043956043955
c1cc(-c2ccnc(NC3CCCCC3)n2)on1,c1cc(-c2cn[nH]c2C2CCCCC2)nc(NC2CCCC2)n1,0.44
c1cc(-c2ccsc2NC2CCCCC2)nc(NC2CCOC2)n1,c1cc(-c2cn[nH]c2C2CCCOC2)nc(NC2CCCCC2)n1,0.44086021505376344
c1ccc(-c2cn[nH]c2-c2ccnc(NC3CCNC3)n2)cc1,c1ccc(-c2nc(C3CCNCC3)[nH]c2-c2ccnc(NC3CC3)n2)cc1,0.44086021505376344
c1cc(-c2cn[nH]c2-c2ccnc(C3CCC3)n2)nc(NC2CCCOCC2)n1,c1cc(-c2cn[nH]c2C2CCCOC2)nc(NC2CCCCC2)n1,0.4411764705882353
O=C1N=CC(c2ccnc(NC3CCCCC3)n2)=N1,c1cc(-c2cn[nH]c2C2CCCCC2)nc(NC2CCCC2)n1,0.44155844155844154
O=c1nccc(-c2ccnc(NC3CCCCC3)n2)[nH]1,c1cc(-c2cn[nH]c2C2CCCCC2)nc(NC2CCCC2)n1,0.44155844155844154
c1cc(-c2cn[nH]c2)nc(Nc2ccc(N3CCCC3)cc2)n1,c1cc(-c2cncs2)nc(Nc2ccc(N3CCNCC3)cc2)n1,0.4418604651162791
c1cc(-c2cnnc(NC3CCCCC3)c2)nc(NC2CCCC2)n1,c1ccc(Cn2cc(-c3ccnc(NC4CCCCC4)n3)cn2)cc1,0.4431818181818182
c1cc(-c2c[nH]nc2N2CCCOCC2)nc(NC2CCCCC2)n1,c1cc(-c2cn[nH]c2C2CCCOC2)nc(NC2CCCCC2)n1,0.44329896907216493
c1cc(-c2ccnc(NC3CCOCC3)n2)nc(NC2CCCC2)n1,c1cc(-c2cn[nH]c2C2CCCCC2)nc(NC2CCCC2)n1,0.4444444444444444
O=C1CCCN1c1[nH]ccc1-c1ccnc(NC2CCCCC2)n1,c1cnc2[nH]cc(-c3ccnc(NC4CCCCC4)n3)c2c1,0.4444444444444444
c1ccc(-c2ccnc(NC3CCSC3)n2)cc1,c1ccc(Nc2nccc(-c3ccccc3)n2)cc1,0.4444444444444444
O=C1NCCN1c1cc(-c2[nH]cnc2-c2ccccc2)ccn1,c1ccc(CNc2cc(-c3[nH]cnc3-c3ccccc3)ccn2)cc1,0.4444444444444444
c1ccc(-c2ccnc(NC3CC4CC(C3)O4)n2)cc1,c1ccc(Nc2nccc(-c3ccccc3)n2)cc1,0.4444444444444444
c1cc(-c2cnoc2)nc(NC2CCCC2)n1,c1ccc(Cn2cc(-c3ccnc(NC4CCCCC4)n3)cn2)cc1,0.4444444444444444
C1=CCC(Nc2nccc(-c3cnn(C4CCCCC4)c3)n2)C1,c1ccc(Cn2cc(-c3ccnc(NC4CCCCC4)n3)cn2)cc1,0.4444444444444444
c1ccc(-c2ccnc(NC3CC[SiH2]CC3)n2)cc1,c1ccc(Nc2nccc(-c3ccccc3)n2)cc1,0.4444444444444444
c1cc(-c2cnn(C3CCNC3)c2)nc(NC2CCC2)n1,c1ccc(Cn2cc(-c3ccnc(NC4CCCCC4)n3)cn2)cc1,0.4444444444444444
c1cc(-c2cnn(C3CCOC3)c2)nc(NC2CCC2)n1,c1ccc(Cn2cc(-c3ccnc(NC4CCCCC4)n3)cn2)cc1,0.4444444444444444
c1cc(NC2CCCC2)nc(-c2ccnc(NC3CCCCC3)n2)c1,c1cnc2[nH]cc(-c3ccnc(NC4CCCCC4)n3)c2c1,0.4444444444444444
c1ccc(-n2cc(-c3ccnc(NC4CCOCC4)n3)cn2)cc1,c1ccc(Cn2cc(-c3ccnc(NC4CCCCC4)n3)cn2)cc1,0.44565217391304346
c1cc(-c2cnn(C3CCCCC3)c2)nc(NC2CCNCC2)n1,c1ccc(Cn2cc(-c3ccnc(NC4CCCCC4)n3)cn2)cc1,0.44565217391304346
c1cc(-c2cn[nH]c2-c2ccnc(NC3CCOCC3)n2)nc(NC2CC2)n1,c1cc(-c2cn[nH]c2C2CCCCC2)nc(NC2CCCC2)n1,0.4457831325301205
c1c[nH]c(-c2ccnc(NC3CCCC3)n2)c1,c1cc(-c2cn[nH]c2C2CCCCC2)nc(NC2CCCC2)n1,0.44594594594594594
c1cc(-c2ccnc(NC3CCCCC3)n2)ncn1,c1cc(-c2cn[nH]c2C2CCCCC2)nc(NC2CCCC2)n1,0.44594594594594594
O=C1CCCC(n2cc(-c3ccnc(NC4CCCC4)n3)cn2)C1,c1ccc(Cn2cc(-c3ccnc(NC4CCCCC4)n3)cn2)cc1,0.44680851063829785
c1cc(-c2ccnc(C3CC3)n2)nc(NC2CCNCC2)n1,c1ccc(-c2[nH]c3ccccc3c2-c2ccnc(NC3CCNCC3)n2)cc1,0.4470588235294118
c1cc(-c2ccnc(NC3CCCCC3)n2)cc(NC2CCCC2)n1,c1ccc(Cn2cc(-c3ccnc(NC4CCCCC4)n3)cn2)cc1,0.4470588235294118
c1cc(-c2ccnc(NC3CCCNC3)n2)nc(NC2CCCCC2)n1,c1cc(-c2cn[nH]c2C2CCCCC2)nc(NC2CCCC2)n1,0.4473684210526316
c1cc(-c2cnn(C3CCOCC3)c2)nc(NC2CCC2)n1,c1ccc(Cn2cc(-c3ccnc(NC4CCCCC4)n3)cn2)cc1,0.449438202247191
c1cc(-c2cnn(C3CCNCC3)c2)nc(NC2CCC2)n1,c1ccc(Cn2cc(-c3ccnc(NC4CCCCC4)n3)cn2)cc1,0.449438202247191
c1cnc(-c2ccnc(NC3CCCC3)n2)nc1,c1cc(-c2cn[nH]c2C2CCCCC2)nc(NC2CCCC2)n1,0.4507042253521127
O=C(C1CCCC(Cn2cc(-c3ccnc(NC4CCC4)n3)cn2)C1)N1CCCC1,c1ccc(Cn2cc(-c3ccnc(NC4CCCCC4)n3)cn2)cc1,0.45098039215686275
O=c1nccc(-c2ccnc(NC3CCNCC3)n2)[nH]1,c1ccn2c(-c3ccnc(NC4CCNCC4)n3)cnc2c1,0.45121951219512196
C1=CC(n2cc(-c3ccnc(NC4CCCC4)n3)cn2)CCO1,c1ccc(Cn2cc(-c3ccnc(NC4CCCCC4)n3)cn2)cc1,0.45161290322580644
c1cc(-c2nc[nH]n2)nc(NC2CCCC2)n1,c1cc(-c2cn[nH]c2C2CCCCC2)nc(NC2CCCC2)n1,0.4520547945205479
c1ccc(-c2ccnc(-c3ccnc(NC4CCCC4)n3)n2)cc1,c1ccc(Cn2cc(-c3ccnc(NC4CCCCC4)n3)cn2)cc1,0.4523809523809524
O=C1CCCN1c1ccc(Nc2nccc(-c3cnn(C4CCCC4)c3)n2)cc1,O=C1CCCN1c1ccc(Nc2nccc(Nc3ccccc3)n2)cc1,0.45263157894736844
c1cc(-c2ccnc(C3CCCC3)n2)nc(NC2CCCC2)n1,c1cc(-c2cn[nH]c2C2CCCCC2)nc(NC2CCCC2)n1,0.4533333333333333
c1ccc(-c2ccnc(NC3CCCC3)n2)nc1,c1cnc2[nH]cc(-c3ccnc(NC4CCCCC4)n3)c2c1,0.4533333333333333
O=C1CCCN1c1ccc(Nc2nccc(-c3c[nH]nc3N3CCOCC3)n2)cc1,O=C1CCCN1c1ccc(Nc2nccc(Nc3ccccc3)n2)cc1,0.4536082474226804
c1cc(-c2ccc(-c3cn[nH]c3)cc2)nc(NC2CCCC2)n1,c1cc(-c2cn[nH]c2C2CCCCC2)nc(NC2CCCC2)n1,0.45454545454545453
O=c1nc(-c2ccnc(NC3CCCCC3)n2)cc[nH]1,c1cnc2[nH]cc(-c3ccnc(NC4CCCCC4)n3)c2c1,0.45569620253164556
c1csc(-c2ccnc(NC3CCOCC3)n2)c1,c1ccc(Nc2nccc(-c3cccs3)n2)cc1,0.45588235294117646
c1cc(-c2c[nH]c(C3CCCCC3)c2)nc(NC2CCCCC2)n1,c1cc(-c2cn[nH]c2C2CCCCC2)nc(NC2CCCC2)n1,0.4567901234567901
O=C1CCC(Nc2nccc(-c3cnn(CC4CCCC4)c3)n2)C1,c1ccc(Cn2cc(-c3ccnc(NC4CCCCC4)n3)cn2)cc1,0.4574468085106383
O=c1c(-c2ccnc(NC3CCCCC3)n2)ccnn1C1CCCCC1,c1cc(-c2cn[nH]c2C2CCCCC2)nc(NC2CCCC2)n1,0.4578313253012048
c1cc(-c2ccnc(NC3CCNCC3)n2)ncn1,c1ccc(-c2[nH]c3ccccc3c2-c2ccnc(NC3CCNCC3)n2)cc1,0.4578313253012048
c1cc(-c2cc[nH]n2)nc(NC2CCNCC2)n1,c1ccc(-c2[nH]c3ccccc3c2-c2ccnc(NC3CCNCC3)n2)cc1,0.4578313253012048
O=c1nc(-c2[nH]ncc2-c2ccnc(NC3CC3)n2)cc[nH]1,c1cc(-c2cn[nH]c2C2CCCCC2)nc(NC2CCCC2)n1,0.4578313253012048
c1cc(-c2c[nH]nc2C2CCSC2)nc(NC2CCCCC2)n1,c1cc(-c2cn[nH]c2C2CCCCC2)nc(NC2CCCC2)n1,0.4588235294117647
c1cc(-c2ccnc(NC3CC3)n2)nc(NC2CC2)n1,c1cnn2ncc(-c3ccnc(NC4CC4)n3)c2c1,0.45901639344262296
c1cc(-c2ccnc(NC3CCC3)n2)nc(NC2CCC2)n1,c1cc(-c2cn[nH]c2C2CCCCC2)nc(NC2CCCC2)n1,0.4603174603174603
c1cc(-c2ccnc(NC3CCC3)n2)ccn1,c1ccc(Cn2cc(-c3ccnc(NC4CCCCC4)n3)cn2)cc1,0.4605263157894737
c1cc(-c2ccsn2)nc(NC2CCCCC2)n1,c1cnc2[nH]cc(-c3ccnc(NC4CCCCC4)n3)c2c1,0.4605263157894737
O=C1CCC(n2cc(-c3ccnc(NC4CCCC4)n3)cn2)C1,c1ccc(Cn2cc(-c3ccnc(NC4CCCCC4)n3)cn2)cc1,0.46153846153846156
C1=CCC(n2cc(-c3ccnc(NC4CCCC4)n3)cn2)CC1,c1ccc(Cn2cc(-c3ccnc(NC4CCCCC4)n3)cn2)cc1,0.46153846153846156
c1cc(-c2cnn(C3CC(N4CCC4)C3)c2)nc(NC2CCCC2)n1,c1ccc(Cn2cc(-c3ccnc(NC4CCCCC4)n3)cn2)cc1,0.46153846153846156
C1=CC(n2cc(-c3ccnc(NC4CCCC4)n3)cn2)CCC1,c1ccc(Cn2cc(-c3ccnc(NC4CCCCC4)n3)cn2)cc1,0.46153846153846156
c1cc(-c2cnn(CC3CCCC3)c2)nc(NC2CCNC2)n1,c1ccc(Cn2cc(-c3ccnc(NC4CCCCC4)n3)cn2)cc1,0.46236559139784944
c1cc(-c2cnn(CC3CCC3)c2)nc(NC2CCCNC2)n1,c1ccc(Cn2cc(-c3ccnc(NC4CCCCC4)n3)cn2)cc1,0.46236559139784944
c1cc(-c2cnn(CC3CCCC3)c2)nc(NC2CCOC2)n1,c1ccc(Cn2cc(-c3ccnc(NC4CCCCC4)n3)cn2)cc1,0.46236559139784944
c1cc(-c2cnc[nH]2)nc(NC2CCNCC2)n1,c1ccn2c(-c3ccnc(NC4CCNCC4)n3)cnc2c1,0.4625
c1cc(-c2cc[nH]c2)nc(NC2CCNCC2)n1,c1ccn2c(-c3ccnc(NC4CCNCC4)n3)cnc2c1,0.4625
c1cc(-c2[nH]ncc2-c2ccnc(NC3CC3)n2)ncn1,c1cc(-c2cn[nH]c2C2CCCCC2)nc(NC2CCCC2)n1,0.4625
c1c[nH]c(-c2ccnc(NC3CCNCC3)n2)c1,c1ccn2c(-c3ccnc(NC4CCNCC4)n3)cnc2c1,0.4625
c1cc(-c2cn[nH]c2)nc(NC2CCCCCCC2)n1,c1ccc(Cn2cc(-c3ccnc(NC4CCCCC4)n3)cn2)cc1,0.4634146341463415
c1cc(-c2cn[nH]c2)nc(NC2CCCCCCCC2)n1,c1ccc(Cn2cc(-c3ccnc(NC4CCCCC4)n3)cn2)cc1,0.4634146341463415
c1cc(-c2ccnc(NC3CCOCC3)n2)nc(NC2CCNCC2)n1,c1ccc(-c2[nH]c3ccccc3c2-c2ccnc(NC3CCNCC3)n2)cc1,0.4634146341463415
c1cc(-c2c[nH]c(-c3ccnc(NC4CCCCC4)n3)c2)nc(NC2CCC2)n1,c1cnc2[nH]cc(-c3ccnc(NC4CCCCC4)n3)c2c1,0.4634146341463415
c1cc(-c2cnc[nH]2)nc(Nc2ccc(N3CCCCC3)cc2)n1,c1cc(-c2cncs2)nc(Nc2ccc(N3CCNCC3)cc2)n1,0.46511627906976744
c1cc(-c2cncc(NC3CCCCC3)c2)nc(NC2CCCC2)n1,c1ccc(Cn2cc(-c3ccnc(NC4CCCCC4)n3)cn2)cc1,0.46511627906976744
c1cnc(-c2ccnc(NC3CCCCC3)n2)cn1,c1cc(-c2cn[nH]c2C2CCCCC2)nc(NC2CCCC2)n1,0.4657534246575342
c1cc(-c2ccn(CC3CO3)c2)nc(NC2CCCCC2)n1,c1ccc(Cn2cc(-c3ccnc(NC4CCCCC4)n3)cn2)cc1,0.4659090909090909
c1cc(-c2ccn(CC3CCCC3)c2)nc(NC2CCCCC2)n1,c1ccc(Cn2cc(-c3ccnc(NC4CCCCC4)n3)cn2)cc1,0.4659090909090909
c1cc(-c2cnn(C3CCNC3)c2)nc(NC2CCCC2)n1,c1ccc(Cn2cc(-c3ccnc(NC4CCCCC4)n3)cn2)cc1,0.4666666666666667
c1cc(-c2cnn(-c3cn[nH]c3)c2)nc(NC2CCCC2)n1,c1ccc(Cn2cc(-c3ccnc(NC4CCCCC4)n3)cn2)cc1,0.4666666666666667
c1c[nH]c(-c2ccnc(NC3CCCCCC3)n2)c1,c1cnc2[nH]cc(-c3ccnc(NC4CCCCC4)n3)c2c1,0.4675324675324675
c1cnnc(-c2ccnc(NC3CCCCC3)n2)c1,c1cnc2[nH]cc(-c3ccnc(NC4CCCCC4)n3)c2c1,0.4675324675324675
c1cc(-c2ccnc(NC3CCOCC3)n2)nc(NC2CCCCC2)n1,c1cc(-c2cn[nH]c2C2CCCOC2)nc(NC2CCCCC2)n1,0.46835443037974683
c1cnc(-c2ccnc(NC3CCNCC3)n2)cn1,c1ccn2c(-c3ccnc(NC4CCNCC4)n3)cnc2c1,0.46835443037974683
c1cc(-c2cn[nH]c2-c2cn[nH]c2)nc(NC2CC2)n1,c1cc(-c2cn[nH]c2C2CCCCC2)nc(NC2CCCC2)n1,0.46835443037974683
c1cc(-c2cnn(C3CN(C4CCOCC4)C3)c2)nc(NC2CCCCC2)n1,c1ccc(Cn2cc(-c3ccnc(NC4CCCCC4)n3)cn2)cc1,0.46875
c1ccc(-c2ccnc(NC3CCNC3)n2)cc1,c1ccc(-c2nc(C3CCNCC3)[nH]c2-c2ccnc(NC3CC3)n2)cc1,0.4691358024691358
c1cc(-c2cn[nH]c2)nc(NC2CCCCCC2)n1,c1ccc(Cn2cc(-c3ccnc(NC4CCCCC4)n3)cn2)cc1,0.4691358024691358
c1cc(-c2cnn(C3CNC3)c2)nc(NC2CCC2)n1,c1ccc(Cn2cc(-c3ccnc(NC4CCCCC4)n3)cn2)cc1,0.47058823529411764
c1cc(-c2c[nH]nc2OC2CCCC2)nc(NC2CCCCC2)n1,c1cnc2[nH]cc(-c3ccnc(NC4CCCCC4)n3)c2c1,0.47058823529411764
c1cc(-c2ccn(C3CCCCC3)c2)nc(NC2CCCCC2)n1,c1ccc(Cn2cc(-c3ccnc(NC4CCCCC4)n3)cn2)cc1,0.47058823529411764
C1=CC(n2cc(-c3ccnc(NC4CCC4)n3)cn2)C1,c1ccc(Cn2cc(-c3ccnc(NC4CCCCC4)n3)cn2)cc1,0.47058823529411764
O=C1CCCN1c1ncccc1-c1ccnc(NC2CCCCC2)n1,c1cnc2[nH]cc(-c3ccnc(NC4CCCCC4)n3)c2c1,0.47126436781609193
C1=CC(n2cc(-c3ccnc(NC4CCCC4)n3)cn2)CC1,c1ccc(Cn2cc(-c3ccnc(NC4CCCCC4)n3)cn2)cc1,0.47191011235955055
c1cc(-c2cnn(C3CCOCC3)c2)nc(NC2CCCC2)n1,c1ccc(Cn2cc(-c3ccnc(NC4CCCCC4)n3)cn2)cc1,0.47191011235955055
O=C1CC(Nc2nccc(-c3cnn(CC4CCC4)c3)n2)C1,c1ccc(Cn2cc(-c3ccnc(NC4CCCCC4)n3)cn2)cc1,0.47191011235955055
c1cncc(-n2ccc(-c3ccnc(NC4CCCCC4)n3)c2)c1,c1ccc(Cn2cc(-c3ccnc(NC4CCCCC4)n3)cn2)cc1,0.4725274725274725
O=C1CCCN1c1ccc(Nc2nccc(-c3cn[nH]c3N3CCC3=O)n2)cc1,O=C1CCCN1c1ccc(Nc2nccc(Nc3ccccc3)n2)cc1,0.4725274725274725
c1cc(-c2cnn(C3CCC(N4CCCC4)C3)c2)nc(NC2CCCCC2)n1,c1ccc(Cn2cc(-c3ccnc(NC4CCCCC4)n3)cn2)cc1,0.47368421052631576
c1cc(-c2c[nH]nn2)nc(NC2CCCCC2)n1,c1cnc2[nH]cc(-c3ccnc(NC4CCCCC4)n3)c2c1,0.47368421052631576
c1ncc(-c2ccnc(NC3CCCC3)n2)cn1,c1ccc(Cn2cc(-c3ccnc(NC4CCCCC4)n3)cn2)cc1,0.47435897435897434
c1cncc(-c2ccnc(NC3CCC3)n2)c1,c1ccc(Cn2cc(-c3ccnc(NC4CCCCC4)n3)cn2)cc1,0.47435897435897434
c1cc(-c2c[nH]cn2)nc(NC2CCNCC2)n1,c1ccn2c(-c3ccnc(NC4CCNCC4)n3)cnc2c1,0.47435897435897434
c1cc(-c2cn[nH]c2)nc(NC2CCNCC2)n1,c1ccn2c(-c3ccnc(NC4CCNCC4)n3)cnc2c1,0.475
c1cc(-c2cnsc2)nc(NC2CCCCCC2)n1,c1ccc(Cn2cc(-c3ccnc(NC4CCCCC4)n3)cn2)cc1,0.475
c1cc(-c2ccnc(NC3CCCCCC3)n2)cnn1,c1ccc(Cn2cc(-c3ccnc(NC4CCCCC4)n3)cn2)cc1,0.475
O=c1ncc(-c2ccnc(NC3CCCCC3)n2)c[nH]1,c1cnc2[nH]cc(-c3ccnc(NC4CCCCC4)n3)c2c1,0.475
c1cc(-c2cc[nH]c2-c2cn[nH]c2)nc(NC2CCCC2)n1,c1cc(-c2cn[nH]c2C2CCCCC2)nc(NC2CCCC2)n1,0.47560975609756095
c1csc(-c2ccnc(NC3CCCC3)n2)c1,c1ccc(Nc2nccc(-c3cccs3)n2)cc1,0.47692307692307695
c1ccc(-c2cc(-c3ccnc(NC4CCCCC4)n3)c[nH]2)cc1,c1ccc(Cn2cc(-c3ccnc(NC4CCCCC4)n3)cn2)cc1,0.4772727272727273
S=C1CCC(Cn2cc(-c3ccnc(NC4CC4)n3)cn2)C1,c1ccc(Cn2cc(-c3ccnc(NC4CCCCC4)n3)cn2)cc1,0.4777777777777778
C=C1CCC(Cn2cc(-c3ccnc(NC4CC4)n3)cn2)C1,c1ccc(Cn2cc(-c3ccnc(NC4CCCCC4)n3)cn2)cc1,0.4777777777777778
O=C1C(N2CCOCC2)CCN1c1ccc(Nc2nccc(-c3ccccc3)n2)cc1,c1ccc(-c2ccnc(Nc3ccc(-n4cncn4)cc3)n2)cc1,0.4782608695652174
O=C1CCCN1c1ccc(Nc2nccc(-c3c[nH]nc3N3CCCC3)n2)cc1,O=C1CCCN1c1ccc(Nc2nccc(Nc3ccccc3)n2)cc1,0.4782608695652174
O=C1CCC(Nc2nccc(-c3cnn(CC4CCCCC4)c3)n2)C1,c1ccc(Cn2cc(-c3ccnc(NC4CCCCC4)n3)cn2)cc1,0.4787234042553192
c1cc(-c2cnn(C3CCCCOC3)c2)nc(NC2CCCCC2)n1,c1ccc(Cn2cc(-c3ccnc(NC4CCCCC4)n3)cn2)cc1,0.4787234042553192
O=c1[nH]nccc1-c1ccnc(NC2CC2)n1,c1cc(-c2cn[nH]c2C2CCCCC2)nc(NC2CCCC2)n1,0.4794520547945205
c1cc(-c2cn[nH]c2)nc(NC2CCCC2)n1,c1cc(-c2cn[nH]c2C2CCCCC2)nc(NC2CCCC2)n1,0.4794520547945205
c1cc(-c2c[nH]cn2)nc(NC2CCCCC2)n1,c1cnc2[nH]cc(-c3ccnc(NC4CCCCC4)n3)c2c1,0.48
O=c1cc(-c2ccnc(NC3CCCC3)n2)cn[nH]1,c1cc(-c2cn[nH]c2C2CCCCC2)nc(NC2CCCC2)n1,0.4805194805194805
O=c1ccc(-c2ccnc(NC3CCCCC3)n2)c[nH]1,c1cnc2[nH]cc(-c3ccnc(NC4CCCCC4)n3)c2c1,0.4810126582278481
c1cc(-c2cn[nH]c2-c2cc[nH]c2)nc(NC2CCC2)n1,c1cc(-c2cn[nH]c2C2CCCCC2)nc(NC2CCCC2)n1,0.48148148148148145
c1ccc(-c2ccnc(NC3COC3)n2)cc1,c1ccc(Nc2nccc(-c3ccccc3)n2)cc1,0.4827586206896552
N=C1CC(n2cc(-c3ccnc(NC4CCCC4)n3)cn2)C1,c1ccc(Cn2cc(-c3ccnc(NC4CCCCC4)n3)cn2)cc1,0.4827586206896552
O=C1CC(n2cc(-c3ccnc(NC4CCCC4)n3)cn2)C1,c1ccc(Cn2cc(-c3ccnc(NC4CCCCC4)n3)cn2)cc1,0.4827586206896552
C1=CC(Nc2nccc(-c3ccccc3)n2)C1,c1ccc(Nc2nccc(-c3ccccc3)n2)cc1,0.4827586206896552
O=C1CC(n2cc(-c3ccnc(NC4CCCC4)n3)cn2)CN1,c1ccc(Cn2cc(-c3ccnc(NC4CCCCC4)n3)cn2)cc1,0.48314606741573035
c1cc(-n2cc(-c3ccnc(NC4CCCC4)n3)cn2)ncn1,c1ccc(Cn2cc(-c3ccnc(NC4CCCCC4)n3)cn2)cc1,0.48314606741573035
c1ccc(Cn2ccc(-c3ccnc(NC4CCCCC4)n3)c2)nc1,c1ccc(Cn2cc(-c3ccnc(NC4CCCCC4)n3)cn2)cc1,0.4835164835164835
C1=CCC(n2cc(-c3ccnc(NC4CCCCCC4)n3)cn2)CC1,c1ccc(Cn2cc(-c3ccnc(NC4CCCCC4)n3)cn2)cc1,0.4835164835164835
O=C1CCCC(n2cc(-c3ccnc(NC4CCCCC4)n3)cn2)C1,c1ccc(Cn2cc(-c3ccnc(NC4CCCCC4)n3)cn2)cc1,0.4838709677419355
c1cc(-c2ccnc(NC3CCCC3)n2)ccn1,c1ccc(Cn2cc(-c3ccnc(NC4CCCCC4)n3)cn2)cc1,0.4868421052631579
O=c1[nH]cccc1-c1ccnc(NC2CCCC2)n1,c1cc(-c2cn[nH]c2C2CCCCC2)nc(NC2CCCC2)n1,0.4868421052631579
c1cc(-c2cnoc2)nc(NC2CCCCC2)n1,c1ccc(Cn2cc(-c3ccnc(NC4CCCCC4)n3)cn2)cc1,0.4875
c1cc(-c2ccnc(NC3CCOC3)n2)nc(NC2CCCCC2)n1,c1cc(-c2cn[nH]c2C2CCCOC2)nc(NC2CCCCC2)n1,0.4875
c1cc(-c2ccnc(NC3CCNCC3)n2)nc(NC2CCCCC2)n1,c1ccc(-c2nc(C3CCNCC3)[nH]c2-c2ccnc(NC3CCCCC3)n2)cc1,0.4878048780487805
c1cc(-c2cnn(C3CCCCC3)c2)nc(NC2CC2)n1,c1ccc(Cn2cc(-c3ccnc(NC4CCCCC4)n3)cn2)cc1,0.4880952380952381
c1cc(-c2cnn(-c3ccnc(NC4CCCC4)n3)c2)nc(NC2CCCC2)n1,c1ccc(Cn2cc(-c3ccnc(NC4CCCCC4)n3)cn2)cc1,0.4883720930232558
c1cc(-c2cnn(NCC3CCCC3)c2)nc(NC2CCCC2)n1,c1ccc(Cn2cc(-c3ccnc(NC4CCCCC4)n3)cn2)cc1,0.48863636363636365
c1ccc(-c2ccnc(NC3CCCNCC3)n2)cc1,c1ccc(-c2nc3occn3c2-c2ccnc(NC3CCNCC3)n2)cc1,0.48863636363636365
O=C1CCCN1c1ccc(Nc2nccc(-c3c[nH]nc3N3CCC3)n2)cc1,O=C1CCCN1c1ccc(Nc2nccc(Nc3ccccc3)n2)cc1,0.4888888888888889
c1ccc(-c2n[nH]cc2-c2ccnc(NC3CCCCC3)n2)cc1,c1ccc(-c2nc(C3CCNCC3)[nH]c2-c2ccnc(NC3CCCCC3)n2)cc1,0.4891304347826087
c1cc(-c2cnn(CC3CCCCC3)c2)nc(NC2CCCNC2)n1,c1ccc(Cn2cc(-c3ccnc(NC4CCCCC4)n3)cn2)cc1,0.48936170212765956
c1ccc(Nc2nccc(-c3ccnc(NC4CCCC4)n3)n2)cc1,c1ccc(Nc2nccc(-c3ccccc3)n2)cc1,0.49206349206349204
c1cc(-c2cn[nH]n2)nc(NC2CCCCC2)n1,c1cc(-c2cn[nH]c2C2CCCCC2)nc(NC2CCCC2)n1,0.4931506849315068
c1cnc(-c2ccnc(NC3CCCCC3)n2)nc1,c1cnc2[nH]cc(-c3ccnc(NC4CCCCC4)n3)c2c1,0.4931506849315068
c1cc(-c2ccsc2)nc(NC2CCCCC2)n1,c1ccc(Cn2cc(-c3ccnc(NC4CCCCC4)n3)cn2)cc1,0.4936708860759494
c1cc(-c2cnsc2)nc(NC2CCCCC2)n1,c1ccc(Cn2cc(-c3ccnc(NC4CCCCC4)n3)cn2)cc1,0.4936708860759494
c1cc(-c2cnn(C3CCC3)c2)nc(NC2CCC2)n1,c1ccc(Cn2cc(-c3ccnc(NC4CCCCC4)n3)cn2)cc1,0.49382716049382713
c1cc(-c2cnn(C3CCCC3)c2)nc(NC2CCC2)n1,c1ccc(Cn2cc(-c3ccnc(NC4CCCCC4)n3)cn2)cc1,0.4939759036144578
C1=CC(n2cc(-c3ccnc(NC4CCCC4)n3)cn2)C1,c1ccc(Cn2cc(-c3ccnc(NC4CCCCC4)n3)cn2)cc1,0.49411764705882355
O=C1CCCCN1c1ccc(Nc2nccc(-c3cccnc3)n2)cc1,O=C(Nc1ccc(Nc2nccc(-c3cccnc3)n2)cc1)c1ccccc1,0.4942528735632184
c1cc(-c2cnn(CC3CCC3)c2)nc(NC2CCOCC2)n1,c1ccc(Cn2cc(-c3ccnc(NC4CCCCC4)n3)cn2)cc1,0.4943820224719101
c1cc(-c2cnn(CC3CN(CC4CCCC4)C3)c2)nc(NC2CC2)n1,c1ccc(Cn2cc(-c3ccnc(NC4CCCCC4)n3)cn2)cc1,0.4945054945054945
c1cc(-c2cnn(CC3CCCCC3)c2)nc(NC2CCN(C3CCCCC3)CC2)n1,c1ccc(Cn2cc(-c3ccnc(NC4CCCCC4)n3)cn2)cc1,0.49473684210526314
c1cc(-c2cnn(C3CCC(C4CCCCC4)CC3)c2)nc(NC2CCCCC2)n1,c1ccc(Cn2cc(-c3ccnc(NC4CCCCC4)n3)cn2)cc1,0.5
c1cc(-c2ccsc2NC2CCCC2)nc(NC2CCCCC2)n1,c1cc(-c2cn[nH]c2C2CCCCC2)nc(NC2CCCC2)n1,0.5
C1=CC(n2cc(-c3ccnc(NC4CCCCC4)n3)cn2)CCC1,c1ccc(Cn2cc(-c3ccnc(NC4CCCCC4)n3)cn2)cc1,0.5
c1cc(-c2cnn(CC3CCCC3)c2)nc(NC2CCNCC2)n1,c1ccc(Cn2cc(-c3ccnc(NC4CCCCC4)n3)cn2)cc1,0.5
O=C1CCCN1c1ccc(Nc2nccc(-c3ccccc3)n2)cn1,c1ccc(Nc2nccc(-c3ccccc3)n2)cc1,0.5
c1cc(-c2cnn(CCOC3CCC3)c2)nc(NC2CC2)n1,c1ccc(Cn2cc(-c3ccnc(NC4CCCCC4)n3)cn2)cc1,0.5
c1cc(-c2cnn(CCCC3CC3)c2)nc(NC2CC2)n1,c1ccc(Cn2cc(-c3ccnc(NC4CCCCC4)n3)cn2)cc1,0.5
c1ccn2ncc(-c3ccnc(NC4CCCCC4)n3)c2c1,c1cnn2ncc(-c3ccnc(NC4CC4)n3)c2c1,0.5
O=C1CCC(Nc2nccc(-c3cnn(CC4CCCC4)c3)n2)CC1,c1ccc(Cn2cc(-c3ccnc(NC4CCCCC4)n3)cn2)cc1,0.5
C1=CCC(Nc2nccc(-c3cnn(CC4=CCCC4)c3)n2)C1,c1ccc(Cn2cc(-c3ccnc(NC4CCCCC4)n3)cn2)cc1,0.5
c1cc(-c2cnn(CC3CCCC3)c2)nc(NC2CCOCC2)n1,c1ccc(Cn2cc(-c3ccnc(NC4CCCCC4)n3)cn2)cc1,0.5
c1cc(-c2nccc(C3CCCCC3)n2)nc(NC2CCCC2)n1,c1cc(-c2cn[nH]c2C2CCCCC2)nc(NC2CCCC2)n1,0.5
C1=CCC(n2cc(-c3ccnc(NC4CCCCC4)n3)cn2)CC1,c1ccc(Cn2cc(-c3ccnc(NC4CCCCC4)n3)cn2)cc1,0.5
c1cc(-c2cnn(C3CN(C4CCCCC4)C3)c2)nc(NC2CCCCC2)n1,c1ccc(Cn2cc(-c3ccnc(NC4CCCCC4)n3)cn2)cc1,0.5
O=C1CCC(n2cc(-c3ccnc(NC4CCCCC4)n3)cn2)C1,c1ccc(Cn2cc(-c3ccnc(NC4CCCCC4)n3)cn2)cc1,0.5
c1ccc(Nc2nccc(-c3cnn(CC4CCCCC4)c3)n2)cc1,c1ccc(Nc2nccc(-c3ccccc3)n2)cc1,0.5
c1cc(-c2cnn(CC3CC(NC4CCCC4)C3)c2)nc(NC2CC2)n1,c1ccc(Cn2cc(-c3ccnc(NC4CCCCC4)n3)cn2)cc1,0.5054945054945055
c1cc(-c2cnn(C3CCOC3)c2)nc(NC2CCCCC2)n1,c1ccc(Cn2cc(-c3ccnc(NC4CCCCC4)n3)cn2)cc1,0.5056179775280899
O=C1CCCN1c1[nH]ncc1-c1ccnc(NC2CCCC2)n1,c1cc(-c2cn[nH]c2C2CCCCC2)nc(NC2CCCC2)n1,0.5060240963855421
O=c1[nH]cccc1-c1ccnc(NC2CCCCCC2)n1,c1cnc2[nH]cc(-c3ccnc(NC4CCCCC4)n3)c2c1,0.5063291139240507
c1cc(-c2cn[nH]c2-c2ccnc(NC3CC3)n2)nc(NC2CC2)n1,c1cc(-c2cn[nH]c2C2CCCCC2)nc(NC2CCCC2)n1,0.5068493150684932
c1cc(-c2ccnc(NC3CCC3)n2)nc(NC2CCCC2)n1,c1cc(-c2cn[nH]c2C2CCCCC2)nc(NC2CCCC2)n1,0.5079365079365079
c1cc(-c2cn[nH]c2N2CCCOCC2)nc(NC2CCCCC2)n1,c1cc(-c2cn[nH]c2C2CCCOC2)nc(NC2CCCCC2)n1,0.5106382978723404
C1=CC(n2cc(-c3ccnc(NC4CCCCC4)n3)cn2)CC1,c1ccc(Cn2cc(-c3ccnc(NC4CCCCC4)n3)cn2)cc1,0.5113636363636364
c1cc(-c2cnn(C3CCC3)c2)nc(NC2CCCC2)n1,c1ccc(Cn2cc(-c3ccnc(NC4CCCCC4)n3)cn2)cc1,0.5121951219512195
c1ccc(Oc2[nH]ncc2-c2ccnc(NC3CCCC3)n2)cc1,c1cc(-c2cn[nH]c2C2CCCCC2)nc(NC2CCCC2)n1,0.5121951219512195
c1cc(-c2ccnc(NC3CCCCC3)n2)nc(NC2CCCCCC2)n1,c1cc(-c2cn[nH]c2C2CCCCC2)nc(NC2CCCC2)n1,0.515625
c1cc(-c2cnn(CC3CCC(CN4CCCC4)C3)c2)nc(NC2CCCC2)n1,c1ccc(Cn2cc(-c3ccnc(NC4CCCCC4)n3)cn2)cc1,0.5161290322580645
c1cc(-c2cnn(C3CCCCC3)c2)nc(NC2CCC2)n1,c1ccc(Cn2cc(-c3ccnc(NC4CCCCC4)n3)cn2)cc1,0.5180722891566265
O=C1CCC(Cn2cc(-c3ccnc(NC4CCCC4)n3)cn2)CN1,c1ccc(Cn2cc(-c3ccnc(NC4CCCCC4)n3)cn2)cc1,0.5217391304347826
c1cc(-c2cnn(CC3CCCCC3)c2)nc(NC2CCOCC2)n1,c1ccc(Cn2cc(-c3ccnc(NC4CCCCC4)n3)cn2)cc1,0.5222222222222223
c1cc(-c2cnn(-c3ccsc3)c2)nc(NC2CCCCC2)n1,c1ccc(Cn2cc(-c3ccnc(NC4CCCCC4)n3)cn2)cc1,0.5227272727272727
c1cc(-c2cnn(CCN3CCC3)c2)nc(NC2CC2)n1,c1ccc(Cn2cc(-c3ccnc(NC4CCCCC4)n3)cn2)cc1,0.5238095238095238
c1cncc(-c2[nH]ncc2-c2ccnc(NC3CCCCC3)n2)c1,c1cc(-c2cn[nH]c2C2CCCCC2)nc(NC2CCCC2)n1,0.524390243902439
O=C1CCCN1c1ccc(Nc2nccc(-c3ccncn3)n2)cc1,O=C1CCCN1c1ccc(Nc2nccc(Nc3ccccc3)n2)cc1,0.524390243902439
c1cncc(-c2ccnc(NC3CCCCCC3)n2)c1,c1ccc(Cn2cc(-c3ccnc(NC4CCCCC4)n3)cn2)cc1,0.5256410256410257
O=c1[nH][nH]cc1-c1ccnc(NC2CCCCC2)n1,c1cnc2[nH]cc(-c3ccnc(NC4CCCCC4)n3)c2c1,0.5263157894736842
O=C1COC(Cn2cc(-c3ccnc(NC4CCCC4)n3)cn2)C1,c1ccc(Cn2cc(-c3ccnc(NC4CCCCC4)n3)cn2)cc1,0.5274725274725275
c1cc(-c2ccnc(NC3CC3)n2)nc(NC2CCNCC2)n1,c1ccn2c(-c3ccnc(NC4CCNCC4)n3)cnc2c1,0.5285714285714286
c1cc(-c2cnn(CN3CCCCC3)c2)nc(NC2CC2)n1,c1ccc(Cn2cc(-c3ccnc(NC4CCCCC4)n3)cn2)cc1,0.5294117647058824
c1cc(-c2cnn(C3CCCC3)c2)nc(NC2CCCCCC2)n1,c1ccc(Cn2cc(-c3ccnc(NC4CCCCC4)n3)cn2)cc1,0.5301204819277109
c1cc(-c2[nH]ncc2-c2ccnc(NC3CCCC3)n2)ncn1,c1cc(-c2cn[nH]c2C2CCCCC2)nc(NC2CCCC2)n1,0.5316455696202531
O=C1CCC(Cn2cc(-c3ccnc(NC4CCCC4)n3)cn2)N1,c1ccc(Cn2cc(-c3ccnc(NC4CCCCC4)n3)cn2)cc1,0.5333333333333333
c1cc(-c2cnn(CCOC3CC3)c2)nc(NC2CCC2)n1,c1ccc(Cn2cc(-c3ccnc(NC4CCCCC4)n3)cn2)cc1,0.5348837209302325
c1cc(-c2cnn(C3COC3)c2)nc(NC2CCCCC2)n1,c1ccc(Cn2cc(-c3ccnc(NC4CCCCC4)n3)cn2)cc1,0.5357142857142857
O=C1CCCN1c1ccc(Nc2nccc(-c3cccnc3)n2)cc1,O=C1CCCN1c1ccc(Nc2nccc(Nc3ccccc3)n2)cc1,0.5365853658536586
c1cc(-c2[nH]ncc2-c2ccnc(NC3CCCCC3)n2)ncn1,c1cc(-c2cn[nH]c2C2CCCCC2)nc(NC2CCCC2)n1,0.5375
c1cc(-c2cnn(CC3CC3)c2)nc(NC2CC2)n1,c1ccc(Cn2cc(-c3ccnc(NC4CCCCC4)n3)cn2)cc1,0.5375
c1cc(-c2ccnc(NC3CCCC3)n2)nc(NC2CCCCC2)n1,c1cc(-c2cn[nH]c2C2CCCCC2)nc(NC2CCCC2)n1,0.5396825396825397
O=C1CC(Cn2cc(-c3ccnc(NC4CCC4)n3)cn2)C1,c1ccc(Cn2cc(-c3ccnc(NC4CCCCC4)n3)cn2)cc1,0.5411764705882353
c1cc(-c2cn[nH]c2-c2cn[nH]c2)nc(NC2CCCCC2)n1,c1cc(-c2cn[nH]c2C2CCCCC2)nc(NC2CCCC2)n1,0.5443037974683544
c1cc(-c2cnn(CC3CCNC3)c2)nc(NC2CCCC2)n1,c1ccc(Cn2cc(-c3ccnc(NC4CCCCC4)n3)cn2)cc1,0.5454545454545454
c1cc(-c2cnn(CC3CCOC3)c2)nc(NC2CCCC2)n1,c1ccc(Cn2cc(-c3ccnc(NC4CCCCC4)n3)cn2)cc1,0.5454545454545454
c1cc(-c2cnn(C3CCCCC3)c2)nc(NC2CCCCC2)n1,c1ccc(Cn2cc(-c3ccnc(NC4CCCCC4)n3)cn2)cc1,0.5487804878048781
c1cc(-c2cnn(CC3CCOCC3)c2)nc(NC2CCCC2)n1,c1ccc(Cn2cc(-c3ccnc(NC4CCCCC4)n3)cn2)cc1,0.5517241379310345
c1cc(-c2cnn(CC3CCNCC3)c2)nc(NC2CCCC2)n1,c1ccc(Cn2cc(-c3ccnc(NC4CCCCC4)n3)cn2)cc1,0.5517241379310345
O=C1CC(Cn2cc(-c3ccnc(NC4CCCC4)n3)cn2)N1,c1ccc(Cn2cc(-c3ccnc(NC4CCCCC4)n3)cn2)cc1,0.5517241379310345
c1ccc(Cn2cncc2-c2ccnc(NC3CCCCC3)n2)cc1,c1ccc(Cn2cc(-c3ccnc(NC4CCCCC4)n3)cn2)cc1,0.5517241379310345
c1cc(-c2cnn(CC3CCCN3)c2)nc(NC2CCCC2)n1,c1ccc(Cn2cc(-c3ccnc(NC4CCCCC4)n3)cn2)cc1,0.5517241379310345
O=C1CCC(Cn2cc(-c3ccnc(NC4CCCC4)n3)cn2)CC1,c1ccc(Cn2cc(-c3ccnc(NC4CCCCC4)n3)cn2)cc1,0.5517241379310345
O=C1OCCN1c1ccc(Nc2nccc(-c3ccccc3)n2)cc1,c1ccc(Nc2nccc(-c3ccccc3)n2)cc1,0.5522388059701493
C(Nc1cc(-c2[nH]cnc2-c2ccccc2)ccn1)=C1CC1,c1ccc(CNc2cc(-c3[nH]cnc3-c3ccccc3)ccn2)cc1,0.5540540540540541
c1cc(-c2cnn(C3CCC3)c2)nc(NC2CCCCC2)n1,c1ccc(Cn2cc(-c3ccnc(NC4CCCCC4)n3)cn2)cc1,0.5555555555555556
O=c1[nH]nccc1-c1ccnc(NC2CCCC2)n1,c1cc(-c2cn[nH]c2C2CCCCC2)nc(NC2CCCC2)n1,0.5555555555555556
c1cc(-c2cnn(CCOC3CC3)c2)nc(NC2CCCC2)n1,c1ccc(Cn2cc(-c3ccnc(NC4CCCCC4)n3)cn2)cc1,0.5581395348837209
c1ccc(-c2ccnc(Nc3ccncn3)n2)cc1,c1ccc(Nc2nccc(-c3ccccc3)n2)cc1,0.5614035087719298
O=C1CCCN1c1ccc(Nc2nccc(-c3cccs3)n2)cc1,c1ccc(Nc2nccc(-c3cccs3)n2)cc1,0.5633802816901409
O=C1CC(Cn2cc(-c3ccnc(NC4CCCC4)n3)cn2)C1,c1ccc(Cn2cc(-c3ccnc(NC4CCCCC4)n3)cn2)cc1,0.5647058823529412
c1ccc(Nc2nccc(-c3cc[nH]n3)n2)cc1,c1cc(-c2cc[nH]n2)nc(Nc2ccc(-n3cncn3)cc2)n1,0.5652173913043478
O=C1CSC(Cn2cc(-c3ccnc(NC4CCCCC4)n3)cn2)C1,c1ccc(Cn2cc(-c3ccnc(NC4CCCCC4)n3)cn2)cc1,0.5666666666666667
c1ccc(Nc2nccc(-c3ccncn3)n2)cc1,c1ccc(Nc2nccc(-c3ccncc3)n2)cc1,0.5689655172413793
c1ccc(-c2ccnc(Nc3ccc(N4CCCN4)cc3)n2)cc1,c1ccc(Nc2nccc(-c3ccccc3)n2)cc1,0.5692307692307692
c1ccc(-c2ccnc(NC3CCNCC3)n2)cc1,c1ccc(-c2nc3occn3c2-c2ccnc(NC3CCNCC3)n2)cc1,0.569620253164557
C1=C(Cn2cc(-c3ccnc(NC4CC4)n3)cn2)CCC1,c1ccc(Cn2cc(-c3ccnc(NC4CCCCC4)n3)cn2)cc1,0.5714285714285714
O=C1C=C(Nc2nccc(-c3ccccc3)n2)C1,c1ccc(Nc2nccc(-c3ccccc3)n2)cc1,0.5714285714285714
c1ccc(-c2ccnc(NC3CCCCCC3)n2)cc1,c1ccc(Cn2cc(-c3ccnc(NC4CCCCC4)n3)cn2)cc1,0.5753424657534246
O=C1CC(=O)N(c2ccc(Nc3nccc(-c4ccccc4)n3)cc2)C1,c1ccc(-c2ccnc(Nc3ccc(-n4ccnn4)cc3)n2)cc1,0.5789473684210527
c1cc(-c2cnn(CC3CCCC3)c2)nc(NC2CCC2)n1,c1ccc(Cn2cc(-c3ccnc(NC4CCCCC4)n3)cn2)cc1,0.5802469135802469
c1cc(-c2cn[nH]c2-c2ccnc(NC3CCCC3)n2)nc(NC2CCCC2)n1,c1cc(-c2cn[nH]c2C2CCCCC2)nc(NC2CCCC2)n1,0.5833333333333334
O=C1CCN(c2ccc(Nc3nccc(-c4ccccc4)n3)cc2)C1,c1ccc(Nc2nccc(-c3ccccc3)n2)cc1,0.5846153846153846
c1cc(-c2cnn(CC3CCCCCC3)c2)nc(NC2CCC2)n1,c1ccc(Cn2cc(-c3ccnc(NC4CCCCC4)n3)cn2)cc1,0.5853658536585366
C1=CC(Cn2cc(-c3ccnc(NC4CCCCC4)n3)cn2)CCC1,c1ccc(Cn2cc(-c3ccnc(NC4CCCCC4)n3)cn2)cc1,0.5862068965517241
c1cc(-c2cnn(CC3CCCC3)c2)nc(NC2CCCC2)n1,c1ccc(Cn2cc(-c3ccnc(NC4CCCCC4)n3)cn2)cc1,0.5925925925925926
O=C1CCC(Cn2cc(-c3ccnc(NC4CCCCC4)n3)cn2)CC1,c1ccc(Cn2cc(-c3ccnc(NC4CCCCC4)n3)cn2)cc1,0.5930232558139535
c1ccc(-c2ccnc(Nc3ccc(N4CCOCC4)cc3)n2)cc1,c1ccc(Nc2ccnc(Nc3ccc(N4CCOCC4)cc3)n2)cc1,0.5945945945945946
C1=CN(c2ccc(Nc3nccc(-c4ccccc4)n3)cc2)CC1,c1ccc(-c2ccnc(Nc3ccc(-n4cncn4)cc3)n2)cc1,0.5945945945945946
c1ccc(-c2ccnc(NC3CCCCC3)n2)cc1,c1ccc(Cn2cc(-c3ccnc(NC4CCCCC4)n3)cn2)cc1,0.5972222222222222
O=S1CC(Cn2cc(-c3ccnc(NC4CCCCC4)n3)cn2)C1,c1ccc(Cn2cc(-c3ccnc(NC4CCCCC4)n3)cn2)cc1,0.6
c1cc(-c2cn[nH]c2NC2CCCC2)nc(NC2CCCC2)n1,c1cc(-c2cn[nH]c2C2CCCCC2)nc(NC2CCCC2)n1,0.6
C1=CC(Cn2cc(-c3ccnc(NC4CCCCC4)n3)cn2)CC1,c1ccc(Cn2cc(-c3ccnc(NC4CCCCC4)n3)cn2)cc1,0.6
S=C1CC(Cn2cc(-c3ccnc(NC4CCCCC4)n3)cn2)C1,c1ccc(Cn2cc(-c3ccnc(NC4CCCCC4)n3)cn2)cc1,0.6071428571428571
c1ccc(-c2nc[nH]c2-c2ccnc(NC3CCCO3)c2)cc1,c1ccc(-c2nc[nH]c2-c2ccnc(NCC3CCCO3)c2)cc1,0.6097560975609756
O=C1CCCN1c1ccc(Nc2nccc(-c3ccccc3)n2)cc1,O=C1CCCN1c1ccc(Nc2nccc(Nc3ccccc3)n2)cc1,0.6103896103896104
C1=CC(Cn2cc(-c3ccnc(NC4CCCCC4)n3)cn2)C=C1,c1ccc(Cn2cc(-c3ccnc(NC4CCCCC4)n3)cn2)cc1,0.6144578313253012
c1ccc(Nc2cccc(NC3CCNC3)n2)cc1,c1ccc(Nc2cccc(NC3CCCCC3)n2)cc1,0.6166666666666667
c1ccc(-c2ccnc(Nc3ccc(N4CCCC4)cc3)n2)cc1,c1ccc(Nc2nccc(-c3ccccc3)n2)cc1,0.6166666666666667
c1cc(-c2cnn(CC3CCCC3)c2)nc(NC2CCCCCC2)n1,c1ccc(Cn2cc(-c3ccnc(NC4CCCCC4)n3)cn2)cc1,0.6172839506172839
O=C1CN(c2ccc(Nc3nccc(-c4ccccc4)n3)cc2)C1,c1ccc(-c2ccnc(Nc3ccc(-n4ccnn4)cc3)n2)cc1,0.6197183098591549
c1cc(-c2cnn(CCC3CCC3)c2)nc(NC2CCCCC2)n1,c1ccc(Cn2cc(-c3ccnc(NC4CCCCC4)n3)cn2)cc1,0.6219512195121951
C1=C(Cn2cc(-c3ccnc(NC4CCCC4)n3)cn2)CCC1,c1ccc(Cn2cc(-c3ccnc(NC4CCCCC4)n3)cn2)cc1,0.6265060240963856
c1cc(-c2cnn(CC3CCCCC3)c2)nc(NC2CCCCCC2)n1,c1ccc(Cn2cc(-c3ccnc(NC4CCCCC4)n3)cn2)cc1,0.6296296296296297
c1cc(-c2cnn(CCC3CC3)c2)nc(NC2CCCCC2)n1,c1ccc(Cn2cc(-c3ccnc(NC4CCCCC4)n3)cn2)cc1,0.6296296296296297
c1cc(-c2cnn(CC3CCCCCC3)c2)nc(NC2CCCCC2)n1,c1ccc(Cn2cc(-c3ccnc(NC4CCCCC4)n3)cn2)cc1,0.6296296296296297
O=C1CCCN1c1ccc(Nc2nccc(NC3CCC3)n2)cc1,O=C1CCCN1c1ccc(Nc2nccc(Nc3ccccc3)n2)cc1,0.631578947368421
c1ccc(Nc2nccc(-c3cn[nH]c3)n2)cc1,c1ccc(Nc2nccc(-c3ccccc3)n2)cc1,0.6363636363636364
c1cc(-c2cnn(CC3CCCC3)c2)nc(NC2CCCCC2)n1,c1ccc(Cn2cc(-c3ccnc(NC4CCCCC4)n3)cn2)cc1,0.6375
C1=CN(c2ccc(Nc3nccc(-c4ccccc4)n3)cc2)C1,c1ccc(Nc2nccc(-c3ccccc3)n2)cc1,0.6379310344827587
O=C1CN1c1ccc(Nc2nccc(-c3ccccc3)n2)cc1,c1ccc(-c2ccnc(Nc3ccc(-n4ccnn4)cc3)n2)cc1,0.6470588235294118
c1ccc(Nc2nccc(-c3ccnnc3)n2)cc1,c1ccc(Nc2nccc(-c3ccccc3)n2)cc1,0.6481481481481481
C1=C(Cn2cc(-c3ccnc(NC4CCCCC4)n3)cn2)CCCC1,c1ccc(Cn2cc(-c3ccnc(NC4CCCCC4)n3)cn2)cc1,0.6547619047619048
O=C1CCC(Nc2nccc(-c3cnn(Cc4ccccc4)c3)n2)CO1,c1ccc(Cn2cc(-c3ccnc(NC4CCCCC4)n3)cn2)cc1,0.6705882352941176
c1cc(-c2cn[nH]c2C2CCCC2)nc(NC2CCCNC2)n1,c1cc(-c2cn[nH]c2C2CCCCC2)nc(NC2CCCC2)n1,0.6944444444444444
c1ccc(Cn2cc(-c3ccnc(NC4CCCNCC4)n3)cn2)cc1,c1ccc(Cn2cc(-c3ccnc(NC4CCCCC4)n3)cn2)cc1,0.7439024390243902
c1cc(-c2cncs2)nc(Nc2ccc(N3CCCNCC3)cc2)n1,c1cc(-c2cncs2)nc(Nc2ccc(N3CCNCC3)cc2)n1,0.8493150684931506
c1cc(-c2cn[nH]c2C2CCCC2)nc(NC2CCC2)n1,c1cc(-c2cn[nH]c2C2CCCCC2)nc(NC2CCCC2)n1,0.8833333333333333
c1ccc(Cn2cc(-c3ccnc(NC4CCCC4)n3)cn2)cc1,c1ccc(Cn2cc(-c3ccnc(NC4CCCCC4)n3)cn2)cc1,0.9411764705882353
c1ccc(Cn2cc(-c3ccnc(NC4CCCCCC4)n3)cn2)cc1,c1ccc(Cn2cc(-c3ccnc(NC4CCCCC4)n3)cn2)cc1,0.9705882352941176
c1ccc(C2=NCCc3ccccc32)cc1,c1ccc(C2=NCCc3ccccc32)cc1,1.0
c1ccc(Nc2nccc(-c3cnn4ncccc34)n2)cc1,c1ccc(Nc2nccc(-c3cnn4ncccc34)n2)cc1,1.0
c1nc(NC2CCCNC2)c2cc[nH]c2n1,c1nc(NC2CCCNC2)c2cc[nH]c2n1,1.0
O=C(Nc1ccccn1)Nc1ccnc2ccccc12,O=C(Nc1ccccn1)Nc1ccnc2ccccc12,1.0
O=C1C=CC(c2nc(-c3ccccc3)c(-c3ccncc3)[nH]2)=CC1,O=C1C=CC(c2nc(-c3ccccc3)c(-c3ccncc3)[nH]2)=CC1,1.0
c1ccc(Nc2ccncn2)cc1,c1ccc(Nc2ccncn2)cc1,1.0
c1ccc(Nc2ncnc3[nH]cnc23)cc1,c1ccc(Nc2ncnc3[nH]cnc23)cc1,1.0
O=C(Cc1ccccc1)Nc1ccccn1,O=C(Cc1ccccc1)Nc1ccccn1,1.0
