smiles,murcko_scaffold
NC1CCC(n2ccc(-c3ccnc(NC4CCC(O)C4)n3)n2)C1,c1cc(-c2ccn(C3CCCC3)n2)nc(NC2CCCC2)n1
O=CN(CCCF)c1ccc(Nc2nccc(-c3cn[nH]c3)n2)cc1,c1ccc(Nc2nccc(-c3cn[nH]c3)n2)cc1
NC(=O)c1ccccc1-c1nc(Nc2ccc(N3CCOCC3)cc2)ncc1Cl,c1ccc(-c2ccnc(Nc3ccc(N4CCOCC4)cc3)n2)cc1
OC1CCC(NC2CCC(Nc3nccc(-c4cn[nH]c4)n3)C2)C1,c1cc(-c2cn[nH]c2)nc(NC2CCC(NC3CCCC3)C2)n1
Cn1ncc(-c2ccnc(NC3CCCC3)n2)c1-c1ccnc(NC2CCCC2)n1,c1cc(-c2cn[nH]c2-c2ccnc(NC3CCCC3)n2)nc(NC2CCCC2)n1
CC1CCC(Nc2nccc(-c3ccc(Cl)cc3)n2)CC1,c1ccc(-c2ccnc(NC3CCCCC3)n2)cc1
CC1CC(n2cc(-c3ccnc(NC4CCCCOC4)n3)cn2)C1,c1cc(-c2cnn(C3CCC3)c2)nc(NC2CCCCOC2)n1
Cc1ccc(-c2ccnc(NC3CCCCOC3)n2)cn1,c1cncc(-c2ccnc(NC3CCCCOC3)n2)c1
O=S1CCC(Nc2nccc(-c3ccsc3)n2)C1,O=S1CCC(Nc2nccc(-c3ccsc3)n2)C1
CN1CCCC1c1ccc(Nc2nccc(-c3cn[nH]c3)n2)c(Cl)n1,c1cc(-c2cn[nH]c2)nc(Nc2ccc(C3CCCN3)nc2)n1
ClCC1CC(Nc2nccc(-c3ccc(OCC4CCOC4)cc3)n2)CO1,c1cc(-c2ccc(OCC3CCOC3)cc2)nc(NC2CCOC2)n1
CCNc1nccc(-c2c(-c3ccnc(NC4CCCC4)n3)cnn2C)n1,c1cc(-c2[nH]ncc2-c2ccnc(NC3CCCC3)n2)ncn1
OC1CCC(Cn2cc(-c3ccnc(NC4CCCC4)n3)cn2)N1,c1cc(-c2cnn(CC3CCCN3)c2)nc(NC2CCCC2)n1
O=c1nc(-c2ccnc(NC3CCCC(CF)C3)n2)ccn1CC1CC1,O=c1nc(-c2ccnc(NC3CCCCC3)n2)ccn1CC1CC1
O=C(NC1CC1)C1CCC(n2cc(-c3ccnc(NC4CC4)n3)cn2)C1,O=C(NC1CC1)C1CCC(n2cc(-c3ccnc(NC4CC4)n3)cn2)C1
O=c1nc(-c2ccnc(C3CC3)n2)ccn1-c1ccnc(NC2CCCCC2)n1,O=c1nc(-c2ccnc(C3CC3)n2)ccn1-c1ccnc(NC2CCCCC2)n1
O=C1CCCN(c2ccc(Nc3nccc(-c4cn[nH]c4)n3)cc2)N1,O=C1CCCN(c2ccc(Nc3nccc(-c4cn[nH]c4)n3)cc2)N1
O=c1nc(-c2ccnc(NC3CCOCC3)n2)ccn1-c1cc[nH]n1,O=c1nc(-c2ccnc(NC3CCOCC3)n2)ccn1-c1cc[nH]n1
Cn1nc(-c2ccnc(NC3CCOC3)n2)c(F)c1C1CCC1,c1cc(-c2cc(C3CCC3)[nH]n2)nc(NC2CCOC2)n1
CC1CCC(Nc2nccc(-c3ccnc(-c4cnn(C5CCC(C)C5)c4)n3)n2)CC1,c1cc(-c2ccnc(-c3cnn(C4CCCC4)c3)n2)nc(NC2CCCCC2)n1
Oc1nccc(-c2ccnc(NC3CCCCC3)n2)n1,c1cc(-c2ccnc(NC3CCCCC3)n2)ncn1
Fc1[nH]ccc1-c1ccnc(NC2CC=CCC2)n1,C1=CCC(Nc2nccc(-c3cc[nH]c3)n2)CC1
Cc1ccc(-c2ccnc(NC3CCC4(C3)CC(O)(Cc3c[nH]cn3)C4)n2)cc1,c1ccc(-c2ccnc(NC3CCC4(CC(Cc5c[nH]cn5)C4)C3)n2)cc1
CCn1cc(-c2ccnc(NC3CCC4CCN(C)C4C3)n2)cn1,c1cc(-c2cn[nH]c2)nc(NC2CCC3CCNC3C2)n1
CCCN(c1nccc(-n2ccc(-c3ccnc(NC4CC4)n3)nc2=O)n1)C1CC1,O=c1nc(-c2ccnc(NC3CC3)n2)ccn1-c1ccnc(NC2CC2)n1
COC1CCC(Nc2nccc(-c3ccsc3)n2)CN1CCC1CC1,c1cc(-c2ccsc2)nc(NC2CCCN(CCC3CC3)C2)n1
c1cc(-c2cnn(CC3CCCC3)c2)nc(NC2CCCCCC2)n1,c1cc(-c2cnn(CC3CCCC3)c2)nc(NC2CCCCCC2)n1
O=c1cc(-c2ccnc(NC3CCCC3)n2)cn[nH]1,O=c1cc(-c2ccnc(NC3CCCC3)n2)cn[nH]1
Brc1[nH]ncc1-c1ccnc(NC2CCC(CNC3CC3)CC2)n1,c1cc(-c2cn[nH]c2)nc(NC2CCC(CNC3CC3)CC2)n1
Brc1ccnc(-n2cnc(-c3ccnc(NC4CCOCC4)n3)c2)n1,c1cnc(-n2cnc(-c3ccnc(NC4CCOCC4)n3)c2)nc1
O=C(C1CCC(n2cc(-c3ccnc(NC4CC4)n3)cn2)C1)N1CCCC(CF)C1,O=C(C1CCC(n2cc(-c3ccnc(NC4CC4)n3)cn2)C1)N1CCCCC1
O=C1CCC(CSc2cc(-c3ccnc(NC4CC4)n3)cnn2)N1,O=C1CCC(CSc2cc(-c3ccnc(NC4CC4)n3)cnn2)N1
FC1CCC(Nc2nccc(-c3cnc(-c4cn[nH]c4Cl)c(Cl)n3)n2)C1,c1cc(-c2cnc(-c3cn[nH]c3)cn2)nc(NC2CCCC2)n1
CC(c1sccc1Br)C1CC(Nc2nccc(-c3cn[nH]c3)n2)C1,c1csc(CC2CC(Nc3nccc(-c4cn[nH]c4)n3)C2)c1
O=C(NC1CC1)n1ccc(-c2ccnc(NC3CC3)n2)c1,O=C(NC1CC1)n1ccc(-c2ccnc(NC3CC3)n2)c1
C=C1CCC(n2cc(-c3ccnc(NC4CC4)n3)cn2)C1,C=C1CCC(n2cc(-c3ccnc(NC4CC4)n3)cn2)C1
OC1CCC(Nc2nccc(-c3cncc(NC4CCC(CF)C4)n3)n2)CC1,c1cc(-c2cncc(NC3CCCC3)n2)nc(NC2CCCCC2)n1
O=C1CCC(Nc2nccc(-c3ccsc3)n2)CN1CC(O)CO,O=C1CCC(Nc2nccc(-c3ccsc3)n2)CN1
COc1cc2c(cc1Cl)C(c1cccc(Cl)c1)=NCC2,c1ccc(C2=NCCc3ccccc32)cc1
c1cc(-c2ccsc2)nc(NC2CCCC(C3CCCC3)C2)n1,c1cc(-c2ccsc2)nc(NC2CCCC(C3CCCC3)C2)n1
O=c1nc(-c2ccnc(NC3CCC(CF)C3)n2)ccn1NC1CCOCC1,O=c1nc(-c2ccnc(NC3CCCC3)n2)ccn1NC1CCOCC1
O=c1[nH]cc(-c2ccnc(NC3CCSCC3)n2)[nH]1,O=c1[nH]cc(-c2ccnc(NC3CCSCC3)n2)[nH]1
CC1CCC(Nc2nccc(-c3ccnc(=O)[nH]3)n2)CC1,O=c1nccc(-c2ccnc(NC3CCCCC3)n2)[nH]1
O=c1nc(-c2ccnc(NC3CCCC3)n2)ccn1CC1CCC(O)CC1,O=c1nc(-c2ccnc(NC3CCCC3)n2)ccn1CC1CCCCC1
CCC(Cn1cc(-c2ccnc(NC3CC3)n2)cn1)OC1CCC1,c1cc(-c2cnn(CCOC3CCC3)c2)nc(NC2CC2)n1
Oc1sncc1-c1ccnc(NC2CCCCCC2)n1,c1cc(-c2cnsc2)nc(NC2CCCCCC2)n1
Brc1c(-c2ccnc(NC3CC3)n2)cnn1C1CNC1,c1cc(-c2cnn(C3CNC3)c2)nc(NC2CC2)n1
O=C1C(N2CCOCC2)CCN1c1ccc(Nc2ncc(Cl)c(-c3ccccc3F)n2)cc1,O=C1C(N2CCOCC2)CCN1c1ccc(Nc2nccc(-c3ccccc3)n2)cc1
Cn1nc(-c2ccnc(NC3CC3)n2)c(F)c1C1CCSCC1,c1cc(-c2cc(C3CCSCC3)[nH]n2)nc(NC2CC2)n1
O=C1CCCN1c1ccc(Nc2nccc(-c3c[nH]nc3N3CCC(F)C3)n2)cc1,O=C1CCCN1c1ccc(Nc2nccc(-c3c[nH]nc3N3CCCC3)n2)cc1
O=c1nc(-c2ccnc(NC3CCCCC3)n2)ccn1-c1ccnc(Cl)n1,O=c1nc(-c2ccnc(NC3CCCCC3)n2)ccn1-c1ccncn1
c1ccc(Nc2nccc(-c3cnn4ncccc34)n2)cc1,c1ccc(Nc2nccc(-c3cnn4ncccc34)n2)cc1
CC1C=CCCC(Nc2nccc(-c3ccsc3)n2)C1,C1=CCCC(Nc2nccc(-c3ccsc3)n2)CC1
NC1CCC(Nc2nccc(-c3ccoc3)n2)C1,c1cc(-c2ccoc2)nc(NC2CCCC2)n1
CC1CCC(Nc2nccc(-c3ccnc(OC4CCC(=O)C4C)n3)n2)CC1,O=C1CCC(Oc2nccc(-c3ccnc(NC4CCCCC4)n3)n2)C1
OC1CC(Cn2cnc(-c3ccnc(NC4CCCCC4)n3)c2)C1,c1cc(-c2cn(CC3CCC3)cn2)nc(NC2CCCCC2)n1
C1=CCC(Nc2nccc(-c3ccnc(NC4CCOCC4)n3)n2)CC1,C1=CCC(Nc2nccc(-c3ccnc(NC4CCOCC4)n3)n2)CC1
CCC1CCCC(Nc2nccc(-c3cnn(C4C=CCC4)c3)n2)C1,C1=CC(n2cc(-c3ccnc(NC4CCCCC4)n3)cn2)CC1
c1cc(-c2csc(SCC3CCC3)c2)nc(NC2CCC2)n1,c1cc(-c2csc(SCC3CCC3)c2)nc(NC2CCC2)n1
OC1CCC(Cn2cc(-c3ccnc(NC4CCC4)n3)cn2)C1,c1cc(-c2cnn(CC3CCCC3)c2)nc(NC2CCC2)n1
CN1CCC(Nc2nccc(-c3c[nH]nc3N3CCCC3)n2)CC1,c1cc(-c2c[nH]nc2N2CCCC2)nc(NC2CCNCC2)n1
O=c1nc(-c2ccnc(NC3CCC(CF)CC3)n2)ccn1C1CCCCC1,O=c1nc(-c2ccnc(NC3CCCCC3)n2)ccn1C1CCCCC1
OCc1ccc(-c2ccnc(NC3CCNC(CO)C3)n2)cc1,c1ccc(-c2ccnc(NC3CCNCC3)n2)cc1
Brc1cnn(C2CC2)c1-c1ccnc(NC2CC2)n1,c1cc(-c2ccnn2C2CC2)nc(NC2CC2)n1
CCn1ncc(-c2ccnc(NC3CCC4(CC4)C3)n2)c1C,c1cc(-c2cn[nH]c2)nc(NC2CCC3(CC3)C2)n1
COc1ccsc1-c1ccnc(NC2CCC(CF)C2)n1,c1csc(-c2ccnc(NC3CCCC3)n2)c1
O=C1C=C(Nc2nccc(-c3cnn(CC4CC(O)C4)c3)n2)CN1C1CCCNC1,O=C1C=C(Nc2nccc(-c3cnn(CC4CCC4)c3)n2)CN1C1CCCNC1
O=C1CCCN1C1CCC(Nc2nccc(-c3c[nH]nc3F)n2)C1,O=C1CCCN1C1CCC(Nc2nccc(-c3cn[nH]c3)n2)C1
O=C1CC(Nc2nccc(-c3ccc(O)cc3)n2)CCN1,O=C1CC(Nc2nccc(-c3ccccc3)n2)CCN1
FCC1CCC(Nc2nccc(-c3ccnc(-c4ccsc4)n3)n2)C1,c1cc(-c2ccnc(-c3ccsc3)n2)nc(NC2CCCC2)n1
c1c[nH]c(-c2ccnc(NC3CCCC3)n2)c1,c1c[nH]c(-c2ccnc(NC3CCCC3)n2)c1
O=C1CC(Cn2cc(-c3ccnc(NC4CCCC4)n3)cn2)C1,O=C1CC(Cn2cc(-c3ccnc(NC4CCCC4)n3)cn2)C1
CSc1c(-c2ccnc(-c3ccnc(NC4CCOCC4)n3)n2)cnn1C,c1cc(-c2nccc(-c3cn[nH]c3)n2)nc(NC2CCOCC2)n1
Oc1ccc(-c2ccnc(NC3CCC4(CC3)CC4)n2)cc1,c1ccc(-c2ccnc(NC3CCC4(CC3)CC4)n2)cc1
CN(C)c1ncc(-c2ccnc(NC3CC#CCC3)n2)cn1,C1#CCC(Nc2nccc(-c3cncnc3)n2)CC1
FC1CC=CCC(Nc2nccc(-c3ccsc3)n2)C1,C1=CCC(Nc2nccc(-c3ccsc3)n2)CCC1
CCC(O)c1nccc(-c2c(-c3ccnc(NC4CC4)n3)cnn2C2CC2)n1,c1cc(-c2c(-c3ccnc(NC4CC4)n3)cnn2C2CC2)ncn1
O=c1nc(-c2ccnc(NC3CCOCC3)n2)ccn1-c1ccnc(N2CC2)n1,O=c1nc(-c2ccnc(NC3CCOCC3)n2)ccn1-c1ccnc(N2CC2)n1
CN(C)c1c(-c2ccnc(NC3CCCCCC3)n2)cnn1Cc1ccccc1,c1ccc(Cn2cc(-c3ccnc(NC4CCCCCC4)n3)cn2)cc1
OC1CC(Nc2nccc(-c3cnn(C4CC(O)C4)c3)n2)C1,c1cc(-c2cnn(C3CCC3)c2)nc(NC2CCC2)n1
COc1n[nH]c(-c2ccnc(Cl)n2)c1-c1ccnc(NC2CCCCC2)n1,c1cc(-c2[nH]ncc2-c2ccnc(NC3CCCCC3)n2)ncn1
OC1CCCC(Nc2nccc(-c3ccsc3)n2)CN1,c1cc(-c2ccsc2)nc(NC2CCCCNC2)n1
FCC1CC(Nc2nccc(-c3cnn(C4CC=CCC4)c3)n2)C1,C1=CCC(n2cc(-c3ccnc(NC4CCC4)n3)cn2)CC1
O=C1C=C(N2CC(Nc3nccc(-c4cn[nH]c4)n3)C2)CNC1,O=C1C=C(N2CC(Nc3nccc(-c4cn[nH]c4)n3)C2)CNC1
Cn1ncc(-c2ccnc(Cl)n2)c1-c1ccnc(NC2CCC2)n1,c1cc(-c2cn[nH]c2-c2ccnc(NC3CCC3)n2)ncn1
CC1CCC(Nc2nccc(-c3c[nH]nc3-c3ccc(S(C)=O)cc3)n2)CC1,c1ccc(-c2n[nH]cc2-c2ccnc(NC3CCCCC3)n2)cc1
Brc1cccc(-c2ccnc(NC3CCSCC3)n2)n1,c1ccc(-c2ccnc(NC3CCSCC3)n2)nc1
Cn1nc(Cl)c(-c2ccnc(Nc3ccc(N4CCC(=O)C4=O)cc3)n2)c1Cl,O=C1CCN(c2ccc(Nc3nccc(-c4cn[nH]c4)n3)cc2)C1=O
c1cc(-c2cnnc(NC3CC3)n2)nc(NC2CCC2)n1,c1cc(-c2cnnc(NC3CC3)n2)nc(NC2CCC2)n1
c1cc(-c2c[nH]nc2SC2CC2)nc(NC2CC2)n1,c1cc(-c2c[nH]nc2SC2CC2)nc(NC2CC2)n1
O=c1[nH]cccc1-c1ccnc(NC2CCCCCC2)n1,O=c1[nH]cccc1-c1ccnc(NC2CCCCCC2)n1
FCC1CCC(Nc2nccc(-c3cnn(CC4CCNC4)c3)n2)C1,c1cc(-c2cnn(CC3CCNC3)c2)nc(NC2CCCC2)n1
O=C(NC1CC1)C1CCC(Nc2nccc(-c3cnn(C4CC(CO)C4)c3)n2)CS1,O=C(NC1CC1)C1CCC(Nc2nccc(-c3cnn(C4CCC4)c3)n2)CS1
CCC1CCC(Nc2nccc(-c3ccnc(NC4CCOCC4)n3)n2)CN1,c1cc(-c2ccnc(NC3CCCNC3)n2)nc(NC2CCOCC2)n1
O=C1C=C(Nc2nccc(-c3ccc(F)cc3)n2)C1,O=C1C=C(Nc2nccc(-c3ccccc3)n2)C1
COc1cc(S(C)(=O)=O)c(OC)cc1CC(=O)Nc1cc(N)c(C#N)c(OC(C)C)n1,O=C(Cc1ccccc1)Nc1ccccn1
FCC1CC(Nc2nccc(-c3cnn(C4CCOC(CF)C4)c3)n2)C1,c1cc(-c2cnn(C3CCOCC3)c2)nc(NC2CCC2)n1
O=C1N=CC(c2ccnc(NC3CCCCC3)n2)=N1,O=C1N=CC(c2ccnc(NC3CCCCC3)n2)=N1
O=C1CC(Cn2cc(-c3ccnc(NC4CCC(CO)C4)n3)cn2)N1,O=C1CC(Cn2cc(-c3ccnc(NC4CCCC4)n3)cn2)N1
O=C1CC(Nc2nccc(-c3ccc(Br)cc3)n2)CN1C1CCCCC1,O=C1CC(Nc2nccc(-c3ccccc3)n2)CN1C1CCCCC1
OC1CCC(Cn2cc(-c3ccnc(NC4CCCC(CCl)C4)n3)cn2)C1,c1cc(-c2cnn(CC3CCCC3)c2)nc(NC2CCCCC2)n1
Cc1c(-c2ccnc(NC3CCOCC3)n2)cnn1-c1ccnc(NC2CCOCC2)n1,c1cc(-c2cnn(-c3ccnc(NC4CCOCC4)n3)c2)nc(NC2CCOCC2)n1
CCn1cc(-c2ccnc(NC3CCN(C4=NCCC4)CC3)n2)cn1,c1cc(-c2cn[nH]c2)nc(NC2CCN(C3=NCCC3)CC2)n1
OCC1CCC(Nc2nccc(-c3nccc(NC4CCC(CF)C4)n3)n2)C1,c1cc(-c2nccc(NC3CCCC3)n2)nc(NC2CCCC2)n1
Cc1ccc(-c2ccnc(NC3CCCNC(CO)C3)n2)cc1,c1ccc(-c2ccnc(NC3CCCNCC3)n2)cc1
Cn1ccc(-c2ccnc(NC3CCC(F)CC3)n2)c1N1CCCC1=O,O=C1CCCN1c1[nH]ccc1-c1ccnc(NC2CCCCC2)n1
CC1CC(Nc2nccc(-c3cnn(C4CC(N(C)C5CC5)C4)c3)n2)C1,c1cc(-c2cnn(C3CC(NC4CC4)C3)c2)nc(NC2CCC2)n1
CN(C)c1[nH]ncc1-c1ccnc(Nc2ccc(N3CCN(C4CCCC4)C3)cc2)n1,c1cc(-c2cn[nH]c2)nc(Nc2ccc(N3CCN(C4CCCC4)C3)cc2)n1
O=C1CCCN1c1ccc(Nc2nccc(-c3c[nH]nc3N3CCOCC3)n2)cc1,O=C1CCCN1c1ccc(Nc2nccc(-c3c[nH]nc3N3CCOCC3)n2)cc1
NC1CC(Sc2nccc(-c3ccnc(NC4CC4)n3)n2)C1,c1cc(-c2ccnc(SC3CCC3)n2)nc(NC2CC2)n1
CN(C)c1c(-c2ccnc(NC3CCCNCC3)n2)cnn1Cc1ccccc1,c1ccc(Cn2cc(-c3ccnc(NC4CCCNCC4)n3)cn2)cc1
Brc1cn(-c2n[nH]cc2-c2ccnc(NC3CCOCC3)n2)nc1Br,c1cnn(-c2n[nH]cc2-c2ccnc(NC3CCOCC3)n2)c1
NC1CCN(CC2CC(Nc3nccc(-c4cn[nH]c4Cl)n3)CO2)CC1,c1cc(-c2cn[nH]c2)nc(NC2COC(CN3CCCCC3)C2)n1
CN(C)c1[nH]ncc1-c1ccnc(NC2CCCCO2)n1,c1cc(-c2cn[nH]c2)nc(NC2CCCCO2)n1
OC1CCC(n2cc(-c3ccnc(NC4CCCCCC4)n3)cn2)C1,c1cc(-c2cnn(C3CCCC3)c2)nc(NC2CCCCCC2)n1
c1cc(-c2nccc(NC3CCC3)n2)nc(NC2CC2)n1,c1cc(-c2nccc(NC3CCC3)n2)nc(NC2CC2)n1
O=c1nc(-n2ccc(-c3ccnc(NC4CC4)n3)nc2=O)cc[nH]1,O=c1nc(-n2ccc(-c3ccnc(NC4CC4)n3)nc2=O)cc[nH]1
Fc1ccc(-c2ccnc(NC3CCC4(CC3)CC4)n2)cc1,c1ccc(-c2ccnc(NC3CCC4(CC3)CC4)n2)cc1
CCc1[nH]ncc1-c1[nH]ncc1-c1ccnc(NC2CC2)n1,c1cc(-c2cn[nH]c2-c2cn[nH]c2)nc(NC2CC2)n1
CC1CCC(Nc2nccc(-c3nccc(NC4CCOCC4)n3)n2)C1,c1cc(-c2nccc(NC3CCOCC3)n2)nc(NC2CCCC2)n1
CCCC=CCN1CC(Nc2nccc(-c3ccsc3)n2)C1,c1cc(-c2ccsc2)nc(NC2CNC2)n1
N#Cc1c(-c2ccnc(NC3CCOCC3)n2)cnn1-c1ccnc(NC2CC2)n1,c1cc(-c2cnn(-c3ccnc(NC4CC4)n3)c2)nc(NC2CCOCC2)n1
OCC1CCC(Nc2nccc(-c3ccsc3)n2)CN1CC1CO1,c1cc(-c2ccsc2)nc(NC2CCCN(CC3CO3)C2)n1
CNC1CCC(Nc2nccc(-c3cc[nH]c(=O)n3)n2)CC1,O=c1nc(-c2ccnc(NC3CCCCC3)n2)cc[nH]1
CN(C)c1ncc(-c2ccnc(NC3CC=CCCC3)n2)cn1,C1=CCC(Nc2nccc(-c3cncnc3)n2)CCC1
CN1CCC(Nc2nccc(-c3cn(C)cn3)n2)CC1,c1cc(-c2c[nH]cn2)nc(NC2CCNCC2)n1
Cn1ncc(-c2cnc(NC3CC3)nc2)c1-c1ccnc(NC2CC2)n1,c1cc(-c2[nH]ncc2-c2cnc(NC3CC3)nc2)nc(NC2CC2)n1
O=C1CCC(Nc2nccc(-c3cnn(C4CCC(CF)C4)c3)n2)CC1,O=C1CCC(Nc2nccc(-c3cnn(C4CCCC4)c3)n2)CC1
OC1CCC(C2CCC(Nc3nccc(-c4ccccc4)n3)C2)C1,c1ccc(-c2ccnc(NC3CCC(C4CCCC4)C3)n2)cc1
Clc1nccc(-c2cn[nH]c2-c2ccnc(NC3CC3)n2)n1,c1cc(-c2cn[nH]c2-c2ccnc(NC3CC3)n2)ncn1
Nc1sccc1-c1ccnc(NC2CCC(C3CCC(O)C3)C2)n1,c1cc(-c2ccsc2)nc(NC2CCC(C3CCCC3)C2)n1
Cc1c(-c2ccnc(NC3CCOCC3)n2)cnn1C1CCC1,c1cc(-c2cnn(C3CCC3)c2)nc(NC2CCOCC2)n1
OC(CC1CC1)Cn1cc(-c2ccnc(NC3CC3)n2)cn1,c1cc(-c2cnn(CCCC3CC3)c2)nc(NC2CC2)n1
Brc1ccc(-c2ccnc(NC3CCC4OC4C3)n2)cc1,c1ccc(-c2ccnc(NC3CCC4OC4C3)n2)cc1
CN1CC2CC(Nc3nccc(-c4ccsc4)n3)CC21,c1cc(-c2ccsc2)nc(NC2CC3CNC3C2)n1
C=C1CC(Nc2nccc(-c3ccsc3)n2)CN1,C=C1CC(Nc2nccc(-c3ccsc3)n2)CN1
Clc1ccc(-c2ccnc(NC3CC4CCN(C4)C3)n2)cc1,c1ccc(-c2ccnc(NC3CC4CCN(C4)C3)n2)cc1
Cn1cc(-c2ccnc(NC3CCCN(C4CC4)C3)n2)cn1,c1cc(-c2cn[nH]c2)nc(NC2CCCN(C3CC3)C2)n1
CC1CC1c1nccc(-c2ccnc(NC3CCNCC3)n2)n1,c1cc(-c2ccnc(C3CC3)n2)nc(NC2CCNCC2)n1
CCC1CCC(Nc2nccc(-c3ccn(C4CCC4)c3)n2)C1,c1cc(-c2ccn(C3CCC3)c2)nc(NC2CCCC2)n1
N#CN1CCC(Nc2nccc(-c3ccnc(N)n3)n2)CC1,c1cc(-c2ccnc(NC3CCNCC3)n2)ncn1
COCC1CCC(Nc2nccc(-c3cn[nH]c3Oc3ccc(Cl)cc3)n2)C1,c1ccc(Oc2[nH]ncc2-c2ccnc(NC3CCCC3)n2)cc1
Cc1[nH]ncc1-c1ccnc(NC2CCN(C(=O)O)CC2)n1,c1cc(-c2cn[nH]c2)nc(NC2CCNCC2)n1
CCCC(N)Cc1cccc(-c2ccnc(NC3CCC3)n2)n1,c1ccc(-c2ccnc(NC3CCC3)n2)nc1
O=C1OCC(Nc2nccc(-c3ccsc3)n2)CN1CCO,O=C1NCC(Nc2nccc(-c3ccsc3)n2)CO1
O=C1CCC1NC(=O)C1CC(Nc2nccc(-c3ccsc3)n2)CN1,O=C1CCC1NC(=O)C1CC(Nc2nccc(-c3ccsc3)n2)CN1
SC1CC(Nc2nccc(-c3ccsc3)n2)CCS1,c1cc(-c2ccsc2)nc(NC2CCSCC2)n1
O=C1CC(Nc2nccc(-c3ccsc3)n2)CCN1,O=C1CC(Nc2nccc(-c3ccsc3)n2)CCN1
C1=CCC(n2cc(-c3ccnc(NC4CCCC4)n3)cn2)CC1,C1=CCC(n2cc(-c3ccnc(NC4CCCC4)n3)cn2)CC1
OCC1CN(CC2CCC(Nc3nccc(-c4ccccc4)n3)C2)CO1,c1ccc(-c2ccnc(NC3CCC(CN4CCOC4)C3)n2)cc1
c1cc(-c2ccsn2)nc(NC2CC2)n1,c1cc(-c2ccsn2)nc(NC2CC2)n1
Fc1ccc(Nc2nccc(-c3ccnnc3Cl)n2)cc1,c1ccc(Nc2nccc(-c3ccnnc3)n2)cc1
CCCCn1cc(-c2ccnc(NC3CCC(=O)C3)n2)cn1,O=C1CCC(Nc2nccc(-c3cn[nH]c3)n2)C1
O=C1CC(N2CCCC(Nc3nccc(-c4cnn(CC5CC(O)C5)c4)n3)C2)C1,O=C1CC(N2CCCC(Nc3nccc(-c4cnn(CC5CCC5)c4)n3)C2)C1
O=C1CC(Cn2cc(-c3ccnc(NC4CCC4)n3)cn2)C1,O=C1CC(Cn2cc(-c3ccnc(NC4CCC4)n3)cn2)C1
COc1sccc1-c1ccnc(NC2CCC(F)CC2)n1,c1cc(-c2ccsc2)nc(NC2CCCCC2)n1
C1=CC(Cn2cc(-c3ccnc(NC4CCCCC4)n3)cn2)CCC1,C1=CC(Cn2cc(-c3ccnc(NC4CCCCC4)n3)cn2)CCC1
O=C(O)C1CC(Nc2nccc(-c3cnn(-c4ccc(O)cc4)c3)n2)CCO1,c1ccc(-n2cc(-c3ccnc(NC4CCOCC4)n3)cn2)cc1
Cc1nc(-c2ccnc(NC3CCC3)n2)cn1C1C=CCC1,C1=CC(n2cnc(-c3ccnc(NC4CCC4)n3)c2)CC1
O=C(O)C1CC(Nc2nccc(-c3cn[nH]c3)n2)CN1CCC1CC1,c1cc(-c2cn[nH]c2)nc(NC2CCN(CCC3CC3)C2)n1
CN1CC(Nc2nccc(-c3ccsc3)n2)CC1C1CO1,c1cc(-c2ccsc2)nc(NC2CNC(C3CO3)C2)n1
NCCNc1ncc(C(N)=O)c(Nc2cccc(C(F)(F)F)c2)n1,c1ccc(Nc2ccncn2)cc1
O=C1CCCN1c1nc(-c2ccnc(NC3CCC(F)CC3)n2)c[nH]1,O=C1CCCN1c1nc(-c2ccnc(NC3CCCCC3)n2)c[nH]1
C=C1CCC(Cn2cc(-c3ccnc(NC4CC4)n3)cn2)C1,C=C1CCC(Cn2cc(-c3ccnc(NC4CC4)n3)cn2)C1
CN1CC(Nc2nccc(-c3cnsc3)n2)CC1CO,c1cc(-c2cnsc2)nc(NC2CCNC2)n1
CCC(C)n1ncc(-c2ccnc(Cl)n2)c1-c1ccnc(NC2CC2)n1,c1cc(-c2cn[nH]c2-c2ccnc(NC3CC3)n2)ncn1
Cn1nc(-c2ccnc(NC3CCNCC3)n2)cc1C1CCC1,c1cc(-c2cc(C3CCC3)[nH]n2)nc(NC2CCNCC2)n1
O=c1[nH]cccc1-c1ccnc(NC2CCC(O)C2)n1,O=c1[nH]cccc1-c1ccnc(NC2CCCC2)n1
Clc1[nH]ncc1-c1ccnc(NC2CCCOC2)n1,c1cc(-c2cn[nH]c2)nc(NC2CCCOC2)n1
NC(=O)c1ccccc1-c1nc(Nc2ccc(N3CCOC3=O)cc2)ncc1Cl,O=C1OCCN1c1ccc(Nc2nccc(-c3ccccc3)n2)cc1
c1cc(-c2ccsc2)nc(NC2CCN(CC3CCCN3)C2)n1,c1cc(-c2ccsc2)nc(NC2CCN(CC3CCCN3)C2)n1
NCC1CCC(Nc2nccc(-c3ccnc(NC4CCC4)n3)n2)C1,c1cc(-c2ccnc(NC3CCC3)n2)nc(NC2CCCC2)n1
OC1CCC(Nc2nccc(-c3ccnc(C4CCCC4)n3)n2)C1,c1cc(-c2ccnc(C3CCCC3)n2)nc(NC2CCCC2)n1
Brc1cc(-c2ccnc(NC3CC3)n2)nn1C1CC1,c1cc(-c2ccn(C3CC3)n2)nc(NC2CC2)n1
CN(C)c1[nH]ncc1-c1ccnc(NC2CCC(N3CCC(=O)C3)CC2)n1,O=C1CCN(C2CCC(Nc3nccc(-c4cn[nH]c4)n3)CC2)C1
O=C1CCCN1c1c(-c2ccnc(NC3CCC(F)CC3)n2)ccn1C1CC1,O=C1CCCN1c1c(-c2ccnc(NC3CCCCC3)n2)ccn1C1CC1
O=C1CSC(Cn2cc(-c3ccnc(NC4CCCCC4)n3)cn2)C1,O=C1CSC(Cn2cc(-c3ccnc(NC4CCCCC4)n3)cn2)C1
Cn1nc(Cl)c(-c2ccnc(Cl)n2)c1-c1ccnc(NC2CCSC2)n1,c1cc(-c2cn[nH]c2-c2ccnc(NC3CCSC3)n2)ncn1
Cc1c(-c2ccnc(NC3CCCOCC3)n2)cnn1C1CCC1,c1cc(-c2cnn(C3CCC3)c2)nc(NC2CCCOCC2)n1
Clc1ccc(-c2ccnc(NC3COC(CN4CCCC4)C3)n2)cc1,c1ccc(-c2ccnc(NC3COC(CN4CCCC4)C3)n2)cc1
Brc1c(-c2ccnc(NC3CCOCC3)n2)cnn1C1CN(C2CC2)C1,c1cc(-c2cnn(C3CN(C4CC4)C3)c2)nc(NC2CCOCC2)n1
CCNc1nccc(-c2cc(-c3ccnc(NC4CCC4)n3)nn2C)n1,c1cc(-c2cc(-c3ccnc(NC4CCC4)n3)n[nH]2)ncn1
O=c1cccc(-c2cccc(-c3ccnc(NC4CC4)n3)n2)[nH]1,O=c1cccc(-c2cccc(-c3ccnc(NC4CC4)n3)n2)[nH]1
c1c[nH]c(-c2ccnc(NC3CCNCC3)n2)c1,c1c[nH]c(-c2ccnc(NC3CCNCC3)n2)c1
O=C1CCCCC1Nc1nccc(-c2ccc(F)cc2)n1,O=C1CCCCC1Nc1nccc(-c2ccccc2)n1
O=C1CCCN1c1ccc(Nc2nccc(-c3c[nH]nc3N3CCC3)n2)cc1,O=C1CCCN1c1ccc(Nc2nccc(-c3c[nH]nc3N3CCC3)n2)cc1
NC(=O)c1ccccc1-c1ccnc(Nc2ccc(N3CCCC3)cc2)n1,c1ccc(-c2ccnc(Nc3ccc(N4CCCC4)cc3)n2)cc1
CN1CC(Nc2nccc(-c3ccc(Br)cc3)n2)CC1C(O)C1CCCCC1,c1ccc(-c2ccnc(NC3CNC(CC4CCCCC4)C3)n2)cc1
NC1CCC(Nc2nccc(-c3ccsc3)n2)CN(CC2COC2=O)C1,O=C1OCC1CN1CCCCC(Nc2nccc(-c3ccsc3)n2)C1
CC1CCC(Cn2cc(-c3ccnc(NC4CCN(C5CCCCC5)CC4)n3)cn2)CC1,c1cc(-c2cnn(CC3CCCCC3)c2)nc(NC2CCN(C3CCCCC3)CC2)n1
Brc1cc(-c2ccnc(NC3CCSCC3)n2)ccn1,c1cc(-c2ccnc(NC3CCSCC3)n2)ccn1
CCCC(Cn1cc(-c2ccnc(NC3CCCCC3)n2)cn1)C1CC1,c1cc(-c2cnn(CCC3CC3)c2)nc(NC2CCCCC2)n1
Nc1cncc(-c2ccnc(NC3CCNC(CO)C3)n2)n1,c1cnc(-c2ccnc(NC3CCNCC3)n2)cn1
COc1nccc(-n2ccc(-c3ccnc(NC4CC4)n3)nc2=O)n1,O=c1nc(-c2ccnc(NC3CC3)n2)ccn1-c1ccncn1
Cc1c(F)c(-c2ccnc(NC3COC3)n2)nn1C,c1cc(-c2cc[nH]n2)nc(NC2COC2)n1
CCC1CCC(Nc2nccc(-c3cnn(C4CCCCC4)c3)n2)CCO1,c1cc(-c2cnn(C3CCCCC3)c2)nc(NC2CCCOCC2)n1
FCC1CCC(Nc2nccc(-c3ccc(OC4CCC(CF)C4)cn3)n2)C1,c1cc(-c2ccc(OC3CCCC3)cn2)nc(NC2CCCC2)n1
Clc1nccc(-c2cnc(NC3CC3)nc2-c2ccnc(Cl)n2)n1,c1cc(-c2cnc(NC3CC3)nc2-c2ccncn2)ncn1
CN(CC1CCC(Nc2nccc(-c3ccccc3)n2)C1)C1CNC(CO)C1,c1ccc(-c2ccnc(NC3CCC(CNC4CCNC4)C3)n2)cc1
NC(=O)c1ccccc1-c1nc(Nc2ccc(N3C=CCC3)cc2)ncc1Cl,C1=CN(c2ccc(Nc3nccc(-c4ccccc4)n3)cc2)CC1
CNc1nccc(-c2cnc(NC3CC3)nc2-c2cc[nH]c(=O)n2)n1,O=c1nc(-c2nc(NC3CC3)ncc2-c2ccncn2)cc[nH]1
CC1CCC(Nc2nccc(-c3ccnc(NC4CCC4)n3)n2)C1,c1cc(-c2ccnc(NC3CCC3)n2)nc(NC2CCCC2)n1
O=c1nc(-c2ccnc(NC3CC3)n2)ccn1-c1ncon1,O=c1nc(-c2ccnc(NC3CC3)n2)ccn1-c1ncon1
O=C1CC(n2cc(-c3ccnc(NC4CCC(CO)C4)n3)cn2)CN1,O=C1CC(n2cc(-c3ccnc(NC4CCCC4)n3)cn2)CN1
O=c1[nH][nH]cc1-c1ccnc(NC2CCC(F)CC2)n1,O=c1[nH][nH]cc1-c1ccnc(NC2CCCCC2)n1
CNc1nccc(-c2[nH]ncc2-c2ccnc(NC3CC3)n2)n1,c1cc(-c2[nH]ncc2-c2ccnc(NC3CC3)n2)ncn1
c1cc(-c2cnn(CN3CCCCC3)c2)nc(NC2CC2)n1,c1cc(-c2cnn(CN3CCCCC3)c2)nc(NC2CC2)n1
Oc1ccc(-c2ccnc(NC3COC(CNC4CCOC4)C3)n2)cc1,c1ccc(-c2ccnc(NC3COC(CNC4CCOC4)C3)n2)cc1
FC1CCC(CN2CC(Cn3cc(-c4ccnc(NC5CC5)n4)cn3)C2)C1,c1cc(-c2cnn(CC3CN(CC4CCCC4)C3)c2)nc(NC2CC2)n1
O=C1CCCN1C(=O)C1CC(Nc2nccc(-c3ccsc3)n2)CN1,O=C1CCCN1C(=O)C1CC(Nc2nccc(-c3ccsc3)n2)CN1
C=C1CC2(CCC(Nc3nccc(-c4cnn(C)c4)n3)CC2)C1,C=C1CC2(CCC(Nc3nccc(-c4cn[nH]c4)n3)CC2)C1
O=S1CCC(Nc2nccc(-c3ccc(F)cc3)n2)C1,O=S1CCC(Nc2nccc(-c3ccccc3)n2)C1
CNc1nccc(-n2ccc(-c3ccnc(NC4CCSCC4)n3)nc2=O)n1,O=c1nc(-c2ccnc(NC3CCSCC3)n2)ccn1-c1ccncn1
Brc1nccc(-c2cnn(-c3ccnc(NC4CCOCC4)n3)c2)n1,c1cc(-c2cnn(-c3ccnc(NC4CCOCC4)n3)c2)ncn1
NC1CCC(Nc2nccc(-c3c[nH]cn3)n2)CC1,c1cc(-c2c[nH]cn2)nc(NC2CCCCC2)n1
O=C(C1CCC1)N1CCC(Nc2nccc(-c3ccn(CO)c(=O)n3)n2)CC1,O=C(C1CCC1)N1CCC(Nc2nccc(-c3cc[nH]c(=O)n3)n2)CC1
O=c1nc(-c2ccnc(NC3CCCCCC3)n2)ccn1CC1CCC1,O=c1nc(-c2ccnc(NC3CCCCCC3)n2)ccn1CC1CCC1
O=C1CCC(Nc2nccc(-c3nc[nH]c3Br)n2)CC1,O=C1CCC(Nc2nccc(-c3c[nH]cn3)n2)CC1
Cc1c(-c2ccnc(NC3CN(C)C3)n2)cnn1C,c1cc(-c2cn[nH]c2)nc(NC2CNC2)n1
c1ccc(-c2ccnc(NC3CCC4(CCCC4)C3)n2)cc1,c1ccc(-c2ccnc(NC3CCC4(CCCC4)C3)n2)cc1
c1cc(-c2ccsc2)nc(NC2CCC(CSc3cn[nH]c3)CC2)n1,c1cc(-c2ccsc2)nc(NC2CCC(CSc3cn[nH]c3)CC2)n1
Clc1ccc(-c2ccnc(NC3CCC(Sc4nn[nH]c4Cl)C3)n2)cc1,c1ccc(-c2ccnc(NC3CCC(Sc4c[nH]nn4)C3)n2)cc1
OC1CCC(Nc2nccc(-c3ccsc3)n2)CN1CCC1CC1,c1cc(-c2ccsc2)nc(NC2CCCN(CCC3CC3)C2)n1
Clc1nc(-c2ccnc(NC3CCCCC3)n2)cn1C1CCCCC1,c1cc(-c2cn(C3CCCCC3)cn2)nc(NC2CCCCC2)n1
Brc1cn[nH]c1-c1ccnc(NC2CCC(c3cn[nH]c3)C2)n1,c1cc(-c2ccnc(NC3CCC(c4cn[nH]c4)C3)n2)[nH]n1
CC1CN(c2nccc(-c3ccnc(NC4CCOCC4)n3)n2)CCO1,c1cc(-c2ccnc(N3CCOCC3)n2)nc(NC2CCOCC2)n1
O=C1CCC(Cn2cc(-c3ccnc(NC4CCCC(F)C4)n3)cn2)CC1,O=C1CCC(Cn2cc(-c3ccnc(NC4CCCCC4)n3)cn2)CC1
Oc1cncc(-c2ccnc(NC3CCC3)n2)n1,c1cnc(-c2ccnc(NC3CCC3)n2)cn1
Cc1ccc(-c2ccnc(NC3CCC4(CCOC4)C3)n2)cc1,c1ccc(-c2ccnc(NC3CCC4(CCOC4)C3)n2)cc1
CCCn1ccc(-c2ccnc(NC3CC3)n2)c1,c1cc(-c2cc[nH]c2)nc(NC2CC2)n1
O=c1c(-c2ccnc(NC3CCCCC3)n2)ccnn1C1CCCCC1,O=c1c(-c2ccnc(NC3CCCCC3)n2)ccnn1C1CCCCC1
Brc1c(-c2ccnc(NC3CCOC3)n2)cnn1C1CCNC1,c1cc(-c2cnn(C3CCNC3)c2)nc(NC2CCOC2)n1
CCNc1nccc(-c2ccn(-c3ccnc(NC4CCC4)n3)c(=O)n2)n1,O=c1nc(-c2ccncn2)ccn1-c1ccnc(NC2CCC2)n1
Cn1nc(-c2ccnc(N3CCC3)n2)cc1-c1ccnc(NC2CC2)n1,c1cc(-c2cc(-c3ccnc(N4CCC4)n3)n[nH]2)nc(NC2CC2)n1
NC1CCC(Nc2nccc(-c3nncc(NC4CCOCC4)n3)n2)CC1,c1cc(-c2nncc(NC3CCOCC3)n2)nc(NC2CCCCC2)n1
OCC1CC(Nc2nccc(-c3cn[nH]c3)n2)CN1C1=NCCC1,c1cc(-c2cn[nH]c2)nc(NC2CCN(C3=NCCC3)C2)n1
O=c1nc(-c2ccnc(NC3CC3)n2)ccn1C1CCOC1,O=c1nc(-c2ccnc(NC3CC3)n2)ccn1C1CCOC1
Fc1ccc(-c2ccnc(NC3CCC(c4cn[nH]c4)C3)n2)cc1,c1ccc(-c2ccnc(NC3CCC(c4cn[nH]c4)C3)n2)cc1
O=c1nc(-c2cn[nH]c2)ccn1-c1ccnc(NC2CCOCC2)n1,O=c1nc(-c2cn[nH]c2)ccn1-c1ccnc(NC2CCOCC2)n1
CC1CCCC(Nc2nccc(-c3ccnc(NC4CCNCC4)n3)n2)C1,c1cc(-c2ccnc(NC3CCNCC3)n2)nc(NC2CCCCC2)n1
Nc1ccc(Nc2nccc(-c3n[nH]c(Cl)c3Cl)n2)cc1,c1ccc(Nc2nccc(-c3cc[nH]n3)n2)cc1
CN(C)c1c(-c2ccnc(NC3CCC(=O)OC3)n2)cnn1Cc1ccccc1,O=C1CCC(Nc2nccc(-c3cnn(Cc4ccccc4)c3)n2)CO1
O=C1NCCN1c1ccc(Nc2nccc(-c3cn[nH]c3)n2)c(Cl)n1,O=C1NCCN1c1ccc(Nc2nccc(-c3cn[nH]c3)n2)cn1
COCC1CCC(Nc2nccc(-c3nccc(C4CCCC(O)C4)n3)n2)C1,c1cc(-c2nccc(C3CCCCC3)n2)nc(NC2CCCC2)n1
CN(C)c1c(-c2ccnc(NC3CCC(F)C3)n2)cnn1Cc1ccccc1,c1ccc(Cn2cc(-c3ccnc(NC4CCCC4)n3)cn2)cc1
COc1ncc(-c2ccnc(NC3CCC(C#N)CC3)n2)n1Cc1ccccc1,c1ccc(Cn2cncc2-c2ccnc(NC3CCCCC3)n2)cc1
OCC1CC(Nc2nccc(-c3ccccn3)n2)CCO1,c1ccc(-c2ccnc(NC3CCOCC3)n2)nc1
OC1CCC(Nc2nccc(-c3ccnc(NC4CCOC4)n3)n2)CC1,c1cc(-c2ccnc(NC3CCOC3)n2)nc(NC2CCCCC2)n1
O=C1CC(n2cc(-c3ccnc(NC4CCCC4)n3)cn2)C1,O=C1CC(n2cc(-c3ccnc(NC4CCCC4)n3)cn2)C1
OC1=CCC(Nc2nccc(-c3ccc(F)nc3)n2)C1,C1=CCC(Nc2nccc(-c3cccnc3)n2)C1
O=S1CC(Cn2cc(-c3ccnc(NC4CCCCC4)n3)cn2)C1,O=S1CC(Cn2cc(-c3ccnc(NC4CCCCC4)n3)cn2)C1
NC1CCC(Nc2nccc(-c3c[nH]nc3N3CCCOCC3)n2)CC1,c1cc(-c2c[nH]nc2N2CCCOCC2)nc(NC2CCCCC2)n1
SC1CC(n2cc(-c3ccnc(NC4CCCC4)n3)cn2)C1,c1cc(-c2cnn(C3CCC3)c2)nc(NC2CCCC2)n1
NC1CCC(Cn2cc(-c3ccnc(NC4CCC(=O)CC4)n3)cn2)C1,O=C1CCC(Nc2nccc(-c3cnn(CC4CCCC4)c3)n2)CC1
O=C1CCC(Nc2nccc(-c3cn[nH]c3)n2)CN1CCC1CO1,O=C1CCC(Nc2nccc(-c3cn[nH]c3)n2)CN1CCC1CO1
CCc1[nH]ncc1-c1ccnc(NC2CCN(C3CC3)C2)n1,c1cc(-c2cn[nH]c2)nc(NC2CCN(C3CC3)C2)n1
OC1CCC(Nc2nccc(-c3cncc(NC4CCC(CF)C4)n3)n2)C1,c1cc(-c2cncc(NC3CCCC3)n2)nc(NC2CCCC2)n1
O=c1nc(Cl)n(CC2CCC(Nc3nccc(-c4ccc(Cl)cc4)n3)C2)[nH]1,O=c1ncn(CC2CCC(Nc3nccc(-c4ccccc4)n3)C2)[nH]1
CCCN1CCC(Nc2nccc(-c3ccnc(NC4CC4)n3)n2)CC1,c1cc(-c2ccnc(NC3CC3)n2)nc(NC2CCNCC2)n1
Clc1oncc1-c1ccnc(NC2CCSCC2)n1,c1cc(-c2cnoc2)nc(NC2CCSCC2)n1
O=C1CC(Nc2nccc(-c3ccc(Cl)cc3)n2)CN1CC1CCC(F)C1,O=C1CC(Nc2nccc(-c3ccccc3)n2)CN1CC1CCCC1
Clc1c(-c2ccnc(NC3CC3)n2)cnn1CCN1CCC1,c1cc(-c2cnn(CCN3CCC3)c2)nc(NC2CC2)n1
CN(C)c1n[nH]cc1-c1ccnc(Nc2ccc(N3CCCS3)cc2)n1,c1cc(-c2cn[nH]c2)nc(Nc2ccc(N3CCCS3)cc2)n1
O=c1nc(-c2ccnc(NC3CCCCC3)n2)ccn1-c1ccnc(NC2CC2)n1,O=c1nc(-c2ccnc(NC3CCCCC3)n2)ccn1-c1ccnc(NC2CC2)n1
CC1CCC(Nc2nccc(-n3ccc(-c4ccnc(N)n4)nc3=O)n2)CC1,O=c1nc(-c2ccncn2)ccn1-c1ccnc(NC2CCCCC2)n1
CN1CCCC(Nc2nccc(-c3cnn(C4CCCC4)c3)n2)C1,c1cc(-c2cnn(C3CCCC3)c2)nc(NC2CCCNC2)n1
CC1=CCCC(Nc2nccc(-c3cnn(C4CCC(C)C4)c3)n2)C1,C1=CCC(Nc2nccc(-c3cnn(C4CCCC4)c3)n2)CC1
CN1C=CCC(Nc2nccc(-c3cnn(C)c3)n2)C1,C1=CNCC(Nc2nccc(-c3cn[nH]c3)n2)C1
CN(C)CC1CCC(Nc2nccc(-c3nccc(Br)n3)n2)C1,c1cnc(-c2ccnc(NC3CCCC3)n2)nc1
Clc1[nH]ncc1-c1ccnc(NC2CCCCCNC2)n1,c1cc(-c2cn[nH]c2)nc(NC2CCCCCNC2)n1
O=C1C=CCN1c1ccc(Nc2nccc(-c3ccc(Cl)cc3)n2)c(=O)[nH]1,O=C1C=CCN1c1ccc(Nc2nccc(-c3ccccc3)n2)c(=O)[nH]1
c1cnc(NC2CCC(Nc3nccc(-c4cn[nH]c4)n3)C2)nc1,c1cnc(NC2CCC(Nc3nccc(-c4cn[nH]c4)n3)C2)nc1
CC1CC(Nc2nccc(-c3ccsc3)n2)CS1,c1cc(-c2ccsc2)nc(NC2CCSC2)n1
O=C1CCNN1c1ccc(Nc2nccc(-c3cnc[nH]3)n2)cc1,O=C1CCNN1c1ccc(Nc2nccc(-c3cnc[nH]3)n2)cc1
COC1CCC(Nc2nccc(-c3ccn(-c4cn[nH]c4)c3)n2)C1,c1cc(-c2ccn(-c3cn[nH]c3)c2)nc(NC2CCCC2)n1
CC1CC(Cn2cc(-c3ccnc(NC4CCOCC4)n3)cn2)C1,c1cc(-c2cnn(CC3CCC3)c2)nc(NC2CCOCC2)n1
c1cc(-c2ccnc(SC3CC3)n2)nc(NC2CC2)n1,c1cc(-c2ccnc(SC3CC3)n2)nc(NC2CC2)n1
O=c1nc(-c2cnn(-c3ccnc(NC4CC4)n3)c2)cc[nH]1,O=c1nc(-c2cnn(-c3ccnc(NC4CC4)n3)c2)cc[nH]1
CCCC1CCC(n2cc(-c3ccnc(NC4CC4)n3)cn2)CC1,c1cc(-c2cnn(C3CCCCC3)c2)nc(NC2CC2)n1
Cn1nc(-c2ccnc(NC3CC3)n2)cc1-c1ccnc(N2CCOCC2)n1,c1cc(-c2cc(-c3ccnc(N4CCOCC4)n3)[nH]n2)nc(NC2CC2)n1
Nc1nccc(Nc2nccc(-c3ccc(F)cc3)n2)n1,c1ccc(-c2ccnc(Nc3ccncn3)n2)cc1
O=C1CC(Nc2nccc(-c3cnn(CC4CC(O)C4)c3)n2)C1,O=C1CC(Nc2nccc(-c3cnn(CC4CCC4)c3)n2)C1
O=C1CC(CO)OCC(Nc2nccc(-c3cn[nH]c3)n2)CN1CC1CC1,O=C1CCOCC(Nc2nccc(-c3cn[nH]c3)n2)CN1CC1CC1
OCC1CCC(Nc2nccc(-c3ccnc(NC4CCCCC4)n3)n2)C1,c1cc(-c2ccnc(NC3CCCC3)n2)nc(NC2CCCCC2)n1
CC1CCC(c2[nH]ncc2-c2ccnc(NC3CCCNC3)n2)C1,c1cc(-c2cn[nH]c2C2CCCC2)nc(NC2CCCNC2)n1
O=C1CCC(Nc2nccc(-c3cnn(CC4CCC(F)C4)c3)n2)C1,O=C1CCC(Nc2nccc(-c3cnn(CC4CCCC4)c3)n2)C1
OC1CCCC(n2cc(-c3ccnc(NC4CC=CC4)n3)cn2)C1,C1=CCC(Nc2nccc(-c3cnn(C4CCCCC4)c3)n2)C1
S=C1CC(Nc2nccc(-c3ccc(Br)cc3)n2)CN1C1CCCCC1,S=C1CC(Nc2nccc(-c3ccccc3)n2)CN1C1CCCCC1
C1=CCC(Nc2nccc(-c3ccnc(NC4CC4)n3)n2)C1,C1=CCC(Nc2nccc(-c3ccnc(NC4CC4)n3)n2)C1
Cn1cc(-c2ccnc(NC3CCC4(CCCC(F)C4)CC3)n2)cn1,c1cc(-c2cn[nH]c2)nc(NC2CCC3(CCCCC3)CC2)n1
O=c1nc(-c2ccnc(NC3CCCCCC(O)CC3)n2)cc[nH]1,O=c1nc(-c2ccnc(NC3CCCCCCCC3)n2)cc[nH]1
Cn1cnc(-c2ccnc(NC3CCSCC3)n2)c1,c1cc(-c2c[nH]cn2)nc(NC2CCSCC2)n1
Brc1nn(C2CCSC2)cc1-c1ccnc(NC2CCOCC2)n1,c1cc(-c2cnn(C3CCSC3)c2)nc(NC2CCOCC2)n1
CCCN(c1ccnc(-c2ccnc(NC3CC3)n2)n1)C1CC1,c1cc(-c2nccc(NC3CC3)n2)nc(NC2CC2)n1
C=C1CC(Nc2nccc(-c3cn[nH]c3)n2)C1,C=C1CC(Nc2nccc(-c3cn[nH]c3)n2)C1
Brc1c(-c2ccnc(NC3CCCCC3)n2)cnn1C1CC=CCC1,C1=CCC(n2cc(-c3ccnc(NC4CCCCC4)n3)cn2)CC1
Brc1c(-c2ccnc(NC3CCCCC3)n2)cnn1C1CN(C2CCCCC2)C1,c1cc(-c2cnn(C3CN(C4CCCCC4)C3)c2)nc(NC2CCCCC2)n1
Cc1cc(-c2ccnc(NC3CCCCC3)n2)cn1CC1CO1,c1cc(-c2ccn(CC3CO3)c2)nc(NC2CCCCC2)n1
c1c[nH]c(-c2ccnc(NC3CCCCCC3)n2)c1,c1c[nH]c(-c2ccnc(NC3CCCCCC3)n2)c1
CN1CC(n2cc(-c3ccnc(NC4CCCC4)n3)cn2)CC1CO,c1cc(-c2cnn(C3CCNC3)c2)nc(NC2CCCC2)n1
CCCC(Nc1nccc(-c2ccnc(NC3CCC3)n2)n1)C1CCC1,c1cc(-c2ccnc(NC3CCC3)n2)nc(NCC2CCC2)n1
NC(=O)c1ccccc1-c1nc(Nc2ccc(N3CC(=O)CC3=O)cc2)ncc1Cl,O=C1CC(=O)N(c2ccc(Nc3nccc(-c4ccccc4)n3)cc2)C1
CCc1c(Br)c(-c2ccnc(NC3CCOCC3)n2)nn1-c1cc[nH]c(=O)c1,O=c1cc(-n2ccc(-c3ccnc(NC4CCOCC4)n3)n2)cc[nH]1
CN1CC(CO)CCC(Nc2nccc(-c3ccsc3)n2)C1,c1cc(-c2ccsc2)nc(NC2CCCCNC2)n1
CN1CC(=O)CC(Nc2nccc(-c3cn[nH]c3)n2)C1,O=C1CNCC(Nc2nccc(-c3cn[nH]c3)n2)C1
C1=CCC(Nc2nccc(-c3cnn(CC4=CCCC4)c3)n2)C1,C1=CCC(Nc2nccc(-c3cnn(CC4=CCCC4)c3)n2)C1
COCC1CC(Nc2nccc(-c3[nH]ncc3-c3ccc(Br)cc3)n2)CN1C,c1ccc(-c2cn[nH]c2-c2ccnc(NC3CCNC3)n2)cc1
Cc1nc(-c2ccnc(NC3CCCC3)n2)cn1C1CCCCC1,c1cc(-c2cn(C3CCCCC3)cn2)nc(NC2CCCC2)n1
CN(C)c1[nH]ncc1-c1ccnc(NC2CCC(N3CCCC3=O)C2)n1,O=C1CCCN1C1CCC(Nc2nccc(-c3cn[nH]c3)n2)C1
COCC1CC(Nc2nccc(-c3cnn(C4CC4)c3Br)n2)CN1C,c1cc(-c2cnn(C3CC3)c2)nc(NC2CCNC2)n1
Cn1cc(-c2ccnc(NC3CCN(C4CCC4)CC3)n2)cn1,c1cc(-c2cn[nH]c2)nc(NC2CCN(C3CCC3)CC2)n1
CCc1[nH]ncc1-c1ccnc(NC2CN(C3CC3)C2)n1,c1cc(-c2cn[nH]c2)nc(NC2CN(C3CC3)C2)n1
O=C1OCC(Nc2nccc(-c3ccsc3)n2)CC1CN1CCOC1=O,O=C1OCC(Nc2nccc(-c3ccsc3)n2)CC1CN1CCOC1=O
CC1CCC(Nc2nccc(-c3cnn(C4CCC(=O)C4)c3)n2)CC1,O=C1CCC(n2cc(-c3ccnc(NC4CCCCC4)n3)cn2)C1
COCC(CC1CC1)N1CC(Nc2nccc(-c3cn[nH]c3)n2)CC1=O,O=C1CC(Nc2nccc(-c3cn[nH]c3)n2)CN1CCC1CC1
COCC1CC(Nc2nccc(-c3cn[nH]c3-c3ccsc3)n2)CN1C,c1cc(-c2cn[nH]c2-c2ccsc2)nc(NC2CCNC2)n1
O=c1nc(-c2ccnc(NC3CC3)n2)ccn1-c1ccnc(CN2CCC2)n1,O=c1nc(-c2ccnc(NC3CC3)n2)ccn1-c1ccnc(CN2CCC2)n1
c1cc(-c2cnc(C3CCOCC3)nc2)nc(NC2CCOCC2)n1,c1cc(-c2cnc(C3CCOCC3)nc2)nc(NC2CCOCC2)n1
ClCC1CC(Nc2nccc(-c3ccc(OCC4CCOC4)cc3)n2)CCO1,c1cc(-c2ccc(OCC3CCOC3)cc2)nc(NC2CCOCC2)n1
CCCC(=O)N1CCC(Nc2nccc(-c3cnc[nH]3)n2)CC1,c1cc(-c2cnc[nH]2)nc(NC2CCNCC2)n1
CC1CCCC(Nc2nccc(-c3ccnc(NC4CCCCCC4)n3)n2)C1,c1cc(-c2ccnc(NC3CCCCC3)n2)nc(NC2CCCCCC2)n1
c1cc(-c2csc(N3CCCC3)n2)nc(NC2CCCC2)n1,c1cc(-c2csc(N3CCCC3)n2)nc(NC2CCCC2)n1
CN1CC(Nc2nccc(-c3c[nH]nc3-c3ccsc3)n2)CC1CO,c1cc(-c2c[nH]nc2-c2ccsc2)nc(NC2CCNC2)n1
O=C1CCC(Nc2nccc(-c3cnn(C4CCCC4)c3)n2)CC1,O=C1CCC(Nc2nccc(-c3cnn(C4CCCC4)c3)n2)CC1
FCC1CCC(Nc2nccc(-c3cncc(NC4CCC(F)CC4)c3)n2)C1,c1cc(-c2cncc(NC3CCCCC3)c2)nc(NC2CCCC2)n1
O=C1CCCN1c1ccc(-c2ccnc(NC3CCC(C4CCC(O)C4)C3)n2)cc1,O=C1CCCN1c1ccc(-c2ccnc(NC3CCC(C4CCCC4)C3)n2)cc1
Cn1cc(-c2ccnc(NC3CCCN(C4CCC4)C3)n2)cn1,c1cc(-c2cn[nH]c2)nc(NC2CCCN(C3CCC3)C2)n1
NC(=O)c1ccccc1-c1c(-c2ccnc(NC3CCOCC3)n2)n[nH]c1Cl,c1ccc(-c2c[nH]nc2-c2ccnc(NC3CCOCC3)n2)cc1
O=C1CCC(Nc2nccc(-c3ccsc3)n2)CN1CC1CN(CC2CC2)C1,O=C1CCC(Nc2nccc(-c3ccsc3)n2)CN1CC1CN(CC2CC2)C1
Cn1cc(-c2ccnc(NC3CCC4(CC3)CS4)n2)cn1,c1cc(-c2cn[nH]c2)nc(NC2CCC3(CC2)CS3)n1
CC1CCC(Nc2nccc(-c3nccc(NC4CCOCC4)n3)n2)CC1,c1cc(-c2nccc(NC3CCOCC3)n2)nc(NC2CCCCC2)n1
OC1CCCC(Nc2nccc(-c3cnn(C4CCCCOC4)c3)n2)C1,c1cc(-c2cnn(C3CCCCOC3)c2)nc(NC2CCCCC2)n1
OC1CCC(n2cc(-c3ccnc(NC4CCSC4)n3)cn2)C1,c1cc(-c2cnn(C3CCCC3)c2)nc(NC2CCSC2)n1
OC1CCC(Nc2nccc(-c3ccnc(NC4CC=C(F)CC4)n3)n2)C1,C1=CCC(Nc2nccc(-c3ccnc(NC4CCCC4)n3)n2)CC1
CC1CCC(Nc2nccc(-c3ccnc(OC4CCC(F)CC4)n3)n2)CC1,c1cc(-c2ccnc(OC3CCCCC3)n2)nc(NC2CCCCC2)n1
O=c1nc(-c2ccnc(NC3CCCCCCC3)n2)cc[nH]1,O=c1nc(-c2ccnc(NC3CCCCCCC3)n2)cc[nH]1
CC1CCC(Nc2nccc(-c3ccnc(NC4CCCCC4)n3)n2)CN1,c1cc(-c2ccnc(NC3CCCNC3)n2)nc(NC2CCCCC2)n1
Oc1[nH]ncc1-c1ccnc(NC2CCCOCC2)n1,c1cc(-c2cn[nH]c2)nc(NC2CCCOCC2)n1
NC1CC(Nc2nccc(-c3ccsc3)n2)CN(CC2CC2)C1,c1cc(-c2ccsc2)nc(NC2CCCN(CC3CC3)C2)n1
S=c1nc(-c2ccnc(NC3CC3)n2)cc[nH]1,S=c1nc(-c2ccnc(NC3CC3)n2)cc[nH]1
CN(C)c1ncc(-c2ccnc(NC3CC=CC3)n2)cn1,C1=CCC(Nc2nccc(-c3cncnc3)n2)C1
CC1CCC(Nc2nccc(-c3cn(C4CN(C5CCOCC5)C4)nc3Br)n2)CC1,c1cc(-c2cnn(C3CN(C4CCOCC4)C3)c2)nc(NC2CCCCC2)n1
CN(C)c1[nH]ncc1-c1ccnc(NC2CCCN(C3CCCC3=O)C2)n1,O=C1CCCC1N1CCCC(Nc2nccc(-c3cn[nH]c3)n2)C1
NC1CCC(CN2CCC(Nc3nccc(-c4cn[nH]c4)n3)C2)CC1,c1cc(-c2cn[nH]c2)nc(NC2CCN(CC3CCCCC3)C2)n1
Cc1n[nH]cc1-c1ccnc(-c2ccnc(NC3CCC3)n2)n1,c1cc(-c2nccc(-c3cn[nH]c3)n2)nc(NC2CCC2)n1
CC(C)C(CO)Nc1nc(Nc2cccc(Cl)c2)c2ncn(C)c2n1,c1ccc(Nc2ncnc3[nH]cnc23)cc1
O=C1CCCN1c1ccc(Nc2nccc(-c3cnn(C4CCC(O)C4)c3)n2)cc1,O=C1CCCN1c1ccc(Nc2nccc(-c3cnn(C4CCCC4)c3)n2)cc1
CCCc1onc(-c2ccnc(NC3CCC3)n2)c1F,c1cc(-c2ccon2)nc(NC2CCC2)n1
Cc1nc(-c2ccnc(NC3CCOCC3)n2)cn1C1CCCCC1,c1cc(-c2cn(C3CCCCC3)cn2)nc(NC2CCOCC2)n1
c1cc(-c2cnn(CC3CCC(CN4CCCC4)C3)c2)nc(NC2CCCC2)n1,c1cc(-c2cnn(CC3CCC(CN4CCCC4)C3)c2)nc(NC2CCCC2)n1
OC1CCC(Nc2nccc(-c3cnn(-c4cn[nH]c4)c3)n2)C1,c1cc(-c2cnn(-c3cn[nH]c3)c2)nc(NC2CCCC2)n1
OC1CCC(Nc2nccc(-c3ccno3)n2)CC1,c1cc(-c2ccnc(NC3CCCCC3)n2)on1
Clc1nccc(-c2ccnc(NC3CCCCC3)n2)n1,c1cc(-c2ccnc(NC3CCCCC3)n2)ncn1
OC1CCC(Nc2nccc(-c3cn[nH]c3N3CCCOCC3)n2)CC1,c1cc(-c2cn[nH]c2N2CCCOCC2)nc(NC2CCCCC2)n1
Brc1cncc(-c2ccnc(NC3CCC3)n2)n1,c1cnc(-c2ccnc(NC3CCC3)n2)cn1
CC1CCC(Nc2nccc(-c3ccc(O)cn3)n2)C1,c1ccc(-c2ccnc(NC3CCCC3)n2)nc1
Brc1c(-c2ccnc(NC3CCOCC3)n2)ccnc1NC1CCOCC1,c1cc(-c2ccnc(NC3CCOCC3)n2)cc(NC2CCOCC2)n1
O=C1CCCC(Nc2nccc(-c3cnn(C4CCC(CF)C4)c3)n2)C1,O=C1CCCC(Nc2nccc(-c3cnn(C4CCCC4)c3)n2)C1
CCc1[nH]ncc1-c1ccnc(NC2CC3CCN(C4CCCCC4)C3C2)n1,c1cc(-c2cn[nH]c2)nc(NC2CC3CCN(C4CCCCC4)C3C2)n1
O=c1nc(-c2ccnc(NC3CCOCC3)n2)ccn1C1CCNCC1,O=c1nc(-c2ccnc(NC3CCOCC3)n2)ccn1C1CCNCC1
CN1CCC(Nc2nccc(-c3cnn(C4CCCC(CF)C4)c3)n2)CC1,c1cc(-c2cnn(C3CCCCC3)c2)nc(NC2CCNCC2)n1
CCn1nc(-c2ccnc(NC3CCOCC3)n2)c(Br)c1-c1cc[nH]c(=O)c1,O=c1cc(-c2cc(-c3ccnc(NC4CCOCC4)n3)n[nH]2)cc[nH]1
Clc1nnccc1-c1ccnc(NC2CCCOCC2)n1,c1cc(-c2ccnc(NC3CCCOCC3)n2)cnn1
C=C1CC(Nc2nccc(-c3cn[nH]c3)n2)CN1C,C=C1CC(Nc2nccc(-c3cn[nH]c3)n2)CN1
CC1CCCC(Cn2ccc(-c3ccnc(NC4CCC(CF)C4)n3)n2)C1,c1cc(-c2ccn(CC3CCCCC3)n2)nc(NC2CCCC2)n1
S=C1CCC(Cn2cc(-c3ccnc(NC4CC4)n3)cn2)C1,S=C1CCC(Cn2cc(-c3ccnc(NC4CC4)n3)cn2)C1
CCCOc1cnn(CC2CCOCC2)c1-c1ccnc(NC2CCCNC2)n1,c1cc(-c2ccnn2CC2CCOCC2)nc(NC2CCCNC2)n1
FCC1CCCC(Nc2nccc(-c3ccnc(N4CCCC4)n3)n2)C1,c1cc(-c2ccnc(N3CCCC3)n2)nc(NC2CCCCC2)n1
CN(C)c1[nH]ncc1-c1ccnc(Nc2ccc(N3CCCS3=O)cc2)n1,O=S1CCCN1c1ccc(Nc2nccc(-c3cn[nH]c3)n2)cc1
CC1CCCC(CN2CC(Nc3nccc(-c4cn[nH]c4)n3)C2)C1,c1cc(-c2cn[nH]c2)nc(NC2CN(CC3CCCCC3)C2)n1
OCC1CCCC(n2cc(-c3ccnc(NC4CC4)n3)cn2)C1,c1cc(-c2cnn(C3CCCCC3)c2)nc(NC2CC2)n1
O=C1CCC(Nc2nccc(-c3cnn(CC4CCCC(O)C4)c3)n2)C1,O=C1CCC(Nc2nccc(-c3cnn(CC4CCCCC4)c3)n2)C1
S=C1CCC(Nc2nccc(-c3cn[nH]c3)n2)C1,S=C1CCC(Nc2nccc(-c3cn[nH]c3)n2)C1
Brc1c(-c2ccnc(NC3CCC3)n2)cnn1C1CNC1,c1cc(-c2cnn(C3CNC3)c2)nc(NC2CCC2)n1
Cn1ncc(-c2ccnc(NC3CCCOCC3)n2)c1-c1ccnc(C2CCC2)n1,c1cc(-c2cn[nH]c2-c2ccnc(C3CCC3)n2)nc(NC2CCCOCC2)n1
CC1CC(Nc2nccc(-c3cn[nH]c3C3CCC(C=O)C3)n2)C1,c1cc(-c2cn[nH]c2C2CCCC2)nc(NC2CCC2)n1
O=C1CCC(Nc2nccc(-c3ccnc(NC4CCC(F)C4)n3)n2)CC1,O=C1CCC(Nc2nccc(-c3ccnc(NC4CCCC4)n3)n2)CC1
Ic1ccnc(-c2ccnc(NC3CCCOCC3)n2)n1,c1cnc(-c2ccnc(NC3CCCOCC3)n2)nc1
Brc1cnn(CC2CCOCC2)c1-c1ccnc(NC2CCC2)n1,c1cc(-c2ccnn2CC2CCOCC2)nc(NC2CCC2)n1
Oc1ccc(-c2ccnc(NC3CCCCCC3)n2)c(Cl)n1,c1cncc(-c2ccnc(NC3CCCCCC3)n2)c1
Cc1n[nH]c(-c2ccnc(NC3CCOCC3)n2)c1N,c1cc(-c2ccnc(NC3CCOCC3)n2)[nH]n1
Brc1cc(-c2ccnc(NC3CCC4(CC4)C3)n2)cnn1,c1cc(-c2ccnc(NC3CCC4(CC4)C3)n2)cnn1
CCc1[nH]nc(-c2ccnc(NC3CCOCC3)n2)c1-c1ccn(C)c(=O)c1,O=c1cc(-c2c[nH]nc2-c2ccnc(NC3CCOCC3)n2)cc[nH]1
CCCn1cc(-c2ccnc(NC3CCCCC(=O)C3)n2)cn1,O=C1CCCCC(Nc2nccc(-c3cn[nH]c3)n2)C1
COCC1CC(Nc2nccc(-c3ccc(C)cc3)n2)CN1,c1ccc(-c2ccnc(NC3CCNC3)n2)cc1
CC1CCC(Nc2nccc(-c3cnn(C4CCOC4)c3)n2)CC1C,c1cc(-c2cnn(C3CCOC3)c2)nc(NC2CCCCC2)n1
OCn1cc(-c2ccnc(NC3CCC(C4CCC(O)C4)C3)n2)cn1,c1cc(-c2cn[nH]c2)nc(NC2CCC(C3CCCC3)C2)n1
Cc1nccc(-n2ccc(-c3ccnc(NC4CCOCC4)n3)nc2=O)n1,O=c1nc(-c2ccnc(NC3CCOCC3)n2)ccn1-c1ccncn1
O=C1CC(n2cc(-c3ccnc(NC4CCC(CS)C4)n3)cn2)C1,O=C1CC(n2cc(-c3ccnc(NC4CCCC4)n3)cn2)C1
OC1CCC(CNn2cc(-c3ccnc(NC4CCCC4)n3)cn2)C1,c1cc(-c2cnn(NCC3CCCC3)c2)nc(NC2CCCC2)n1
CCC(CCn1ccc(-c2ccnc(NC3CC3)n2)nc1=O)C1CC1,O=c1nc(-c2ccnc(NC3CC3)n2)ccn1CCCC1CC1
Clc1nccc(-c2c[nH]nc2Oc2ccnc(NC3CC3)n2)n1,c1cc(-c2c[nH]nc2Oc2ccnc(NC3CC3)n2)ncn1
CCCCC1CC1Cn1cc(-c2ccnc(NC3CC3)n2)cn1,c1cc(-c2cnn(CC3CC3)c2)nc(NC2CC2)n1
OC1CCC(CN2CCC(Nc3nccc(-c4ccsc4)n3)C2)CN1,c1cc(-c2ccsc2)nc(NC2CCN(CC3CCCNC3)C2)n1
Oc1nncc(-c2ccnc(NC3CC3)n2)n1,c1nncc(-c2ccnc(NC3CC3)n2)n1
CCC1CCCC(Nc2nccc(-c3ccnc(=O)[nH]3)n2)CC1,O=c1nccc(-c2ccnc(NC3CCCCCC3)n2)[nH]1
c1cc(-c2cnn(CC3CCCC3)c2)nc(NC2CCNC2)n1,c1cc(-c2cnn(CC3CCCC3)c2)nc(NC2CCNC2)n1
Cc1cc(-c2ccnc(Nc3ccc(N4CCCC4=O)cc3)n2)ncn1,O=C1CCCN1c1ccc(Nc2nccc(-c3ccncn3)n2)cc1
OCc1ccnc(-c2ccnc(NC3CC3)n2)n1,c1cnc(-c2ccnc(NC3CC3)n2)nc1
OC1CCC(Cn2cc(-c3ccnc(NC4CCOCC4)n3)cn2)CC1,c1cc(-c2cnn(CC3CCCCC3)c2)nc(NC2CCOCC2)n1
O=C1CCC(Nc2nccc(-c3cnn(C4CC(F)C4)c3)n2)CC1,O=C1CCC(Nc2nccc(-c3cnn(C4CCC4)c3)n2)CC1
O=C1CC(Nc2nccc(-c3ccn(O)c3)n2)CN1,O=C1CC(Nc2nccc(-c3cc[nH]c3)n2)CN1
C1=CC(n2cc(-c3ccnc(NC4CCCC4)n3)cn2)C1,C1=CC(n2cc(-c3ccnc(NC4CCCC4)n3)cn2)C1
CC=C1CCCC(Nc2nccc(-c3ccnc(NC4CCC4)n3)n2)C1,C=C1CCCC(Nc2nccc(-c3ccnc(NC4CCC4)n3)n2)C1
CNc1[nH]ncc1-c1ccnc(Nc2ccc(N3CCCCC3=O)cc2)n1,O=C1CCCCN1c1ccc(Nc2nccc(-c3cn[nH]c3)n2)cc1
O=C1COC(Cn2cc(-c3ccnc(NC4CCC(CO)C4)n3)cn2)C1,O=C1COC(Cn2cc(-c3ccnc(NC4CCCC4)n3)cn2)C1
Cn1ncc(-c2ccnc(NC3CCCCC3)n2)n1,c1cc(-c2cn[nH]n2)nc(NC2CCCCC2)n1
O=C1CCCC(Nc2nccc(-c3cn[nH]c3)n2)CN1CC1CC1,O=C1CCCC(Nc2nccc(-c3cn[nH]c3)n2)CN1CC1CC1
Cn1cc(-c2ccnc(NC3CC4(CCCC(F)C4)C3)n2)cn1,c1cc(-c2cn[nH]c2)nc(NC2CC3(CCCCC3)C2)n1
CC1CCC(Nc2nccc(-c3ccnc(NC4CCSCC4)n3)n2)CS1,c1cc(-c2ccnc(NC3CCCSC3)n2)nc(NC2CCSCC2)n1
O=C1CC(O)CN(CC2CCC(Nc3nccc(-c4ccsc4)n3)C2)C1,O=C1CCCN(CC2CCC(Nc3nccc(-c4ccsc4)n3)C2)C1
Fc1ccc(-c2ccnc(NC3COC3)n2)cc1,c1ccc(-c2ccnc(NC3COC3)n2)cc1
OCC1CC(Nc2nccc(-c3cnoc3)n2)CN1,c1cc(-c2cnoc2)nc(NC2CCNC2)n1
CC1CC(Nc2nccc(-c3cnn(C4CC(CNC5CC(=O)CN(O)C5)C4)c3)n2)C1,O=C1CNCC(NCC2CC(n3cc(-c4ccnc(NC5CCC5)n4)cn3)C2)C1
OC1CCC(Nc2nccc(-c3cnnc(NC4CCC(F)CC4)c3)n2)C1,c1cc(-c2cnnc(NC3CCCCC3)c2)nc(NC2CCCC2)n1
Cn1nc(Cl)c(-c2ccnc(Nc3ccc(N4C=CCC4)cc3)n2)c1Cl,C1=CN(c2ccc(Nc3nccc(-c4cn[nH]c4)n3)cc2)CC1
O=C1CCC(Cn2cc(-c3ccnc(NC4CCCNC4)n3)cn2)CC1,O=C1CCC(Cn2cc(-c3ccnc(NC4CCCNC4)n3)cn2)CC1
N=C1CC(Nc2nccc(-c3ccsc3)n2)CO1,N=C1CC(Nc2nccc(-c3ccsc3)n2)CO1
Fc1ncccc1-n1cc(Br)c(-c2ccnc(NC3CCCCC3)n2)n1,c1cncc(-n2ccc(-c3ccnc(NC4CCCCC4)n3)n2)c1
COC1CCC(Nc2nccc(-c3ccc(-c4cn[nH]c4)cc3)n2)C1,c1cc(-c2ccc(-c3cn[nH]c3)cc2)nc(NC2CCCC2)n1
Fc1n[nH]cc1-c1ccnc(NC2CCCCCCC2)n1,c1cc(-c2cn[nH]c2)nc(NC2CCCCCCC2)n1
OC1CCC(Nc2nccc(-c3ccnc(N4CCOCC4)n3)n2)CC1,c1cc(-c2ccnc(N3CCOCC3)n2)nc(NC2CCCCC2)n1
Cn1ncc(-c2ccnc(NC3CCOCC3)n2)c1-c1ccnc(Cl)n1,c1cc(-c2[nH]ncc2-c2ccnc(NC3CCOCC3)n2)ncn1
Fc1ccc(-c2ccnc(NC3C=CC3)n2)cc1,C1=CC(Nc2nccc(-c3ccccc3)n2)C1
Cn1cc(-c2ccnc(NC3CC(=O)C3)n2)cn1,O=C1CC(Nc2nccc(-c3cn[nH]c3)n2)C1
CCOC1CCC(Nc2nccc(-c3cnn(C4CC(F)C4)c3)n2)CC1,c1cc(-c2cnn(C3CCC3)c2)nc(NC2CCCCC2)n1
Oc1nccc(-c2nc(NC3CC3)ncc2-c2ccn[nH]2)n1,c1cc(-c2nc(NC3CC3)ncc2-c2ccn[nH]2)ncn1
CCC1CCC(Nc2nccc(-c3cn[nH]c3)n2)CN1C,c1cc(-c2cn[nH]c2)nc(NC2CCCNC2)n1
OC1CCCN1c1ccc(Nc2nccc(-c3cn[nH]c3)n2)c(Cl)n1,c1cc(-c2cn[nH]c2)nc(Nc2ccc(N3CCCC3)nc2)n1
CC1(c2nccc(-n3ccc(-c4ccnc(NC5CC5)n4)nc3=O)n2)CC1,O=c1nc(-c2ccnc(NC3CC3)n2)ccn1-c1ccnc(C2CC2)n1
NC1CCC(n2cc(-c3ccnc(NC4CCCC(=O)C4)n3)cn2)CC1,O=C1CCCC(Nc2nccc(-c3cnn(C4CCCCC4)c3)n2)C1
OC1CCC(n2cc(-c3ccnc(NC4CCC4)n3)cn2)CC1,c1cc(-c2cnn(C3CCCCC3)c2)nc(NC2CCC2)n1
Cn1ncc(NC2CCOCC2)c1-c1ccnc(NC2CCC2)n1,c1cc(-c2[nH]ncc2NC2CCOCC2)nc(NC2CCC2)n1
c1cc(-c2cnnc(SCC3CCC3)c2)nc(NC2CCC2)n1,c1cc(-c2cnnc(SCC3CCC3)c2)nc(NC2CCC2)n1
O=c1nc(-c2ccnc(NC3CCC(O)C3)n2)ccn1CC1CCC(CO)C1,O=c1nc(-c2ccnc(NC3CCCC3)n2)ccn1CC1CCCC1
O=c1nc(-c2ccnc(NC3CCOC3)n2)ccn1-c1ccnc(NC2CC2)n1,O=c1nc(-c2ccnc(NC3CCOC3)n2)ccn1-c1ccnc(NC2CC2)n1
Fc1cc(-c2cc(-c3ccnc(NC4CCCC4)n3)cs2)cs1,c1cc(-c2csc(-c3ccsc3)c2)nc(NC2CCCC2)n1
O=C1CCN(c2ccc(Nc3nccc(-c4cn[nH]c4Br)n3)cc2)C(=O)C1,O=C1CCN(c2ccc(Nc3nccc(-c4cn[nH]c4)n3)cc2)C(=O)C1
CCC1CCCCCC(Nc2nccc(-c3cnn(C)c3)n2)CC1,c1cc(-c2cn[nH]c2)nc(NC2CCCCCCCC2)n1
O=C1N=CC(c2ccnc(NC3CC3)n2)=N1,O=C1N=CC(c2ccnc(NC3CC3)n2)=N1
OCC1CCC(Oc2ccc(-c3ccnc(NC4CCC(CCl)OC4)n3)cc2)CO1,c1cc(-c2ccc(OC3CCCOC3)cc2)nc(NC2CCCOC2)n1
Brc1c(-c2ccnc(NC3CC3)n2)cnn1C1COC1,c1cc(-c2cnn(C3COC3)c2)nc(NC2CC2)n1
Nc1ccccc1-c1ccnc(NC2CCC(=O)CC2)n1,O=C1CCC(Nc2nccc(-c3ccccc3)n2)CC1
CNC1CCC(Cn2cc(-c3ccnc(NC4CCC4)n3)cn2)C1,c1cc(-c2cnn(CC3CCCC3)c2)nc(NC2CCC2)n1
Brc1c[nH]nc1-n1ncc(-c2ccnc(NC3CCOCC3)n2)c1Br,c1cc(-c2cnn(-c3cc[nH]n3)c2)nc(NC2CCOCC2)n1
Cc1nc(N)sc1-c1ccnc(Nc2ccc(N3CCCNCC3)cc2)n1,c1cc(-c2cncs2)nc(Nc2ccc(N3CCCNCC3)cc2)n1
OC1CCC(Cn2cc(-c3ccnc(Nc4ccc(F)cc4)n3)cn2)CC1,c1ccc(Nc2nccc(-c3cnn(CC4CCCCC4)c3)n2)cc1
Cc1ccc(-c2ccnc(NC3COC(CNC4COC(CO)C4)C3)n2)cc1,c1ccc(-c2ccnc(NC3COC(CNC4CCOC4)C3)n2)cc1
Cn1cc(-c2ccnc(NC3CCC3)n2)cc1-c1ccnc(NC2CCCCC2)n1,c1cc(-c2c[nH]c(-c3ccnc(NC4CCCCC4)n3)c2)nc(NC2CCC2)n1
NC(=O)c1ccccc1-c1nc(Nc2ccc(N3CC(=O)C3)cc2)ncc1Cl,O=C1CN(c2ccc(Nc3nccc(-c4ccccc4)n3)cc2)C1
CCSCCn1cc(-c2ccnc(NC3CCCN(C4CCC(O)C4)C3)n2)cn1,c1cc(-c2cn[nH]c2)nc(NC2CCCN(C3CCCC3)C2)n1
OC1C=C(Cn2cc(-c3ccnc(NC4CCCC4)n3)cn2)CC1,C1=C(Cn2cc(-c3ccnc(NC4CCCC4)n3)cn2)CCC1
CSc1nc(-c2ccc(F)cc2)c(-c2ccnc(NC3CCCO3)c2)[nH]1,c1ccc(-c2nc[nH]c2-c2ccnc(NC3CCCO3)c2)cc1
Clc1ccc(-c2ccnc(NC3CC(c4cn[nH]c4)C3)n2)cc1,c1ccc(-c2ccnc(NC3CC(c4cn[nH]c4)C3)n2)cc1
CN(C)c1[nH]nc(-c2ccnc(NC3CCC4(CC3)CC4)n2)c1Br,c1cc(-c2cc[nH]n2)nc(NC2CCC3(CC2)CC3)n1
Clc1ccc(-c2ccnc(NC3CC4CC(C3)O4)n2)cc1,c1ccc(-c2ccnc(NC3CC4CC(C3)O4)n2)cc1
O=c1nc(-c2cc(-c3ccnc(NC4CC4)n3)ccn2)cc[nH]1,O=c1nc(-c2cc(-c3ccnc(NC4CC4)n3)ccn2)cc[nH]1
O=C1C=C(NCC2CCC(Nc3nccc(-c4ccsc4)n3)C2)CN(O)C1,O=C1C=C(NCC2CCC(Nc3nccc(-c4ccsc4)n3)C2)CNC1
CCCn1ccc(-n2ccc(-c3ccnc(NC4CC4)n3)nc2=O)nc1=O,O=c1nc(-n2ccc(-c3ccnc(NC4CC4)n3)nc2=O)cc[nH]1
O=c1nc(-c2ccnc(NC3CCC(F)C3)n2)ccn1C1CCC(O)CC1,O=c1nc(-c2ccnc(NC3CCCC3)n2)ccn1C1CCCCC1
O=c1[nH]scc1-c1ccnc(NC2CCCCOCC2)n1,O=c1[nH]scc1-c1ccnc(NC2CCCCOCC2)n1
C1=CC(n2cc(-c3ccnc(NC4CCCC4)n3)cn2)CCC1,C1=CC(n2cc(-c3ccnc(NC4CCCC4)n3)cn2)CCC1
CN(C)c1nc(-c2ccnc(NC3CCCCC3)n2)cn1C1CCC(O)C1,c1cc(-c2cn(C3CCCC3)cn2)nc(NC2CCCCC2)n1
Nc1nccc(-n2ccc(-c3ccnc(NC4CCOCC4)n3)nc2=O)n1,O=c1nc(-c2ccnc(NC3CCOCC3)n2)ccn1-c1ccncn1
C1=CCC(n2cc(-c3ccnc(NC4CCCCCC4)n3)cn2)CC1,C1=CCC(n2cc(-c3ccnc(NC4CCCCCC4)n3)cn2)CC1
c1ccn2ncc(-c3ccnc(NC4CCCCC4)n3)c2c1,c1ccn2ncc(-c3ccnc(NC4CCCCC4)n3)c2c1
Clc1nc(-c2ccnc(NC3CC3)n2)cs1,c1cc(-c2cscn2)nc(NC2CC2)n1
O=c1nc(-c2ccnc(NC3CCOCC3)n2)ccn1-c1cccc(Br)n1,O=c1nc(-c2ccnc(NC3CCOCC3)n2)ccn1-c1ccccn1
CC1CC(Nc2nccc(-c3cnn(-c4ccc(Br)cc4)c3)n2)CN1C,c1ccc(-n2cc(-c3ccnc(NC4CCNC4)n3)cn2)cc1
O=c1ccc(-c2ccnc(NC3CCC(S)C3)n2)c[nH]1,O=c1ccc(-c2ccnc(NC3CCCC3)n2)c[nH]1
CN1CCC(c2cccc(-n3ccc(-c4ccnc(NC5CC5)n4)nc3=O)n2)CC1,O=c1nc(-c2ccnc(NC3CC3)n2)ccn1-c1cccc(C2CCNCC2)n1
Clc1n[nH]c(Br)c1-c1ccnc(Nc2ccc(N3CCCC3)cc2)n1,c1cc(-c2cn[nH]c2)nc(Nc2ccc(N3CCCC3)cc2)n1
CN(C)c1[nH]ncc1-c1ccnc(NC2CCN(c3ccc(F)cc3)C2)n1,c1ccc(N2CCC(Nc3nccc(-c4cn[nH]c4)n3)C2)cc1
Nc1nc(-c2ccnc(NC3CC=C(F)CC3)n2)cs1,C1=CCC(Nc2nccc(-c3cscn3)n2)CC1
c1cc(-c2cn[nH]c2)nc(NC2CCC(NC3CC3)C2)n1,c1cc(-c2cn[nH]c2)nc(NC2CCC(NC3CC3)C2)n1
CCN1CCC(Nc2nccc(-c3cn[nH]c3)n2)C1,c1cc(-c2cn[nH]c2)nc(NC2CCNC2)n1
Clc1nc(-c2ccnc(NC3CCCCC3)n2)cn1-c1cc[nH]n1,c1cc(-c2cn(-c3cc[nH]n3)cn2)nc(NC2CCCCC2)n1
CC1=CCCC(Nc2nccc(-c3cnn(C4CCC4)c3)n2)C1,C1=CCC(Nc2nccc(-c3cnn(C4CCC4)c3)n2)CC1
Nc1nccc(Nc2nccc(-c3ccc(Cl)cc3)n2)n1,c1ccc(-c2ccnc(Nc3ccncn3)n2)cc1
Cn1cc(-c2ccnc(NC3CCC(CS)C3)n2)cn1,c1cc(-c2cn[nH]c2)nc(NC2CCCC2)n1
CC1CCC(Cn2cc(-c3ccnc(NC4CCC(=O)C4)n3)cn2)CC1,O=C1CCC(Nc2nccc(-c3cnn(CC4CCCCC4)c3)n2)C1
FC1CCC(Nc2nccc(-c3cn[nH]c3-c3cn[nH]c3)n2)CC1,c1cc(-c2cn[nH]c2-c2cn[nH]c2)nc(NC2CCCCC2)n1
CN(C)c1[nH]ccc1-c1ccnc(NC2CCSCC2)n1,c1cc(-c2cc[nH]c2)nc(NC2CCSCC2)n1
CN(C)c1[nH]ncc1-c1ccnc(NC2CCC(c3cnc[nH]3)C2)n1,c1cc(-c2cn[nH]c2)nc(NC2CCC(c3cnc[nH]3)C2)n1
c1cc(-c2cnnc(NC3CCC3)c2)nc(NC2CC2)n1,c1cc(-c2cnnc(NC3CCC3)c2)nc(NC2CC2)n1
O=C1CCCN1c1ncccc1-c1ccnc(NC2CCC(F)CC2)n1,O=C1CCCN1c1ncccc1-c1ccnc(NC2CCCCC2)n1
CCCOc1cc(-c2ccnc(NC3CCC3)n2)ccn1,c1cc(-c2ccnc(NC3CCC3)n2)ccn1
c1cc(-c2cn[nH]c2)nc(NC2CCN(CC3CCCC3)CC2)n1,c1cc(-c2cn[nH]c2)nc(NC2CCN(CC3CCCC3)CC2)n1
Cc1ccc(-c2ccnc(NC3CCC(CSC4CCCNC4)NC3)n2)cc1,c1ccc(-c2ccnc(NC3CCC(CSC4CCCNC4)NC3)n2)cc1
O=C1CCC(Nc2nccc(-c3cnn(C4CCCC(F)C4)c3)n2)C1,O=C1CCC(Nc2nccc(-c3cnn(C4CCCCC4)c3)n2)C1
Cn1ncc(-c2ccnc(NC3CCCSCC3)n2)c1S,c1cc(-c2cn[nH]c2)nc(NC2CCCSCC2)n1
Cn1ccc(-c2ccnc(NC3CCCC3)n2)nc1=O,O=c1nc(-c2ccnc(NC3CCCC3)n2)cc[nH]1
CSc1nc(-c2ccc(F)cc2)c(-c2ccnc(NC=C3CC3)c2)[nH]1,C(Nc1cc(-c2[nH]cnc2-c2ccccc2)ccn1)=C1CC1
Fc1ccc(-c2ccnc(NC3CCC(SC4CCCC(F)C4)C3)n2)cc1,c1ccc(-c2ccnc(NC3CCC(SC4CCCCC4)C3)n2)cc1
c1cc(-c2cn[nH]c2)nc(Nc2ccc(N3CCCCC3)cc2)n1,c1cc(-c2cn[nH]c2)nc(Nc2ccc(N3CCCCC3)cc2)n1
O=C1CCC(n2cc(-c3ccnc(NC4CC=CC4)n3)cn2)C1,O=C1CCC(n2cc(-c3ccnc(NC4CC=CC4)n3)cn2)C1
c1cc(-c2ccnc(-c3ccnc(NC4CC4)n3)n2)nc(NC2CC2)n1,c1cc(-c2ccnc(-c3ccnc(NC4CC4)n3)n2)nc(NC2CC2)n1
CC1CCC(Nc2nccc(-c3cnn(C4COC4)c3)n2)CC1,c1cc(-c2cnn(C3COC3)c2)nc(NC2CCCCC2)n1
OCC1CC(Nc2nccc(-c3cccs3)n2)CCO1,c1csc(-c2ccnc(NC3CCOCC3)n2)c1
Fc1ccc(-c2ccnc(NC3C=CCCC3)n2)cc1,C1=CC(Nc2nccc(-c3ccccc3)n2)CCC1
CNC1CCCC(Nc2nccc(-c3cnsc3O)n2)C1,c1cc(-c2cnsc2)nc(NC2CCCCC2)n1
CCCC(Nc1nccc(-c2ccnc(NC3CCNCC3)n2)n1)C1CC1,c1cc(-c2ccnc(NC3CCNCC3)n2)nc(NCC2CC2)n1
O=c1nc(-c2cc(-c3ccnc(NC4CC4)n3)n[nH]2)cc[nH]1,O=c1nc(-c2cc(-c3ccnc(NC4CC4)n3)n[nH]2)cc[nH]1
O=c1nc(-c2ccnc(NC3CC3)n2)ccn1C1CCNCC1,O=c1nc(-c2ccnc(NC3CC3)n2)ccn1C1CCNCC1
NC1CCC(CSc2cc(-c3ccnc(NC4CCCC(CF)C4)n3)cnn2)CC1,c1cc(-c2cnnc(SCC3CCCCC3)c2)nc(NC2CCCCC2)n1
Cn1cc(-c2ccnc(Nc3ccc(N4C=CCC4)cc3)n2)cn1,C1=CN(c2ccc(Nc3nccc(-c4cn[nH]c4)n3)cc2)CC1
Fc1ccc(-c2ccnc(NC3CCC(C4C=CCC4)C3)n2)cc1,C1=CC(C2CCC(Nc3nccc(-c4ccccc4)n3)C2)CC1
CC1CC=CC(Nc2nccc(-c3ccnc(NC4CCCCC4)n3)n2)C1,C1=CC(Nc2nccc(-c3ccnc(NC4CCCCC4)n3)n2)CCC1
Cn1c(F)cc(-c2ccnc(NC3CC3)n2)cc1=O,O=c1cc(-c2ccnc(NC3CC3)n2)cc[nH]1
Clc1[nH]ncc1-c1[nH]ccc1-c1ccnc(NC2CCCC2)n1,c1cc(-c2cc[nH]c2-c2cn[nH]c2)nc(NC2CCCC2)n1
Nc1cncc(-c2ccnc(NC3CCC3)n2)n1,c1cnc(-c2ccnc(NC3CCC3)n2)cn1
FC1CC(Cn2cc(-c3ccnc(NC4CCCCO4)n3)cn2)C1,c1cc(-c2cnn(CC3CCC3)c2)nc(NC2CCCCO2)n1
CNC1CCC(Nc2nccc(-c3cnn(C4CC(N5CC(O)C5)C4)c3)n2)C1,c1cc(-c2cnn(C3CC(N4CCC4)C3)c2)nc(NC2CCCC2)n1
O=c1ccnc(NC2CCC(Nc3nccc(-c4ccsc4)n3)C2)[nH]1,O=c1ccnc(NC2CCC(Nc3nccc(-c4ccsc4)n3)C2)[nH]1
O=C1CCC(Cn2cc(-c3ccnc(NC4CCC(CO)C4)n3)cn2)N1,O=C1CCC(Cn2cc(-c3ccnc(NC4CCCC4)n3)cn2)N1
O=C1CCC(CSc2cc(-c3ccnc(NC4CC4)n3)cnn2)C1,O=C1CCC(CSc2cc(-c3ccnc(NC4CC4)n3)cnn2)C1
O=C1CCN(c2ccc(Nc3nccc(-c4cnc[nH]4)n3)cc2)N1,O=C1CCN(c2ccc(Nc3nccc(-c4cnc[nH]4)n3)cc2)N1
CCC1CC(Sc2ncc(-c3ccnc(NC4CC4)n3)cn2)C1,c1cc(-c2cnc(SC3CCC3)nc2)nc(NC2CC2)n1
Cn1cc(-c2ccnc(NC3CCC3)n2)nn1,c1cc(-c2c[nH]nn2)nc(NC2CCC2)n1
Fc1c(-c2ccnc(NC3CCOCC3)n2)nn(C2CC2)c1Br,c1cc(-c2ccn(C3CC3)n2)nc(NC2CCOCC2)n1
Nc1nc(NC2CCCC2)ccc1-c1ccnc(NC2CCCC2)n1,c1cc(-c2ccc(NC3CCCC3)nc2)nc(NC2CCCC2)n1
CN1CC(Nc2nccc(-c3ccsc3)n2)CC1CN1CC(O)CCC1=O,O=C1CCCCN1CC1CC(Nc2nccc(-c3ccsc3)n2)CN1
Cc1cc(-c2ccnc(NC3CCC3)n2)c[nH]1,c1cc(-c2cc[nH]c2)nc(NC2CCC2)n1
COCC1CCC(Nc2nccc(-c3nccc(-c4ccc(O)cc4)n3)n2)C1,c1ccc(-c2ccnc(-c3ccnc(NC4CCCC4)n3)n2)cc1
O=C(O)C1CC(Nc2nccc(-c3ccsc3)n2)CN1C1CCNC1,c1cc(-c2ccsc2)nc(NC2CCN(C3CCNC3)C2)n1
CC1CCC(Nc2nccc(-c3cnn(C4CCC4)c3)n2)CNC1,c1cc(-c2cnn(C3CCC3)c2)nc(NC2CCCCNC2)n1
Cn1cc(-c2ccnc(NC3CCCCOC3)n2)cn1,c1cc(-c2cn[nH]c2)nc(NC2CCCCOC2)n1
O=c1nc(-c2ccnc(NC3CC3)n2)ccn1-c1ccnc(NCC2CC2)n1,O=c1nc(-c2ccnc(NC3CC3)n2)ccn1-c1ccnc(NCC2CC2)n1
CC1CCC(Nc2nccc(-c3c(Br)cnn3C3CCSC3)n2)CC1,c1cc(-c2ccnn2C2CCSC2)nc(NC2CCCCC2)n1
CCn1cc(-c2ccnc(NC3CC4CCN(C5CC(C)C5)C4C3)n2)cn1,c1cc(-c2cn[nH]c2)nc(NC2CC3CCN(C4CCC4)C3C2)n1
O=C1CCCN1c1ccc(Nc2nccc(-c3cncc(Cl)c3)n2)cc1,O=C1CCCN1c1ccc(Nc2nccc(-c3cccnc3)n2)cc1
CN(C)c1nc(-c2ccnc(NC3CCC3)n2)cn1C1CCC(F)C1,c1cc(-c2cn(C3CCCC3)cn2)nc(NC2CCC2)n1
Brc1nccc(-c2ccnc(NC3CCCCCCC3)n2)n1,c1cc(-c2ccnc(NC3CCCCCCC3)n2)ncn1
NCC1CCC(Nc2nccc(-c3nn(C4CCOCC4)cc3Cl)n2)CC1,c1cc(-c2ccn(C3CCOCC3)n2)nc(NC2CCCCC2)n1
OC1CCC(C2CCC(n3cc(-c4ccnc(NC5CCC(F)CC5)n4)cn3)CC2)CC1,c1cc(-c2cnn(C3CCC(C4CCCCC4)CC3)c2)nc(NC2CCCCC2)n1
O=C(NC1=CC(O)C=C1)NC1CCC(Nc2nccc(-c3ccsc3)n2)C1,O=C(NC1=CCC=C1)NC1CCC(Nc2nccc(-c3ccsc3)n2)C1
c1cc(-c2ccsc2)nc(NC2CCC(CN3CCC(C4CSC4)C3)C2)n1,c1cc(-c2ccsc2)nc(NC2CCC(CN3CCC(C4CSC4)C3)C2)n1
O=c1nc(-c2ccnc(NC3CC3)n2)ccn1C1COC1,O=c1nc(-c2ccnc(NC3CC3)n2)ccn1C1COC1
O=c1nc(-c2ccnc(NC3CCSCC3)n2)ccn1-c1ccnc(NC2CCC2)n1,O=c1nc(-c2ccnc(NC3CCSCC3)n2)ccn1-c1ccnc(NC2CCC2)n1
Cn1cc(-c2ccnc(NC3CCN(C4CCC5(CC4)CC5)CC3)n2)cn1,c1cc(-c2cn[nH]c2)nc(NC2CCN(C3CCC4(CC3)CC4)CC2)n1
COc1n[nH]c(-c2ccc(F)nc2)c1-c1ccnc(NC2CCCCC2)n1,c1cncc(-c2[nH]ncc2-c2ccnc(NC3CCCCC3)n2)c1
O=CC1CCC(n2cc(-c3ccnc(NC4CC(F)C4)n3)cn2)C1,c1cc(-c2cnn(C3CCCC3)c2)nc(NC2CCC2)n1
C1=CC(Cn2cc(-c3ccnc(NC4CCCCC4)n3)cn2)C=C1,C1=CC(Cn2cc(-c3ccnc(NC4CCCCC4)n3)cn2)C=C1
Cn1ncc(-c2ccnc(N3CCOCC3)n2)c1-c1ccnc(NC2CC2)n1,c1cc(-c2[nH]ncc2-c2ccnc(N3CCOCC3)n2)nc(NC2CC2)n1
c1cc(-c2cn[nH]c2)nc(NC2CC3CCN(C4CCCCC4)C3C2)n1,c1cc(-c2cn[nH]c2)nc(NC2CC3CCN(C4CCCCC4)C3C2)n1
O=C1C=CCC(Nc2nccc(-c3ccsc3)n2)CO1,O=C1C=CCC(Nc2nccc(-c3ccsc3)n2)CO1
Cc1c(-c2ccnc(NC3CCOCC3)n2)cnn1-c1ccnc(NC2CC2)n1,c1cc(-c2cnn(-c3ccnc(NC4CC4)n3)c2)nc(NC2CCOCC2)n1
CNc1nccc(-c2sccc2-c2ccnc(NC3CC3)n2)n1,c1cc(-c2sccc2-c2ccnc(NC3CC3)n2)ncn1
NC1CCC(Oc2n[nH]cc2-c2ccnc(NC3CCCCC3)n2)C1,c1cc(-c2c[nH]nc2OC2CCCC2)nc(NC2CCCCC2)n1
OC1CC(CN2CCC(Nc3nccc(-c4cn[nH]c4)n3)CC2)C1,c1cc(-c2cn[nH]c2)nc(NC2CCN(CC3CCC3)CC2)n1
CCCC(CSc1cc(-c2ccnc(NC3CC3)n2)cnn1)C1COC1,c1cc(-c2cnnc(SCCC3COC3)c2)nc(NC2CC2)n1
Brc1c(-c2ccnc(NC3CCOC3)n2)cnn1C1CCCC1,c1cc(-c2cnn(C3CCCC3)c2)nc(NC2CCOC2)n1
C=C1CCCC(Nc2nccc(-c3cn[nH]c3)n2)C1,C=C1CCCC(Nc2nccc(-c3cn[nH]c3)n2)C1
O=C(OC1CC(n2cc(-c3ccnc(NC4CC4)n3)cn2)C1)C1CC1,O=C(OC1CC(n2cc(-c3ccnc(NC4CC4)n3)cn2)C1)C1CC1
O=C1CCC(Cn2cc(-c3ccnc(NC4CCC(CF)C4)n3)cn2)CN1,O=C1CCC(Cn2cc(-c3ccnc(NC4CCCC4)n3)cn2)CN1
COc1cncc(-c2ccnc(NC3CC3)n2)n1,c1cnc(-c2ccnc(NC3CC3)n2)cn1
OCC1CCC(Nc2nccc(-c3csc(SC4CC(O)C4)c3)n2)CC1,c1cc(-c2csc(SC3CCC3)c2)nc(NC2CCCCC2)n1
O=C1NCC(Nc2nccc(-c3ccsc3)n2)CO1,O=C1NCC(Nc2nccc(-c3ccsc3)n2)CO1
O=C1CCCN1c1ccc(Nc2nccc(-c3cn[nH]c3N3CCC3=O)n2)cc1,O=C1CCCN1c1ccc(Nc2nccc(-c3cn[nH]c3N3CCC3=O)n2)cc1
CC1CCC(Cn2ccc(-c3ccnc(NC4CCC(F)C4)n3)n2)C1,c1cc(-c2ccn(CC3CCCC3)n2)nc(NC2CCCC2)n1
Fc1ccc(-c2ccnc(NC3CCC(F)CC3)n2)nn1,c1cnnc(-c2ccnc(NC3CCCCC3)n2)c1
OCC1CC(Nc2nccc(-c3ccsc3)n2)CN1CC1CO1,c1cc(-c2ccsc2)nc(NC2CCN(CC3CO3)C2)n1
O=C1CCCC(n2cc(-c3ccnc(NC4CCC(CF)C4)n3)cn2)C1,O=C1CCCC(n2cc(-c3ccnc(NC4CCCC4)n3)cn2)C1
Clc1nccc(-c2ccnc(-c3ccnc(NC4CCOCC4)n3)n2)n1,c1cc(-c2ccnc(-c3ccnc(NC4CCOCC4)n3)n2)ncn1
FCC1CCC(n2cc(-c3ccnc(NC4CCC4)n3)cn2)C1,c1cc(-c2cnn(C3CCCC3)c2)nc(NC2CCC2)n1
N#CC1CCC(Nc2nccc(-c3cn[nH]c3N3CCCC3=O)n2)C1,O=C1CCCN1c1[nH]ncc1-c1ccnc(NC2CCCC2)n1
c1cc(-c2ccnc(NC3CCOCC3)n2)nc(NC2CCNCC2)n1,c1cc(-c2ccnc(NC3CCOCC3)n2)nc(NC2CCNCC2)n1
O=C1CCCCN1c1ccc(Nc2nccc(-c3cccnc3F)n2)cc1,O=C1CCCCN1c1ccc(Nc2nccc(-c3cccnc3)n2)cc1
ON=C1CC(n2cc(-c3ccnc(NC4CCCC4)n3)cn2)C1,N=C1CC(n2cc(-c3ccnc(NC4CCCC4)n3)cn2)C1
O=C1CC(Nc2nccc(-c3cnoc3)n2)CO1,O=C1CC(Nc2nccc(-c3cnoc3)n2)CO1
COc1cc(S(C)(=O)=O)c(OC)cc1CC(=O)Nc1cc(N)c(C#N)c(OC)n1,O=C(Cc1ccccc1)Nc1ccccn1
O=c1cncc(-c2ccnc(NC3CCCCC3)n2)[nH]1,O=c1cncc(-c2ccnc(NC3CCCCC3)n2)[nH]1
CCCC=CN1CC(Nc2nccc(-c3ccsc3)n2)CC1C,c1cc(-c2ccsc2)nc(NC2CCNC2)n1
COCC1CCC(Nc2nccc(-c3ccc(=O)[nH]c3)n2)C1,O=c1ccc(-c2ccnc(NC3CCCC3)n2)c[nH]1
O=C1CCCN1c1ccc(Nc2nccc(-c3ccc(O)cc3)n2)cn1,O=C1CCCN1c1ccc(Nc2nccc(-c3ccccc3)n2)cn1
O=C1OCC(CN2CC(Nc3nccc(-c4ccsc4)n3)C2)CO1,O=C1OCC(CN2CC(Nc3nccc(-c4ccsc4)n3)C2)CO1
O=C1CCC(Cn2ccc(-c3ccnc(NC4CCCCC4)n3)n2)C1,O=C1CCC(Cn2ccc(-c3ccnc(NC4CCCCC4)n3)n2)C1
c1cc(-c2cn[nH]c2)nc(NC2CCC(CSCC3CC3)C2)n1,c1cc(-c2cn[nH]c2)nc(NC2CCC(CSCC3CC3)C2)n1
CCC(Cn1cc(-c2ccnc(NC3CCC(O)C3)n2)cn1)OC1CC1,c1cc(-c2cnn(CCOC3CC3)c2)nc(NC2CCCC2)n1
c1cc(-c2cn[nH]c2)nc(NC2CCCCOC2)n1,c1cc(-c2cn[nH]c2)nc(NC2CCCCOC2)n1
CN(C)CC1CCC(Nc2nccc(-c3c(Br)cn[nH]c3=O)n2)C1,O=c1[nH]nccc1-c1ccnc(NC2CCCC2)n1
O=C1OCC(Nc2nccc(-c3ccsc3)n2)CC1CS,O=C1CCC(Nc2nccc(-c3ccsc3)n2)CO1
NC1CCCC(Cn2cc(-c3ccnc(NC4CCCCCC4)n3)cn2)C1,c1cc(-c2cnn(CC3CCCCC3)c2)nc(NC2CCCCCC2)n1
O=CC1CCC(Nc2nccc(Nc3nccc(-c4ccsc4)n3)n2)CC1,c1cc(-c2ccsc2)nc(Nc2ccnc(NC3CCCCC3)n2)n1
Brc1cnc(NC2CCOCC2)nc1-c1ccnc(NC2CCCCC2)n1,c1cc(-c2ccnc(NC3CCOCC3)n2)nc(NC2CCCCC2)n1
CN(C)c1[nH]nc(-c2ccnc(NC3CCC4(CCC(N)CC4)CC3)n2)c1Br,c1cc(-c2cc[nH]n2)nc(NC2CCC3(CCCCC3)CC2)n1
CC(NC1CCCC1)C1CCC(Nc2nccc(-c3cn[nH]c3)n2)C1,c1cc(-c2cn[nH]c2)nc(NC2CCC(CNC3CCCC3)C2)n1
O=CN1CCC(Nc2nccc(-c3cnn(CC4CCC(CO)C4)c3)n2)C1,c1cc(-c2cnn(CC3CCCC3)c2)nc(NC2CCNC2)n1
Oc1ccc(-c2ccnc(NC3CCSC3)n2)cc1,c1ccc(-c2ccnc(NC3CCSC3)n2)cc1
O=c1nc(-c2ccnc(NC3CCC(F)C3)n2)ccn1CC1CCNCC1,O=c1nc(-c2ccnc(NC3CCCC3)n2)ccn1CC1CCNCC1
O=c1cc(-c2ccnc(NC3CCC(O)C3)n2)cn[nH]1,O=c1cc(-c2ccnc(NC3CCCC3)n2)cn[nH]1
c1cc(-c2cnc(SCC3CCCCC3)nc2)nc(NC2CC2)n1,c1cc(-c2cnc(SCC3CCCCC3)nc2)nc(NC2CC2)n1
O=C1CC(Nc2nccc(-c3cn[nH]c3)n2)CN1CC(O)CC1CO1,O=C1CC(Nc2nccc(-c3cn[nH]c3)n2)CN1CCCC1CO1
O=c1nc(-c2ccnc(NC3CCCCC3)n2)ccn1C1CCC(CF)C1,O=c1nc(-c2ccnc(NC3CCCCC3)n2)ccn1C1CCCC1
CN1CCC(Nc2nccc(-c3cc[nH]c3)n2)CC1,c1cc(-c2cc[nH]c2)nc(NC2CCNCC2)n1
SC1CC=C(Cn2cc(-c3ccnc(NC4CC4)n3)cn2)C1,C1=C(Cn2cc(-c3ccnc(NC4CC4)n3)cn2)CCC1
CC1CC(Cn2cc(-c3ccnc(NC4CCCC4)n3)cn2)CCC1=O,O=C1CCC(Cn2cc(-c3ccnc(NC4CCCC4)n3)cn2)CC1
CN1CCC(Cn2cc(-c3ccnc(NC4CCC(CF)C4)n3)cn2)CC1,c1cc(-c2cnn(CC3CCNCC3)c2)nc(NC2CCCC2)n1
O=c1nc(-c2ccnc(NC3CC3)n2)ccn1COCC1CC1,O=c1nc(-c2ccnc(NC3CC3)n2)ccn1COCC1CC1
CCCOc1cnn(C2CCOCC2)c1-c1ccnc(NC2CCCNCC2)n1,c1cc(-c2ccnn2C2CCOCC2)nc(NC2CCCNCC2)n1
OC1CCC(Nc2nccc(-c3ccn(C4C=CC4)c3)n2)C1,C1=CC(n2ccc(-c3ccnc(NC4CCCC4)n3)c2)C1
CC(=O)CC1CC1Nc1nccc(-c2ccnc(NC3CC3)n2)n1,c1cc(-c2ccnc(NC3CC3)n2)nc(NC2CC2)n1
CC1CCOCC1Nc1nccc(-c2ccnc(NC3CCOCC3)n2)n1,c1cc(-c2ccnc(NC3CCCOC3)n2)nc(NC2CCOCC2)n1
O=c1nc(-c2cn[nH]c2)ccn1-c1ccnc(NC2CCC2)n1,O=c1nc(-c2cn[nH]c2)ccn1-c1ccnc(NC2CCC2)n1
OC1CCC(c2cc(-c3ccnc(NC4CCCCC4)n3)c[nH]2)CC1,c1cc(-c2c[nH]c(C3CCCCC3)c2)nc(NC2CCCCC2)n1
CCn1cc(-c2ccnc(NC3CCC4(CCOC4)CC3)n2)cn1,c1cc(-c2cn[nH]c2)nc(NC2CCC3(CCOC3)CC2)n1
OC1CC(CN2CCC(Nc3nccc(-c4cn[nH]c4)n3)C2)C1,c1cc(-c2cn[nH]c2)nc(NC2CCN(CC3CCC3)C2)n1
O=C1C=C(NC2CCC(Nc3nccc(-c4ccsc4)n3)C2)CN(O)C1,O=C1C=C(NC2CCC(Nc3nccc(-c4ccsc4)n3)C2)CNC1
O=C1OCC(Nc2nccc(-c3ccsc3)n2)CN1CC1CC1CO,O=C1OCC(Nc2nccc(-c3ccsc3)n2)CN1CC1CC1
CCCOc1nnccc1-c1ccnc(NC2CC2)n1,c1cc(-c2ccnc(NC3CC3)n2)cnn1
CC1CNC(CN2CCC(Nc3nccc(-c4ccsc4)n3)C2)C1,c1cc(-c2ccsc2)nc(NC2CCN(CC3CCCN3)C2)n1
O=c1nc(-c2ccnc(NC3CC3)n2)ccn1-c1cncc(NC2CC2)n1,O=c1nc(-c2ccnc(NC3CC3)n2)ccn1-c1cncc(NC2CC2)n1
C=C1CC(Nc2nccc(-c3ccccc3)n2)CO1,C=C1CC(Nc2nccc(-c3ccccc3)n2)CO1
FCC1CCC(Nc2cncc(-c3ccnc(NC4CCCCC4)n3)n2)C1,c1cc(-c2cncc(NC3CCCC3)n2)nc(NC2CCCCC2)n1
OC1CCC=C(Cn2cc(-c3ccnc(NC4CCCCC4)n3)cn2)C1,C1=C(Cn2cc(-c3ccnc(NC4CCCCC4)n3)cn2)CCCC1
Fc1nccc(-c2c[nH]nc2-c2ccnc(NC3CCC(F)CC3)n2)n1,c1cc(-c2c[nH]nc2-c2ccnc(NC3CCCCC3)n2)ncn1
CNc1cncc(-c2ccnc(NC3COC(CO)C3)n2)n1,c1cnc(-c2ccnc(NC3CCOC3)n2)cn1
O=CC1CC(Nc2nccc(Nc3nccc(-c4ccc(Cl)cc4)n3)n2)CO1,c1ccc(-c2ccnc(Nc3ccnc(NC4CCOC4)n3)n2)cc1
CCC(Cn1cc(-c2ccnc(NC3CCC3)n2)cn1)OC1CC1,c1cc(-c2cnn(CCOC3CC3)c2)nc(NC2CCC2)n1
CN(C)c1[nH]ncc1-c1ccnc(NC2CCC(=O)CC2)n1,O=C1CCC(Nc2nccc(-c3cn[nH]c3)n2)CC1
CN(C)c1[nH]ncc1-c1ccnc(NC2CCCC(C#N)CC2)n1,c1cc(-c2cn[nH]c2)nc(NC2CCCCCC2)n1
c1cc(-c2nccc(NC3CCOCC3)n2)nc(NC2CCOCC2)n1,c1cc(-c2nccc(NC3CCOCC3)n2)nc(NC2CCOCC2)n1
CCc1c(F)c(-c2ccnc(NC3CCNCC3)n2)nn1C,c1cc(-c2cc[nH]n2)nc(NC2CCNCC2)n1
O=c1nc(-c2ccnc(NC3CC3)n2)ccn1CCO,O=c1nc(-c2ccnc(NC3CC3)n2)cc[nH]1
c1cc(-c2cnn(CC3CC(NC4CCCC4)C3)c2)nc(NC2CC2)n1,c1cc(-c2cnn(CC3CC(NC4CCCC4)C3)c2)nc(NC2CC2)n1
O=C1CC(CSCC2CCC(Nc3nccc(-c4ccsc4)n3)C2)C1,O=C1CC(CSCC2CCC(Nc3nccc(-c4ccsc4)n3)C2)C1
OC1CN(C2CCC(n3cc(-c4ccnc(NC5CC5)n4)cn3)C2)C1,c1cc(-c2cnn(C3CCC(N4CCC4)C3)c2)nc(NC2CC2)n1
CN(C)c1[nH]ccc1-c1ccnc(NC2CCC(O)OC2)n1,c1cc(-c2cc[nH]c2)nc(NC2CCCOC2)n1
CC1CCC(Nc2cc(-c3ccnc(NC4CCOCC4)n3)ccn2)C1,c1cc(-c2ccnc(NC3CCOCC3)n2)cc(NC2CCCC2)n1
c1cc(-c2cnn(C3CCOC3)c2)nc(NC2CCC2)n1,c1cc(-c2cnn(C3CCOC3)c2)nc(NC2CCC2)n1
FCC1CCC(Nc2cncc(-c3ccnc(NC4CCC(F)CC4)n3)n2)C1,c1cc(-c2cncc(NC3CCCC3)n2)nc(NC2CCCCC2)n1
CCCC(Cc1nccc(-c2ccnc(NC3CC3)n2)n1)NC1CC1,c1cc(-c2ccnc(NC3CC3)n2)nc(CCNC2CC2)n1
OCC1CCC(NCC2CCC(Nc3nccc(-c4ccc(Cl)cc4)n3)C2)C1,c1ccc(-c2ccnc(NC3CCC(CNC4CCCC4)C3)n2)cc1
Cc1cc(-c2ccnc(NC3CCCCC(=O)C3)n2)cnn1,O=C1CCCCC(Nc2nccc(-c3ccnnc3)n2)C1
OC1CCC(Nc2nccc(-c3csc(CN4CCC(O)C4)c3)n2)C1,c1cc(-c2csc(CN3CCCC3)c2)nc(NC2CCCC2)n1
CN(C)c1[nH]ncc1-c1ccnc(NC2CCC(N3C(=O)CCC3=O)C2)n1,O=C1CCC(=O)N1C1CCC(Nc2nccc(-c3cn[nH]c3)n2)C1
CCc1[nH]ncc1-c1c(-c2ccnc(NC3CC3)n2)cnn1C1CC1,c1cc(-c2cnn(C3CC3)c2-c2cn[nH]c2)nc(NC2CC2)n1
O=C1CCC(Nc2nccc(-c3ccsc3)n2)CNC1,O=C1CCC(Nc2nccc(-c3ccsc3)n2)CNC1
Oc1nscc1-c1ccnc(NC2CCC2)n1,c1cc(-c2cnsc2)nc(NC2CCC2)n1
O=C1C=CC(c2nc(-c3ccc(F)cc3)c(-c3ccncc3)[nH]2)=CC1,O=C1C=CC(c2nc(-c3ccccc3)c(-c3ccncc3)[nH]2)=CC1
c1ccc(-c2ccnc(NC3CCSC3)n2)cc1,c1ccc(-c2ccnc(NC3CCSC3)n2)cc1
CN1CC(Nc2nccc(-c3ccsc3)n2)CC1CN1CC(O)CC1=O,O=C1CCCN1CC1CC(Nc2nccc(-c3ccsc3)n2)CN1
Cn1cc(-c2ccnc(NC3CCCCC3)n2)cc1-c1ccc(Br)cc1,c1ccc(-c2cc(-c3ccnc(NC4CCCCC4)n3)c[nH]2)cc1
c1cc(-c2cnn(CC3CCCC3)c2)nc(NC2CCOCC2)n1,c1cc(-c2cnn(CC3CCCC3)c2)nc(NC2CCOCC2)n1
O=C1CC(Nc2nccc(-c3cn[nH]c3)n2)CS1,O=C1CC(Nc2nccc(-c3cn[nH]c3)n2)CS1
O=c1nc(-c2ccnc(NC3CCC3)n2)ccn1CC(O)CO,O=c1nc(-c2ccnc(NC3CCC3)n2)cc[nH]1
Cc1ccc(-c2ccnc(NC3CC4COC4C3)n2)cc1,c1ccc(-c2ccnc(NC3CC4COC4C3)n2)cc1
NC(=O)c1ccccc1-c1nc(Nc2ccc(N3C=CC3)cc2)ncc1Cl,C1=CN(c2ccc(Nc3nccc(-c4ccccc4)n3)cc2)C1
CC1CCC(Nc2nccc(-c3ccsc3)n2)CN(CC2CC2)C1=O,O=C1CCCC(Nc2nccc(-c3ccsc3)n2)CN1CC1CC1
OC1CC(Nc2nccc(-c3ccc(Cl)cc3)n2)CCC2(CC2)C1,c1ccc(-c2ccnc(NC3CCCC4(CC3)CC4)n2)cc1
O=C1NCC(Nc2nccc(-c3ccsc3)n2)CCO1,O=C1NCC(Nc2nccc(-c3ccsc3)n2)CCO1
O=c1nc(-c2ccnc(NC3CCOCC3)n2)ccn1-c1ccnc(C2CC2)n1,O=c1nc(-c2ccnc(NC3CCOCC3)n2)ccn1-c1ccnc(C2CC2)n1
CC1CC1N(c1nccc(-c2ccnc(NC3CC3)n2)n1)C1CC1,c1cc(-c2ccnc(N(C3CC3)C3CC3)n2)nc(NC2CC2)n1
CCC1CCC(Nc2nccc(-c3cnn(-c4ccnc(Cl)n4)c3)n2)C1,c1cc(-n2cc(-c3ccnc(NC4CCCC4)n3)cn2)ncn1
Cn1cc(-c2ccnc(NC3CCCC(CF)C3)n2)nn1,c1cc(-c2c[nH]nn2)nc(NC2CCCCC2)n1
OC1CCC(Cn2ccc(-c3ccnc(NC4CCOCC4)n3)c2)CC1,c1cc(-c2ccn(CC3CCCCC3)c2)nc(NC2CCOCC2)n1
O=C1CCCN1c1nn(C2CCC(F)CC2)cc1-c1ccnc(NC2CC2)n1,O=C1CCCN1c1nn(C2CCCCC2)cc1-c1ccnc(NC2CC2)n1
Fc1ccc(-c2ccnc(NC3CCCCOC3)n2)c(Cl)n1,c1cncc(-c2ccnc(NC3CCCCOC3)n2)c1
O=C1CCC(Nc2nccc(-c3ccsn3)n2)CC1,O=C1CCC(Nc2nccc(-c3ccsn3)n2)CC1
Brc1[nH]ncc1-c1ccnc(NC2CCCC(c3cn[nH]c3)C2)n1,c1cc(-c2cn[nH]c2)nc(NC2CCCC(c3cn[nH]c3)C2)n1
Cn1nc(-c2ccnc(NC3CC3)n2)c(F)c1C1CCC1,c1cc(-c2cc(C3CCC3)[nH]n2)nc(NC2CC2)n1
Cn1cc(-c2ccnc(Nc3ccc(N4NCCC4=O)cc3)n2)cn1,O=C1CCNN1c1ccc(Nc2nccc(-c3cn[nH]c3)n2)cc1
Nc1c(Cl)c(-c2ccnc(NC3CCCCC3)n2)c[nH]c1=O,O=c1ccc(-c2ccnc(NC3CCCCC3)n2)c[nH]1
FCC1CCN(CC2CCC(Nc3nccc(-c4ccsc4)n3)C2)C1,c1cc(-c2ccsc2)nc(NC2CCC(CN3CCCC3)C2)n1
NC1CCCN1c1ccc(Nc2ncc(Cl)c(-c3ccccc3F)n2)cc1,c1ccc(-c2ccnc(Nc3ccc(N4CCCC4)cc3)n2)cc1
O=c1nc(-c2ccnc(NC3CC3)n2)ccn1-c1ncncn1,O=c1nc(-c2ccnc(NC3CC3)n2)ccn1-c1ncncn1
Cc1ccc(-c2ccnc(NC3CCCC(CS)NC3)n2)cc1,c1ccc(-c2ccnc(NC3CCCCNC3)n2)cc1
Cc1ccc(-c2ccnc(NC3CCN(C4COC(=O)C4)C(CO)C3)n2)cc1,O=C1CC(N2CCC(Nc3nccc(-c4ccccc4)n3)CC2)CO1
O=C(C1CCCC(Cn2cc(-c3ccnc(NC4CCC4)n3)cn2)C1)N1CCC(O)C1,O=C(C1CCCC(Cn2cc(-c3ccnc(NC4CCC4)n3)cn2)C1)N1CCCC1
O=c1nc(-c2ccnc(NC3CCC3)n2)ccn1-c1ccn(C2CC2)c(=O)n1,O=c1nc(-c2ccnc(NC3CCC3)n2)ccn1-c1ccn(C2CC2)c(=O)n1
c1cc(-c2ccnc(NC3CCOCC3)n2)nc(NC2CCC2)n1,c1cc(-c2ccnc(NC3CCOCC3)n2)nc(NC2CCC2)n1
CCn1cc(-c2ccnc(NC3CCCCNCC3)n2)cn1,c1cc(-c2cn[nH]c2)nc(NC2CCCCNCC2)n1
Fc1ccc(-c2ccnc(NC3CCC(Sc4c[nH]nc4Cl)C3)n2)cc1,c1ccc(-c2ccnc(NC3CCC(Sc4cn[nH]c4)C3)n2)cc1
NC1CCN(C2CCC(n3cc(-c4ccnc(NC5CCCCC5)n4)cn3)C2)C1,c1cc(-c2cnn(C3CCC(N4CCCC4)C3)c2)nc(NC2CCCCC2)n1
NC1CCC(Cn2ccc(-c3ccnc(NC4CCNC(CF)C4)n3)nc2=O)CC1,O=c1nc(-c2ccnc(NC3CCNCC3)n2)ccn1CC1CCCCC1
CN(C)c1[nH]ncc1-c1ccnc(NC2CCC(n3ccc(N4CCCC4=O)c3)C2)n1,O=C1CCCN1c1ccn(C2CCC(Nc3nccc(-c4cn[nH]c4)n3)C2)c1
N#Cc1c(-c2ccnc(NC3CCOCC3)n2)cnn1-c1ccnc(N2CC2)n1,c1cc(-c2cnn(-c3ccnc(N4CC4)n3)c2)nc(NC2CCOCC2)n1
FC1CCC(Nc2nccc(-c3ccnc(NC4CCC(Br)C4)c3)n2)CC1,c1cc(-c2ccnc(NC3CCCCC3)n2)cc(NC2CCCC2)n1
CC1CC1Nc1nccc(-c2ccnc(NC3CCCOCC3)n2)n1,c1cc(-c2ccnc(NC3CC3)n2)nc(NC2CCCOCC2)n1
O=C1CC(Nc2nccc(-c3ccc(Cl)cc3)n2)CO1,O=C1CC(Nc2nccc(-c3ccccc3)n2)CO1
Clc1ncc(-c2ccnc(NC3CCOCC3)n2)cn1,c1ncc(-c2ccnc(NC3CCOCC3)n2)cn1
Nc1sc(F)cc1-c1ccnc(NC2CC2)n1,c1cc(-c2ccsc2)nc(NC2CC2)n1
Clc1ncccc1-c1ccnc(NC2CCC(c3cn[nH]c3)C2)n1,c1cncc(-c2ccnc(NC3CCC(c4cn[nH]c4)C3)n2)c1
N#Cc1ccccc1-c1ccnc(Nc2ccc(N3CCCC3=O)cc2)n1,O=C1CCCN1c1ccc(Nc2nccc(-c3ccccc3)n2)cc1
O=C1CCC(Nc2ccc(Nc3nccc(-c4cn[nH]c4)n3)cc2)=N1,O=C1CCC(Nc2ccc(Nc3nccc(-c4cn[nH]c4)n3)cc2)=N1
CC1CCC(Nc2nccc(-c3nccc(NC4CCC(CO)C4)n3)n2)CC1,c1cc(-c2nccc(NC3CCCC3)n2)nc(NC2CCCCC2)n1
Cc1ccc(-c2ccnc(NC3CC(CO)N(C(=O)C4CC(CN5CCCC5=O)C4)C3)n2)cc1,O=C1CCCN1CC1CC(C(=O)N2CCC(Nc3nccc(-c4ccccc4)n3)C2)C1
O=C1CCC(Nc2nccc(-c3c[nH]c(F)c3)n2)C1,O=C1CCC(Nc2nccc(-c3cc[nH]c3)n2)C1
CC1CCC(Nc2nccc(-c3c[nH]nc3C3CCSC3)n2)CC1,c1cc(-c2c[nH]nc2C2CCSC2)nc(NC2CCCCC2)n1
OCC1CC(Nc2nccc(-c3cnn(CC4CCCC4)c3)n2)CO1,c1cc(-c2cnn(CC3CCCC3)c2)nc(NC2CCOC2)n1
OC1CCC(Nc2nccc(-c3ccnc(Nc4ccc(F)cc4)n3)n2)C1,c1ccc(Nc2nccc(-c3ccnc(NC4CCCC4)n3)n2)cc1
O=C1CCCN1c1ccc(Nc2nccc(-c3cccs3)n2)cc1,O=C1CCCN1c1ccc(Nc2nccc(-c3cccs3)n2)cc1
Cc1nc(NC2CC2)nc(-n2nc(C)nc2-c2ccnc(NC3CCOC3)n2)n1,c1cc(-c2ncnn2-c2ncnc(NC3CC3)n2)nc(NC2CCOC2)n1
Brc1c[nH]nc1-c1ccnc(NC2CC=CCC2)n1,C1=CCC(Nc2nccc(-c3cc[nH]n3)n2)CC1
CCNc1nccc(-c2ccn(-c3ccnc(NC4CC4)n3)c(=O)c2)n1,O=c1cc(-c2ccncn2)ccn1-c1ccnc(NC2CC2)n1
Cn1cc(-c2ccnc(NC3CCC3)n2)c(-c2ccnc(NC3CCC3)n2)n1,c1cc(-c2c[nH]nc2-c2ccnc(NC3CCC3)n2)nc(NC2CCC2)n1
CN(C)c1ccc(-c2ccnc(NC3C=CCC3)n2)cn1,C1=CC(Nc2nccc(-c3cccnc3)n2)CC1
Brc1c(-c2ccnc(NC3CCOC3)n2)cnn1C1CNC1,c1cc(-c2cnn(C3CNC3)c2)nc(NC2CCOC2)n1
OCC1CC(Nc2nccc(-c3ccn[nH]3)n2)CO1,c1cc(-c2ccnc(NC3CCOC3)n2)[nH]n1
Fc1ncccc1-n1cc(Br)c(-c2ccnc(NC3CCCCC3)n2)c1,c1cncc(-n2ccc(-c3ccnc(NC4CCCCC4)n3)c2)c1
OCC1CC(Nc2nccc(-c3cnn(C4CCCCC4)c3Br)n2)CO1,c1cc(-c2cnn(C3CCCCC3)c2)nc(NC2CCOC2)n1
C1=CC(n2cc(-c3ccnc(NC4CC4)n3)cn2)C1,C1=CC(n2cc(-c3ccnc(NC4CC4)n3)cn2)C1
OCC1CC(n2cc(-c3ccnc(NC4CCC4)n3)cn2)CN1,c1cc(-c2cnn(C3CCNC3)c2)nc(NC2CCC2)n1
CC1CCC(Nc2nccc(-c3cncc(NC4CCC(CF)C4)n3)n2)CC1,c1cc(-c2cncc(NC3CCCC3)n2)nc(NC2CCCCC2)n1
C=C1CCCC(Nc2nccc(-c3cnn(C)c3)n2)C1,C=C1CCCC(Nc2nccc(-c3cn[nH]c3)n2)C1
O=C1CCCN1c1[nH]ncc1-c1ccnc(Nc2ccc(F)cc2)n1,O=C1CCCN1c1[nH]ncc1-c1ccnc(Nc2ccccc2)n1
OCC1CC(Nc2nccc(-c3ccc(Cl)cc3)n2)CS1,c1ccc(-c2ccnc(NC3CCSC3)n2)cc1
OCC1CCC(Nc2nccc(-c3ccsn3)n2)CC1,c1cc(-c2ccsn2)nc(NC2CCCCC2)n1
CC1CC1c1nccc(-c2c(-c3ccnc(NC4CC4)n3)cnn2C2CC2)n1,c1cc(-c2cnn(C3CC3)c2-c2ccnc(C3CC3)n2)nc(NC2CC2)n1
CC1CCC(Cn2ccc(-c3ccnc(NC4CCCCC4)n3)c2)C1,c1cc(-c2ccn(CC3CCCC3)c2)nc(NC2CCCCC2)n1
O=c1[nH][nH]nc1-c1ccnc(NC2CC=C(F)CC2)n1,O=c1[nH][nH]nc1-c1ccnc(NC2CC=CCC2)n1
O=c1nncc(-c2ccnc(NC3CCOCC3)n2)[nH]1,O=c1nncc(-c2ccnc(NC3CCOCC3)n2)[nH]1
Brc1cnn(C2CCC2)c1-c1ccnc(NC2CC2)n1,c1cc(-c2ccnn2C2CCC2)nc(NC2CC2)n1
O=C1CCCN(c2ccc(Nc3nccc(-c4cn[nH]c4Cl)n3)cc2)C1,O=C1CCCN(c2ccc(Nc3nccc(-c4cn[nH]c4)n3)cc2)C1
ClCC1CC(Nc2nccc(-c3ccc(OCC4CCCC4)cc3)n2)CCO1,c1cc(-c2ccc(OCC3CCCC3)cc2)nc(NC2CCOCC2)n1
CCc1[nH]ncc1-c1ccnc(NC2CCCCNC2)n1,c1cc(-c2cn[nH]c2)nc(NC2CCCCNC2)n1
COC1CC(Cn2cc(-c3ccnc(NC4CCCN(C)C4)n3)cn2)C1,c1cc(-c2cnn(CC3CCC3)c2)nc(NC2CCCNC2)n1
OC(C1CC1)C1CCC(Nc2nccc(-c3ccc(Cl)cc3)n2)C1,c1ccc(-c2ccnc(NC3CCC(CC4CC4)C3)n2)cc1
O=C(Nc1cccc(C(F)(F)F)n1)Nc1ccnc2cc(F)ccc12,O=C(Nc1ccccn1)Nc1ccnc2ccccc12
Cc1nc(-c2ccnc(NC3CCC3)n2)n(C2CCOCC2)n1,c1cc(-c2ncnn2C2CCOCC2)nc(NC2CCC2)n1
FC1CC(Nc2nccc(-c3cn[nH]c3)n2)C1,c1cc(-c2cn[nH]c2)nc(NC2CCC2)n1
O=c1nc(-c2ccnc(NC3CCCC3)n2)ccn1CC1CCC(CF)C1,O=c1nc(-c2ccnc(NC3CCCC3)n2)ccn1CC1CCCC1
Cc1c(-c2ccnc(NC3CC3)n2)cnn1C,c1cc(-c2cn[nH]c2)nc(NC2CC2)n1
Fc1c(-c2ccnc(NC3CCOCC3)n2)n[nH]c1C1CC1,c1cc(-c2cc(C3CC3)[nH]n2)nc(NC2CCOCC2)n1
O=c1cc(-c2ccnc(NC3CC3)n2)ccn1Cc1ccnc(NC2CC2)n1,O=c1cc(-c2ccnc(NC3CC3)n2)ccn1Cc1ccnc(NC2CC2)n1
O=C1CCC(Nc2nccc(-c3cnn(C4CCC(CO)C4)c3)n2)C1,O=C1CCC(Nc2nccc(-c3cnn(C4CCCC4)c3)n2)C1
c1cc(-c2ccsc2)nc(NC2CCCNCC2)n1,c1cc(-c2ccsc2)nc(NC2CCCNCC2)n1
CC1CCC(Nc2nccc(-c3cnn(C4CCOCC4)c3)n2)C1,c1cc(-c2cnn(C3CCOCC3)c2)nc(NC2CCCC2)n1
O=C1CCCN1C(=O)CC1CC(Nc2nccc(-c3ccc(O)cc3)n2)CN1,O=C1CCCN1C(=O)CC1CC(Nc2nccc(-c3ccccc3)n2)CN1
Clc1ccc(-c2ccnc(NC3CCC(Sc4c[nH]nc4Cl)C3)n2)cc1,c1ccc(-c2ccnc(NC3CCC(Sc4cn[nH]c4)C3)n2)cc1
CCC(Cn1cc(-c2ccnc(NC3CCOC3)n2)cn1)OC1COC1,c1cc(-c2cnn(CCOC3COC3)c2)nc(NC2CCOC2)n1
OCc1c[nH]c(-c2ccnc(NC3CC3)n2)c1,c1c[nH]c(-c2ccnc(NC3CC3)n2)c1
C1=CCC(Nc2nccc(-c3cnc(N4CCOCC4)nc3)n2)C1,C1=CCC(Nc2nccc(-c3cnc(N4CCOCC4)nc3)n2)C1
O=C1CCC(Nc2nccc(-c3cn[nH]c3)n2)CN1CCC1CC1,O=C1CCC(Nc2nccc(-c3cn[nH]c3)n2)CN1CCC1CC1
Clc1cnnc(-c2ccnc(NC3CCOCC3)n2)n1,c1cnc(-c2ccnc(NC3CCOCC3)n2)nn1
BrC1CCC(n2ccc(-c3ccnc(NC4CCCC4)n3)n2)C1,c1cc(-c2ccn(C3CCCC3)n2)nc(NC2CCCC2)n1
O=c1nc(-c2ccnc(NC3CCCC(CF)C3)n2)ccn1CC1CCC(NC2CC2)CC1,O=c1nc(-c2ccnc(NC3CCCCC3)n2)ccn1CC1CCC(NC2CC2)CC1
O=C1CCCN1C(=O)C1CCC(Nc2nccc(-c3ccsc3)n2)C1,O=C1CCCN1C(=O)C1CCC(Nc2nccc(-c3ccsc3)n2)C1
CCc1[nH]nc(-c2ccnc(NC3CCC3)n2)c1Br,c1cc(-c2cc[nH]n2)nc(NC2CCC2)n1
C=C1CCC(Nc2nccc(-c3cnn(C4CCC(C)CC4)c3)n2)C1,C=C1CCC(Nc2nccc(-c3cnn(C4CCCCC4)c3)n2)C1
CNC1CCN(c2nccc(-c3ccnc(NC4CC4)n3)n2)CC1,c1cc(-c2ccnc(N3CCCCC3)n2)nc(NC2CC2)n1
Cc1c(-c2ccnc(NC3CCCOCC3)n2)cnn1C,c1cc(-c2cn[nH]c2)nc(NC2CCCOCC2)n1
c1cc(-c2ccnc(NC3CCC3)n2)nc(NC2CCC2)n1,c1cc(-c2ccnc(NC3CCC3)n2)nc(NC2CCC2)n1
FCC1CCC(n2cc(-c3ccnc(NC4CCCCCC4)n3)cn2)C1,c1cc(-c2cnn(C3CCCC3)c2)nc(NC2CCCCCC2)n1
NC(=O)c1ccccc1-c1nc(Nc2ccc(N3CCC(=O)C3)cc2)ncc1Cl,O=C1CCN(c2ccc(Nc3nccc(-c4ccccc4)n3)cc2)C1
c1cc(-c2cn(C3CCCC3)cn2)nc(NC2CCCC2)n1,c1cc(-c2cn(C3CCCC3)cn2)nc(NC2CCCC2)n1
CCC(Nc1nccc(-c2ccnc(NC3CC3)n2)n1)C1CC1,c1cc(-c2ccnc(NC3CC3)n2)nc(NCC2CC2)n1
Cn1ccc(-c2ccnc(NC3CCC3)n2)c1-c1ccnc(Cl)n1,c1cc(-c2[nH]ccc2-c2ccnc(NC3CCC3)n2)ncn1
Oc1sncc1-c1ccnc(NC2CCCCOCC2)n1,c1cc(-c2cnsc2)nc(NC2CCCCOCC2)n1
Cn1cc(-c2ccnc(NC3CCSCC3)n2)nn1,c1cc(-c2c[nH]nn2)nc(NC2CCSCC2)n1
CC(O)Cc1c(-c2ccnc(NC3CCC3)n2)cnn1C,c1cc(-c2cn[nH]c2)nc(NC2CCC2)n1
Fc1cc(-c2ccnc(NC3CCC3)n2)ccn1,c1cc(-c2ccnc(NC3CCC3)n2)ccn1
O=C1CC(Nc2nccc(-c3cn[nH]c3)n2)CN1C(CCO)CC1CC1,O=C1CC(Nc2nccc(-c3cn[nH]c3)n2)CN1CCC1CC1
O=c1nc(-c2ccnc(NC3CCCCC3)n2)ccn1-c1ccnc(N2CC2)n1,O=c1nc(-c2ccnc(NC3CCCCC3)n2)ccn1-c1ccnc(N2CC2)n1
Oc1nc(-c2c(-c3ccnc(NC4CC4)n3)cnn2C2CC2)no1,c1cc(-c2cnn(C3CC3)c2-c2ncon2)nc(NC2CC2)n1
O=C1CCC(Nc2nccc(-c3c(Br)n[nH]c3Cl)n2)CN1CC1CO1,O=C1CCC(Nc2nccc(-c3cn[nH]c3)n2)CN1CC1CO1
SC1CC(CNc2cc(-c3ccnc(NC4CC4)n3)cnn2)C1,c1cc(-c2cnnc(NCC3CCC3)c2)nc(NC2CC2)n1
CC1CC(O)CC(Nc2nccc(-c3ccn(C4CCCCC4)c3)n2)C1,c1cc(-c2ccn(C3CCCCC3)c2)nc(NC2CCCCC2)n1
Cn1ncc(-c2ccnc(NC3CC3)n2)c1-c1ccnc(NC2CCOCC2)n1,c1cc(-c2cn[nH]c2-c2ccnc(NC3CCOCC3)n2)nc(NC2CC2)n1
OC1CN(CC2CCC(Nc3nccc(-c4ccsc4)n3)CO2)C1,c1cc(-c2ccsc2)nc(NC2CCC(CN3CCC3)OC2)n1
OCC1CC(Nc2nccc(-c3cncc(NC4CCCC4)n3)n2)CCO1,c1cc(-c2cncc(NC3CCCC3)n2)nc(NC2CCOCC2)n1
OCC1CCCC(n2cc(-c3ccnc(NC4CCCC(CF)C4)n3)cn2)C1,c1cc(-c2cnn(C3CCCCC3)c2)nc(NC2CCCCC2)n1
O=C1CC(Nc2nccc(-c3ccsc3)n2)CCCC1O,O=C1CCCCC(Nc2nccc(-c3ccsc3)n2)C1
Cc1[nH]ncc1-c1ccnc(-c2ccnc(NC3CCOCC3)n2)n1,c1cc(-c2nccc(-c3cn[nH]c3)n2)nc(NC2CCOCC2)n1
c1cc(-c2cnn[nH]2)nc(NC2CCNC2)n1,c1cc(-c2cnn[nH]2)nc(NC2CCNC2)n1
OC1CC2(CCC(Nc3nccc(-c4ccc(Cl)cc4)n3)CC2)C1,c1ccc(-c2ccnc(NC3CCC4(CCC4)CC3)n2)cc1
O=c1ncc(-c2ccnc(NC3CCC(O)CC3)n2)c[nH]1,O=c1ncc(-c2ccnc(NC3CCCCC3)n2)c[nH]1
FCC1CCC(COc2ccc(-c3ccnc(NC4CCCCC4)n3)nc2)C1,c1cc(-c2ccc(OCC3CCCC3)cn2)nc(NC2CCCCC2)n1
CCn1cc(-c2ccnc(NC3CCC4(CCOCC4)CC3)n2)cn1,c1cc(-c2cn[nH]c2)nc(NC2CCC3(CCOCC3)CC2)n1
O=C1CCN1c1ccc(Nc2nccc(-c3cn[nH]c3Br)n2)cc1,O=C1CCN1c1ccc(Nc2nccc(-c3cn[nH]c3)n2)cc1
CCc1[nH]ncc1-c1ccnc(NC2CCN(Cc3ccnc(N)n3)C2)n1,c1cc(CN2CCC(Nc3nccc(-c4cn[nH]c4)n3)C2)ncn1
NC1CC(CSc2cc(-c3ccnc(NC4CCCCC4)n3)cs2)C1,c1cc(-c2csc(SCC3CCC3)c2)nc(NC2CCCCC2)n1
FCC1CCCC(Nc2nccc(-c3csc(-c4ccsc4)n3)n2)C1,c1cc(-c2csc(-c3ccsc3)n2)nc(NC2CCCCC2)n1
O=C1CC(n2cc(-c3ccnc(NC4CCCC4)n3)cn2)CN1,O=C1CC(n2cc(-c3ccnc(NC4CCCC4)n3)cn2)CN1
c1cc(-c2cn[nH]c2)nc(NC2CCC(CN3CCNC3)CC2)n1,c1cc(-c2cn[nH]c2)nc(NC2CCC(CN3CCNC3)CC2)n1
COc1ncc(-c2ccnc(NC3CCCC3)n2)cn1,c1ncc(-c2ccnc(NC3CCCC3)n2)cn1
C1=CC(n2cc(-c3ccnc(NC4CCCC4)n3)cn2)CCO1,C1=CC(n2cc(-c3ccnc(NC4CCCC4)n3)cn2)CCO1
Fc1ccc(-c2ccnc(NC3CCC3)n2)c(Cl)n1,c1cncc(-c2ccnc(NC3CCC3)n2)c1
Cc1ccc(-c2ccnc(NC3CCC4(CC(=O)C4)C3)n2)cc1,O=C1CC2(CCC(Nc3nccc(-c4ccccc4)n3)C2)C1
Clc1nn(-c2ccnc(NC3CCCC3)n2)cc1-c1ccnc(NC2CCCC2)n1,c1cc(-c2cnn(-c3ccnc(NC4CCCC4)n3)c2)nc(NC2CCCC2)n1
O=c1[nH]nccc1-c1ccnc(NC2CC2)n1,O=c1[nH]nccc1-c1ccnc(NC2CC2)n1
CN(C)c1ncc(-c2ccnc(NC3CCC4OC4C3)n2)cn1,c1ncc(-c2ccnc(NC3CCC4OC4C3)n2)cn1
OC1C=CC(Cn2cc(-c3ccnc(NC4CCCCC4)n3)cn2)C1,C1=CC(Cn2cc(-c3ccnc(NC4CCCCC4)n3)cn2)CC1
OC1CCC(Nc2nc(-c3ccnc(NC4CCCCC4)n3)ccc2F)C1,c1cc(NC2CCCC2)nc(-c2ccnc(NC3CCCCC3)n2)c1
CN(C)c1[nH]ncc1-c1ccnc(NC2CC=C(c3ccc(F)cc3)CC2)n1,C1=C(c2ccccc2)CCC(Nc2nccc(-c3cn[nH]c3)n2)C1
OC1CCC(Nc2nccc(-c3ccn(C4CCCC4)c3)n2)C1,c1cc(-c2ccn(C3CCCC3)c2)nc(NC2CCCC2)n1
Cc1ccc(-c2ccnc(NC3CC4(CCC(C(O)O)C4)C3)n2)cc1,c1ccc(-c2ccnc(NC3CC4(CCCC4)C3)n2)cc1
Fc1cc(-c2ccnc(NC3CCCC3)n2)ccn1,c1cc(-c2ccnc(NC3CCCC3)n2)ccn1
FCC1CCC(Nc2nccc(-c3ccn(-c4ccsc4)n3)n2)CC1,c1cc(-c2ccn(-c3ccsc3)n2)nc(NC2CCCCC2)n1
Cn1cc(-c2ccnc(NC3CCC4(CCC(=O)C4)CC3)n2)cn1,O=C1CCC2(CCC(Nc3nccc(-c4cn[nH]c4)n3)CC2)C1
OCC1CCC(n2ccc(-c3ccnc(NC4CC4)n3)n2)C1,c1cc(-c2ccn(C3CCCC3)n2)nc(NC2CC2)n1
C=C(C#N)C(=O)N1CCC(C)C(N(C)c2ncnc3[nH]ccc23)C1,c1nc(NC2CCCNC2)c2cc[nH]c2n1
O=C1CC(n2cc(-c3ccnc(NC4CCC(CF)C4)n3)cn2)C1,O=C1CC(n2cc(-c3ccnc(NC4CCCC4)n3)cn2)C1
Fc1nccc(-c2cn(-c3ccnc(NC4CCOCC4)n3)cn2)n1,c1cc(-c2cn(-c3ccnc(NC4CCOCC4)n3)cn2)ncn1
CC1CCC(CSc2cc(-c3ccnc(NC4CCC(N)CC4)n3)cnn2)CC1,c1cc(-c2cnnc(SCC3CCCCC3)c2)nc(NC2CCCCC2)n1
c1cc(-c2ccn(C3CN(C4CCC4)C3)c2)nc(NC2CC2)n1,c1cc(-c2ccn(C3CN(C4CCC4)C3)c2)nc(NC2CC2)n1
Cn1cccc1-c1ccnc(NC2CCC2)n1,c1c[nH]c(-c2ccnc(NC3CCC3)n2)c1
O=c1nc(-c2nc(NC3CC3)ncc2-c2ccnc(C3CC3)n2)cc[nH]1,O=c1nc(-c2nc(NC3CC3)ncc2-c2ccnc(C3CC3)n2)cc[nH]1
Fc1ccc(-c2ccnc(NC3CCC(SC4CC4)C3)n2)cc1,c1ccc(-c2ccnc(NC3CCC(SC4CC4)C3)n2)cc1
CNCCC1CCC(Nc2nccc(-c3cnoc3)n2)C1,c1cc(-c2cnoc2)nc(NC2CCCC2)n1
Cc1n[nH]cc1-c1ccnc(Nc2ccc(N3CCC(=O)C3=O)cc2)n1,O=C1CCN(c2ccc(Nc3nccc(-c4cn[nH]c4)n3)cc2)C1=O
Brc1cn[nH]c1-c1ccnc(NC2CC=CCC2)n1,C1=CCC(Nc2nccc(-c3ccn[nH]3)n2)CC1
Cn1ncc(-c2ccnc(NC3CCC(F)CC3)n2)n1,c1cc(-c2cn[nH]n2)nc(NC2CCCCC2)n1
CC1CCC(Nc2nccc(-c3nccc(NC4CCC(CF)C4)n3)n2)CC1,c1cc(-c2nccc(NC3CCCC3)n2)nc(NC2CCCCC2)n1
N#Cc1c(-c2ccnc(NC3CCC3)n2)ccn1-c1ccnc(NC2CCOCC2)n1,c1cc(-c2ccn(-c3ccnc(NC4CCOCC4)n3)c2)nc(NC2CCC2)n1
CC1CCCC(Nc2nccc(-c3cnn(C4CC(CF)C4)c3)n2)C1,c1cc(-c2cnn(C3CCC3)c2)nc(NC2CCCCC2)n1
C=C1CCCC(Cn2ccc(-c3ccnc(NC4CCCCC4)n3)nc2=O)C1,C=C1CCCC(Cn2ccc(-c3ccnc(NC4CCCCC4)n3)nc2=O)C1
CC1CC(Cn2ccc(-c3ccnc(NC4CCC4)n3)nc2=O)C1,O=c1nc(-c2ccnc(NC3CCC3)n2)ccn1CC1CCC1
OCC1CC(CSc2cc(-c3ccnc(NC4CCC4)n3)cnn2)C1,c1cc(-c2cnnc(SCC3CCC3)c2)nc(NC2CCC2)n1
Fc1nccc(-c2ccnc(-c3ccnc(NC4CC4)n3)n2)n1,c1cc(-c2ccnc(-c3ccnc(NC4CC4)n3)n2)ncn1
OC1CCCC(n2cc(-c3ccnc(NC4CCOCC4)n3)cn2)CC1,c1cc(-c2cnn(C3CCCCCC3)c2)nc(NC2CCOCC2)n1
C1=CCC(n2cc(-c3ccnc(NC4CCOCC4)n3)cn2)CC1,C1=CCC(n2cc(-c3ccnc(NC4CCOCC4)n3)cn2)CC1
O=c1nc(-c2ccnc(NC3CCOCC3)n2)ccn1C1CCC1,O=c1nc(-c2ccnc(NC3CCOCC3)n2)ccn1C1CCC1
c1cc(-n2cc(-c3ccnc(OC4CCOCC4)n3)cn2)nc(NC2CCOCC2)n1,c1cc(-n2cc(-c3ccnc(OC4CCOCC4)n3)cn2)nc(NC2CCOCC2)n1
O=C1CCC(Cn2cc(-c3ccnc(NC4CCC(F)CC4)n3)cn2)CC1Br,O=C1CCC(Cn2cc(-c3ccnc(NC4CCCCC4)n3)cn2)CC1
Brc1ccc(-c2ccnc(NC3CCN(C4CCCC4)C3)n2)cc1,c1ccc(-c2ccnc(NC3CCN(C4CCCC4)C3)n2)cc1
O=c1nc(-c2ccnc(NC3CCC3)n2)ccn1C1CCNC1,O=c1nc(-c2ccnc(NC3CCC3)n2)ccn1C1CCNC1
OCC1CC=CCC(Nc2nccc(-c3ccsc3)n2)C1,C1=CCC(Nc2nccc(-c3ccsc3)n2)CCC1
c1cc(-c2ccsc2)nc(NC2CCCC(CN3CCC3)C2)n1,c1cc(-c2ccsc2)nc(NC2CCCC(CN3CCC3)C2)n1
S=C1CC(Cn2cc(-c3ccnc(NC4CCCCC4)n3)cn2)C1,S=C1CC(Cn2cc(-c3ccnc(NC4CCCCC4)n3)cn2)C1
Fc1ccc(-c2ccnc(NC3CC3)n2)cn1,c1cncc(-c2ccnc(NC3CC3)n2)c1
CNc1nccc(-c2ccnc(NC3CCC(CN4CCC4)CC3)n2)n1,c1cc(-c2ccnc(NC3CCC(CN4CCC4)CC3)n2)ncn1
OC1CCC(Nc2nccc(-c3csc(-c4csc(Cl)c4)c3)n2)CC1,c1cc(-c2csc(-c3ccsc3)c2)nc(NC2CCCCC2)n1
CNc1nccc(-c2ccnc(NC3CCN(C4CCOCC4)CC3)n2)n1,c1cc(-c2ccnc(NC3CCN(C4CCOCC4)CC3)n2)ncn1
O=C1CCCN1c1ccc(Nc2nccc(-c3cn[nH]c3N3CCCOCC3)n2)cc1,O=C1CCCN1c1ccc(Nc2nccc(-c3cn[nH]c3N3CCCOCC3)n2)cc1
FCC1CCCC(Nc2nccc(-c3cnn(CC4CCCCCC4)c3)n2)C1,c1cc(-c2cnn(CC3CCCCCC3)c2)nc(NC2CCCCC2)n1
O=C1CCN(c2ccc(Nc3nccc(-c4c(Cl)n[nH]c4Cl)n3)cc2)C(=O)C1,O=C1CCN(c2ccc(Nc3nccc(-c4cn[nH]c4)n3)cc2)C(=O)C1
Cc1ccc(-c2ccnc(NC3CC4(COC4)C3)n2)cc1,c1ccc(-c2ccnc(NC3CC4(COC4)C3)n2)cc1
CN(C)c1[nH]ccc1-c1ccnc(NC2CCOC(=O)CC2)n1,O=C1CCC(Nc2nccc(-c3cc[nH]c3)n2)CCO1
c1cc(-c2ccoc2)nc(NC2CCC(CSCC3CC3)C2)n1,c1cc(-c2ccoc2)nc(NC2CCC(CSCC3CC3)C2)n1
O=c1cc(-c2ccnc(N3CCC3)n2)ccn1-c1ccnc(NC2CC2)n1,O=c1cc(-c2ccnc(N3CCC3)n2)ccn1-c1ccnc(NC2CC2)n1
Oc1[nH]ncc1-c1ccnc(NC2CCCCO2)n1,c1cc(-c2cn[nH]c2)nc(NC2CCCCO2)n1
O=c1nc(-c2ccnc(NC3CC3)n2)ccn1-c1cccnc1,O=c1nc(-c2ccnc(NC3CC3)n2)ccn1-c1cccnc1
NC1CCC(CSCC2CCCC(Nc3nccc(-c4ccsc4)n3)C2)C1,c1cc(-c2ccsc2)nc(NC2CCCC(CSCC3CCCC3)C2)n1
C=C1CC(Nc2nccc(-c3ccsc3)n2)C1,C=C1CC(Nc2nccc(-c3ccsc3)n2)C1
OC1CCC(n2ccc(-c3ccnc(NC4CCC(Br)C4)n3)n2)CC1,c1cc(-c2ccn(C3CCCCC3)n2)nc(NC2CCCC2)n1
CC1CCC(Nc2nccc(-c3cnn(C4C=CCC4)c3)n2)C1,C1=CC(n2cc(-c3ccnc(NC4CCCC4)n3)cn2)CC1
CC1CCC(Nc2nccc(-c3cn(-c4ccsc4N)nc3Br)n2)CC1,c1cc(-c2cnn(-c3ccsc3)c2)nc(NC2CCCCC2)n1
OCC1CCN(CC2CC(Nc3nccc(-c4ccc(Cl)nc4)n3)CO2)C1,c1cncc(-c2ccnc(NC3COC(CN4CCCC4)C3)n2)c1
Clc1nccc(-c2nc(NC3CC3)ncc2-c2ccnc(NC3CC3)n2)n1,c1cc(-c2nc(NC3CC3)ncc2-c2ccnc(NC3CC3)n2)ncn1
Fc1nc(-c2ccnc(NC3CC3)n2)sc1F,c1cc(-c2nccs2)nc(NC2CC2)n1
Cc1ccc(-c2ccnc(NC3CC4CCCC(C3)O4)n2)cc1,c1ccc(-c2ccnc(NC3CC4CCCC(C3)O4)n2)cc1
CN(CC1CCOCC1)CC1CCC(Nc2nccc(-c3cn[nH]c3Br)n2)C1,c1cc(-c2cn[nH]c2)nc(NC2CCC(CNCC3CCOCC3)C2)n1
CC1CCN(c2nccc(-c3ccnc(NC4CC4)n3)n2)C1,c1cc(-c2ccnc(N3CCCC3)n2)nc(NC2CC2)n1
FC1CC(Nc2nccc(-c3cnn(CC4CCC(CBr)C4)c3)n2)C1,c1cc(-c2cnn(CC3CCCC3)c2)nc(NC2CCC2)n1
OC1CCC(Nc2nccc(-c3ccnc(NC4CCC4)c3)n2)C1,c1cc(-c2ccnc(NC3CCCC3)n2)cc(NC2CCC2)n1
O=c1nc(-c2ccnc(C3CC3)n2)ccn1-c1ccnc(NC2CC2)n1,O=c1nc(-c2ccnc(C3CC3)n2)ccn1-c1ccnc(NC2CC2)n1
CCOc1nc(-c2ccnc(NC3CCCCC3)n2)cnc1C,c1cnc(-c2ccnc(NC3CCCCC3)n2)cn1
Clc1cccc(-c2ccnc(NC3CCCCCC3)n2)c1,c1ccc(-c2ccnc(NC3CCCCCC3)n2)cc1
CN(C)c1c(-c2ccnc(NC3CCC(O)CC3)n2)ccn1Cc1cccc(F)n1,c1ccc(Cn2ccc(-c3ccnc(NC4CCCCC4)n3)c2)nc1
O=C1C=C(N2CCC(Nc3nccc(-c4ccsc4)n3)C2)CNC1,O=C1C=C(N2CCC(Nc3nccc(-c4ccsc4)n3)C2)CNC1
CN1CC(Nc2nccc(-c3cnn(-c4ccc(Br)cc4)c3)n2)CC1CO,c1ccc(-n2cc(-c3ccnc(NC4CCNC4)n3)cn2)cc1
O=c1nc(-c2ccnc(NC3CCOC(CF)CC3)n2)cc[nH]1,O=c1nc(-c2ccnc(NC3CCCOCC3)n2)cc[nH]1
NC(=O)c1ccccc1-c1nc(Nc2ccc(N3CC3=O)cc2)ncc1Cl,O=C1CN1c1ccc(Nc2nccc(-c3ccccc3)n2)cc1
O=c1nc(-c2ccnc(NC3CCC(F)C3)n2)ccn1CC1CCC1,O=c1nc(-c2ccnc(NC3CCCC3)n2)ccn1CC1CCC1
Clc1nncc(-c2ccnc(NC3CCCCCC3)n2)c1Cl,c1cc(-c2ccnc(NC3CCCCCC3)n2)cnn1
O=C1CCC(Nc2nccc(-c3ccnc(NC4CCOCC4)n3)n2)C1,O=C1CCC(Nc2nccc(-c3ccnc(NC4CCOCC4)n3)n2)C1
CNc1nccc(-c2ccnc(NC3CCC4(CC4)C3)n2)n1,c1cc(-c2ccnc(NC3CCC4(CC4)C3)n2)ncn1
O=c1nccc(-c2ccnc(NC3CCNCC3)n2)[nH]1,O=c1nccc(-c2ccnc(NC3CCNCC3)n2)[nH]1
O=C1CCC(Nc2nccc(-c3ccsc3)n2)CN1CCC1CCC1,O=C1CCC(Nc2nccc(-c3ccsc3)n2)CN1CCC1CCC1
O=c1nc(-c2cn[nH]c2Oc2ccnc(NC3CCOCC3)n2)cc[nH]1,O=c1nc(-c2cn[nH]c2Oc2ccnc(NC3CCOCC3)n2)cc[nH]1
Brc1ccc(-c2ccnc(NC3CC4CCC(C4)C3)n2)cc1,c1ccc(-c2ccnc(NC3CC4CCC(C4)C3)n2)cc1
Fc1ncccc1-c1ccnc(NC2CC=CC2)n1,C1=CCC(Nc2nccc(-c3cccnc3)n2)C1
CN(C)c1oncc1-c1ccnc(NC2CCC(=O)C2)n1,O=C1CCC(Nc2nccc(-c3cnoc3)n2)C1
Cn1cc(-c2ccnc(NC3CC3)n2)c(N2CCCC2=O)n1,O=C1CCCN1c1n[nH]cc1-c1ccnc(NC2CC2)n1
OC1CCCC(Cn2cc(-c3ccnc(NC4CCCNC4)n3)cn2)C1,c1cc(-c2cnn(CC3CCCCC3)c2)nc(NC2CCCNC2)n1
OC1CCC(Cn2cc(-c3ccnc(NC4CCNCC4)n3)cn2)C1,c1cc(-c2cnn(CC3CCCC3)c2)nc(NC2CCNCC2)n1
Cn1nc(-c2ccnc(NC3CCOCC3)n2)cc1-c1ccnc(Cl)n1,c1cc(-c2cc(-c3ccnc(NC4CCOCC4)n3)n[nH]2)ncn1
Clc1c(-c2ccnc(NC3CCCOCC3)n2)cnn1-c1cccc(Br)n1,c1ccc(-n2cc(-c3ccnc(NC4CCCOCC4)n3)cn2)nc1
CN1CCC2(CCC(Nc3nccc(-c4cnn(C)c4)n3)C2)C1,c1cc(-c2cn[nH]c2)nc(NC2CCC3(CCNC3)C2)n1
CC1CCC(Nc2nccc(-c3cnn(C4CC(CO)C4)c3)n2)C1,c1cc(-c2cnn(C3CCC3)c2)nc(NC2CCCC2)n1
Cc1nn(C2CC2)cc1-c1ccnc(NC2CCOCC2)n1,c1cc(-c2cnn(C3CC3)c2)nc(NC2CCOCC2)n1
Cn1cc(-c2ccnc(NC3CCC4(CCCC4)C3)n2)cn1,c1cc(-c2cn[nH]c2)nc(NC2CCC3(CCCC3)C2)n1
Cc1ccc(-c2ccnc(NC3CCC(CNC4COC(O)C4)C3)n2)cc1,c1ccc(-c2ccnc(NC3CCC(CNC4CCOC4)C3)n2)cc1
CN1CCCC(Nc2nccc(-c3cnn(C4CCCCC4)c3)n2)C1,c1cc(-c2cnn(C3CCCCC3)c2)nc(NC2CCCNC2)n1
Cc1nn(-c2ccnc(NC3CCCC3)n2)cc1-c1ccnc(NC2CCOCC2)n1,c1cc(-c2cnn(-c3ccnc(NC4CCCC4)n3)c2)nc(NC2CCOCC2)n1
FCC1CCC(COc2ccc(-c3ccnc(NC4CCC(CF)C4)n3)nc2)C1,c1cc(-c2ccc(OCC3CCCC3)cn2)nc(NC2CCCC2)n1
CN(C)c1[nH]ncc1-c1ccnc(NC2CCN(C3CCCCCC3)C2)n1,c1cc(-c2cn[nH]c2)nc(NC2CCN(C3CCCCCC3)C2)n1
CCn1ncc(-c2ccnc(NC3CC4(CC4)C3)n2)c1C,c1cc(-c2cn[nH]c2)nc(NC2CC3(CC3)C2)n1
O=c1nc(-c2ccnc(NC3CC3)n2)ccn1-c1nc(C2CC2)ncc1F,O=c1nc(-c2ccnc(NC3CC3)n2)ccn1-c1ccnc(C2CC2)n1
OCC=C1CCC(Nc2nccc(-c3ccsc3)n2)C1,C=C1CCC(Nc2nccc(-c3ccsc3)n2)C1
FC1CCN(CC2CCC(Nc3nccc(-c4cn[nH]c4)n3)CC2)C1,c1cc(-c2cn[nH]c2)nc(NC2CCC(CN3CCCC3)CC2)n1
O=C1CCN1c1ccc(Nc2nccc(-c3cc[nH]c3)n2)c(=O)[nH]1,O=C1CCN1c1ccc(Nc2nccc(-c3cc[nH]c3)n2)c(=O)[nH]1
O=c1nc(-c2c(-c3ccnc(NC4CC4)n3)cnn2CO)cc[nH]1,O=c1nc(-c2[nH]ncc2-c2ccnc(NC3CC3)n2)cc[nH]1
OC1C=CC1n1cc(-c2ccnc(NC3CCC3)n2)cn1,C1=CC(n2cc(-c3ccnc(NC4CCC4)n3)cn2)C1
SC1CC(Cc2cc(-c3ccnc(NC4CCCCC4)n3)cs2)C1,c1cc(-c2csc(CC3CCC3)c2)nc(NC2CCCCC2)n1
OC1CCC(n2cc(-c3ccnc(NC4CC(F)C4)n3)cn2)CC1,c1cc(-c2cnn(C3CCCCC3)c2)nc(NC2CCC2)n1
O=C1CCCN1c1ccc(Nc2nccc(-c3cn[nH]c3)n2)c(CN2CCCCC2)n1,O=C1CCCN1c1ccc(Nc2nccc(-c3cn[nH]c3)n2)c(CN2CCCCC2)n1
CC1CCC(Nc2nccc(-c3ccnc(NC4CCC(CBr)C4)n3)n2)CC1,c1cc(-c2ccnc(NC3CCCC3)n2)nc(NC2CCCCC2)n1
C1=C(CN2CCC(Nc3nccc(-c4cn[nH]c4)n3)C2)CCC1,C1=C(CN2CCC(Nc3nccc(-c4cn[nH]c4)n3)C2)CCC1
O=c1nc(-c2ccnc(NC3CCOCC3)n2)ccn1-c1ccncn1,O=c1nc(-c2ccnc(NC3CCOCC3)n2)ccn1-c1ccncn1
CCC(Nc1nccc(-c2cnn(C)c2-c2ccnc(NC3CC3)n2)n1)C1CC1,c1cc(-c2cn[nH]c2-c2ccnc(NC3CC3)n2)nc(NCC2CC2)n1
Cc1nc(-c2ccnc(NC3CCCC3)n2)nn1C,c1cc(-c2nc[nH]n2)nc(NC2CCCC2)n1
O=C1COC(CN2CCC(Nc3nccc(-c4cn[nH]c4)n3)CC2)C1,O=C1COC(CN2CCC(Nc3nccc(-c4cn[nH]c4)n3)CC2)C1
NC(=O)c1ccc(NC2CCNC2)nc1Nc1cccc(Cl)c1,c1ccc(Nc2cccc(NC3CCNC3)n2)cc1
O=c1cncc(-c2ccnc(NC3CC3)n2)[nH]1,O=c1cncc(-c2ccnc(NC3CC3)n2)[nH]1
CC1CCC(n2cc(-c3ccnc(NC4CCCCCC4)n3)cn2)C1,c1cc(-c2cnn(C3CCCC3)c2)nc(NC2CCCCCC2)n1
FC1C=CCCC(Nc2nccc(-c3ccsc3)n2)C1,C1=CCCC(Nc2nccc(-c3ccsc3)n2)CC1
OC1CC(Nc2nccc(-c3ccsc3)n2)CN1CC1CC1,c1cc(-c2ccsc2)nc(NC2CCN(CC3CC3)C2)n1
CCN1CCC(Nc2nccc(-c3ccn(-c4ccnc(N5CCC5)n4)c(=O)n3)n2)CC1,O=c1nc(-c2ccnc(NC3CCNCC3)n2)ccn1-c1ccnc(N2CCC2)n1
c1cc(-c2ccsc2)nc(NC2CCC(CN3CCC(Cc4cn[nH]c4)C3)C2)n1,c1cc(-c2ccsc2)nc(NC2CCC(CN3CCC(Cc4cn[nH]c4)C3)C2)n1
CC1CC=CC(n2cc(-c3ccnc(NC4CC4)n3)cn2)C1,C1=CC(n2cc(-c3ccnc(NC4CC4)n3)cn2)CCC1
Cn1ncc(-c2ccnc(NC3CCCC3)n2)c1NC1CCCC1,c1cc(-c2cn[nH]c2NC2CCCC2)nc(NC2CCCC2)n1
c1cnc(-c2ccnc(NC3CCOCC3)n2)nc1,c1cnc(-c2ccnc(NC3CCOCC3)n2)nc1
c1cc(-c2ccsc2)nc(NC2CCN(CC3CCNCC3)C2)n1,c1cc(-c2ccsc2)nc(NC2CCN(CC3CCNCC3)C2)n1
Fc1ccc(-c2ccnc(NC3CCC3)n2)nc1,c1ccc(-c2ccnc(NC3CCC3)n2)nc1
CCc1[nH]ncc1-c1ccnc(NC2CCN(CC3CC3)C2)n1,c1cc(-c2cn[nH]c2)nc(NC2CCN(CC3CC3)C2)n1
O=c1nc(-c2ccnc(NC3CC3)n2)ccn1CC1CCC(Cc2ccsc2)C1,O=c1nc(-c2ccnc(NC3CC3)n2)ccn1CC1CCC(Cc2ccsc2)C1
Cn1cc(-c2ccnc(NC3CC=CC4(CC3)CC4)n2)cn1,C1=CC2(CCC(Nc3nccc(-c4cn[nH]c4)n3)C1)CC2
O=c1nc(-c2ccnc(NC3CC3)n2)cn[nH]1,O=c1nc(-c2ccnc(NC3CC3)n2)cn[nH]1
CC1CC1Nc1nccc(-c2nccc(-c3ccnc(NC4CCOCC4)n3)n2)n1,c1cc(-c2ccnc(-c3ccnc(NC4CC4)n3)n2)nc(NC2CCOCC2)n1
Brc1cc(-c2ccnc(NC3CCCCC3)n2)c(NC2CCCC2)s1,c1cc(-c2ccsc2NC2CCCC2)nc(NC2CCCCC2)n1
OC1CCC(Nc2nccc(-c3ccc(F)nn3)n2)CC1,c1cnnc(-c2ccnc(NC3CCCCC3)n2)c1
OCC1CCN(CC2CCCC(Nc3nccc(-c4ccsc4)n3)C2)C1,c1cc(-c2ccsc2)nc(NC2CCCC(CN3CCCC3)C2)n1
OCC1CC(Nc2nccc(-c3ccnc(NC4CCCC4)n3)n2)CCO1,c1cc(-c2ccnc(NC3CCOCC3)n2)nc(NC2CCCC2)n1
Nc1nccc(-c2ccnc(NC3CCCSCC3)n2)n1,c1cc(-c2ccnc(NC3CCCSCC3)n2)ncn1
SCC1CCC(n2cc(-c3ccnc(NC4CC4)n3)cn2)CC1,c1cc(-c2cnn(C3CCCCC3)c2)nc(NC2CC2)n1
Fc1ccc(-c2ccnc(NC3CCC(Oc4cncc(Br)c4)C3)n2)cc1,c1ccc(-c2ccnc(NC3CCC(Oc4cccnc4)C3)n2)cc1
O=C1CC(Nc2nccc(-c3cnn(C4C=CCC4)c3)n2)CCO1,O=C1CC(Nc2nccc(-c3cnn(C4C=CCC4)c3)n2)CCO1
CCC1CC1CN1CCC(Nc2nccc(-c3ccn(CC4CC4)c(=O)n3)n2)CC1,O=c1nc(-c2ccnc(NC3CCN(CC4CC4)CC3)n2)ccn1CC1CC1
Cc1cc(-c2ccnc(NC3CCCOC3)n2)cnn1,c1cc(-c2ccnc(NC3CCCOC3)n2)cnn1
OCC1CC(Nc2nccc(-c3cnn(C4CCCCC4)c3)n2)CO1,c1cc(-c2cnn(C3CCCCC3)c2)nc(NC2CCOC2)n1
Cn1ccc(-c2c(-c3ccnc(NC4CCC4)n3)cnn2C)c1,c1cc(-c2cn[nH]c2-c2cc[nH]c2)nc(NC2CCC2)n1
c1cc(-c2[nH]ncc2SC2CCOCC2)nc(NC2CCOCC2)n1,c1cc(-c2[nH]ncc2SC2CCOCC2)nc(NC2CCOCC2)n1
OC1CCC(NCC2CCC(Nc3nccc(-c4ccsc4)n3)C2)C1,c1cc(-c2ccsc2)nc(NC2CCC(CNC3CCCC3)C2)n1
Fc1ccc(Nc2nccc(-c3ccnc(Cl)n3)n2)cc1,c1ccc(Nc2nccc(-c3ccncn3)n2)cc1
CCNc1nccc(-c2ccnc(NC3CCC(CN)NC3)n2)n1,c1cc(-c2ccnc(NC3CCCNC3)n2)ncn1
OCCC1CCC(Nc2nccc(-c3cnn(CC4CCCC4)c3Cl)n2)C1,c1cc(-c2cnn(CC3CCCC3)c2)nc(NC2CCCC2)n1
OC1CCC(Nc2nccc(-c3[nH]ncc3Br)n2)CN1,c1cc(-c2ccnc(NC3CCCNC3)n2)[nH]n1
O=C1CCC(COc2ccc(-c3ccnc(NC4COCC(CO)C4)n3)cc2)CO1,O=C1CCC(COc2ccc(-c3ccnc(NC4CCCOC4)n3)cc2)CO1
CN1CC(Nc2nccc(-c3cnn(-c4ccc(Br)cc4)c3)n2)CC1CN,c1ccc(-n2cc(-c3ccnc(NC4CCNC4)n3)cn2)cc1
Brc1ccc(-c2ccnc(NC3CC[SiH2]CC3)n2)cc1,c1ccc(-c2ccnc(NC3CC[SiH2]CC3)n2)cc1
O=C1CCCC(n2cc(-c3ccnc(NC4CCCC(O)C4)n3)cn2)C1,O=C1CCCC(n2cc(-c3ccnc(NC4CCCCC4)n3)cn2)C1
O=c1[nH]c(-c2ccnc(NC3CC3)n2)no1,O=c1[nH]c(-c2ccnc(NC3CC3)n2)no1
Brc1c(-c2ccnc(NC3CCC3)n2)cnn1C1CCNCC1,c1cc(-c2cnn(C3CCNCC3)c2)nc(NC2CCC2)n1
CNc1nccc(-c2ccnc(NC3CCCC3)n2)n1,c1cc(-c2ccnc(NC3CCCC3)n2)ncn1
OCC1CCN(CC2CCC(Nc3nccc(-c4cn[nH]c4)n3)C2)CC1,c1cc(-c2cn[nH]c2)nc(NC2CCC(CN3CCCCC3)C2)n1
O=C1CC(CN2CC(Nc3nccc(-c4ccsc4)n3)CCC2=O)CO1,O=C1CC(CN2CC(Nc3nccc(-c4ccsc4)n3)CCC2=O)CO1
O=C1CCC(n2cc(-c3ccnc(NC4CCC(CO)C4)n3)cn2)C1,O=C1CCC(n2cc(-c3ccnc(NC4CCCC4)n3)cn2)C1
OCC1CCCC(Nc2nccc(-c3ncc(Br)c(Cl)n3)n2)C1,c1cnc(-c2ccnc(NC3CCCCC3)n2)nc1
CCC1CCC(Nc2nccc(-c3cnn(C4CCNC4)c3)n2)C1,c1cc(-c2cnn(C3CCNC3)c2)nc(NC2CCCC2)n1
C=C1CC(Nc2nccc(-c3cnoc3)n2)CO1,C=C1CC(Nc2nccc(-c3cnoc3)n2)CO1
OCC1CCC(Nc2nccc(-c3cncnc3)n2)C1,c1ncc(-c2ccnc(NC3CCCC3)n2)cn1
Cn1cc(-c2ccnc(NC3CCCCC4(CC3)CC4)n2)cn1,c1cc(-c2cn[nH]c2)nc(NC2CCCCC3(CC2)CC3)n1
O=C1CCC(Nc2nccc(-c3ccc(Cl)cc3)n2)CC1,O=C1CCC(Nc2nccc(-c3ccccc3)n2)CC1
Cn1nc(-c2ccnc(NC3CC3)n2)cc1-c1ccnc(=O)[nH]1,O=c1nccc(-c2cc(-c3ccnc(NC4CC4)n3)n[nH]2)[nH]1
c1cc(-c2cn[nH]c2-c2ccnc(NC3CC3)n2)nc(NC2CC2)n1,c1cc(-c2cn[nH]c2-c2ccnc(NC3CC3)n2)nc(NC2CC2)n1
N#CC1CC(Nc2nc(Nc3ccc(N4CCCC4=O)cc3)ncc2Cl)C1,O=C1CCCN1c1ccc(Nc2nccc(NC3CCC3)n2)cc1
Nc1nccc(-n2ccc(-c3ccnc(NC4CCC4)n3)nc2=O)n1,O=c1nc(-c2ccnc(NC3CCC3)n2)ccn1-c1ccncn1
CC1CCCC(Nc2nccc(-c3cnn(C4C=CCCC4)c3)n2)C1,C1=CC(n2cc(-c3ccnc(NC4CCCCC4)n3)cn2)CCC1
Fc1c(-c2ccnc(NC3CCC3)n2)nn(C2CCC2)c1F,c1cc(-c2ccn(C3CCC3)n2)nc(NC2CCC2)n1
OCC1CCC(Nc2nccc(-c3cnn(CC4CCOCC4)c3)n2)C1,c1cc(-c2cnn(CC3CCOCC3)c2)nc(NC2CCCC2)n1
c1cc(-c2cnn(C3CC3)c2)nc(NC2CCC(CN3CCC3)C2)n1,c1cc(-c2cnn(C3CC3)c2)nc(NC2CCC(CN3CCC3)C2)n1
CN1CCCC(Nc2nccc(-c3ccn(C)c3)n2)C1,c1cc(-c2cc[nH]c2)nc(NC2CCCNC2)n1
Fc1c(Cl)c(-c2ccnc(NC3CCC3)n2)nn1C1CCC1,c1cc(-c2ccn(C3CCC3)n2)nc(NC2CCC2)n1
c1cc(-c2csc(C3CCCC3)c2)nc(NC2CCCCC2)n1,c1cc(-c2csc(C3CCCC3)c2)nc(NC2CCCCC2)n1
Brc1cc(-c2ccnc(NC3CCOC3)n2)c(NC2CCCCC2)s1,c1cc(-c2ccsc2NC2CCCCC2)nc(NC2CCOC2)n1
c1cc(-c2csc(NC3CCCCC3)n2)nc(NC2CCC2)n1,c1cc(-c2csc(NC3CCCCC3)n2)nc(NC2CCC2)n1
CNc1[nH]ncc1-c1ccnc(NC2CCCCO2)n1,c1cc(-c2cn[nH]c2)nc(NC2CCCCO2)n1
Oc1cncc(-c2ccnc(NC3CCOC3)n2)c1,c1cncc(-c2ccnc(NC3CCOC3)n2)c1
CC1CC1Nc1nccc(-c2ccn(-c3ccnc(NC4CC4)n3)c(=O)n2)n1,O=c1nc(-c2ccnc(NC3CC3)n2)ccn1-c1ccnc(NC2CC2)n1
FCC1CCCC(Cn2cc(-c3ccnc(NC4CCC4)n3)cn2)CC1,c1cc(-c2cnn(CC3CCCCCC3)c2)nc(NC2CCC2)n1
O=c1cc(-c2ccnc(NC3CC3)n2)ccn1Cc1cccc(Br)n1,O=c1cc(-c2ccnc(NC3CC3)n2)ccn1Cc1ccccn1
Cc1cc(-c2ccnc(NC3CC3)n2)cc(=O)n1C,O=c1cc(-c2ccnc(NC3CC3)n2)cc[nH]1
CC1CC(n2cc(-c3ccnc(NC4CCOCC4)n3)cn2)CN1,c1cc(-c2cnn(C3CCNC3)c2)nc(NC2CCOCC2)n1
O=C(NC1CC(Nc2nccc(-c3ccsc3)n2)C1)C1CC(O)CN1,O=C(NC1CC(Nc2nccc(-c3ccsc3)n2)C1)C1CCCN1
c1cc(-c2ccoc2)nc(NC2CCCC2)n1,c1cc(-c2ccoc2)nc(NC2CCCC2)n1
Fc1ccc(-c2ccnc(NC3CC4CCC(C3)O4)n2)cc1,c1ccc(-c2ccnc(NC3CC4CCC(C3)O4)n2)cc1
CC1CCCC(Nc2nccc(-c3cnoc3Cl)n2)C1,c1cc(-c2cnoc2)nc(NC2CCCCC2)n1
O=C1CCC(Nc2nccc(-c3cnoc3Cl)n2)CC1,O=C1CCC(Nc2nccc(-c3cnoc3)n2)CC1
CSc1nc(-c2ccc(F)cc2)c(-c2ccnc(N3CCNC3=O)c2)[nH]1,O=C1NCCN1c1cc(-c2[nH]cnc2-c2ccccc2)ccn1
FCC1CC(Cn2cc(-c3ccnc(NC4CCCC4)n3)cn2)CO1,c1cc(-c2cnn(CC3CCOC3)c2)nc(NC2CCCC2)n1
Cc1nc(-c2ccnc(Cl)n2)nn1-c1ccnc(NC2CC2)n1,c1cc(-c2ncn(-c3ccnc(NC4CC4)n3)n2)ncn1
OCC1CCC(n2cc(-c3ccnc(NC4CC4)n3)cn2)CO1,c1cc(-c2cnn(C3CCCOC3)c2)nc(NC2CC2)n1
CN(CC1CC(Nc2nccc(-c3ccsc3)n2)C1)C1CC1,c1cc(-c2ccsc2)nc(NC2CC(CNC3CC3)C2)n1
Cn1cccc1-c1ccnc(NC2CCOCC2)n1,c1c[nH]c(-c2ccnc(NC3CCOCC3)n2)c1
CC1CCC(Nc2nccc(-c3cncc(O)c3)n2)CO1,c1cncc(-c2ccnc(NC3CCCOC3)n2)c1
S=C1CCC(Nc2nccc(-c3ccsc3)n2)CN1,S=C1CCC(Nc2nccc(-c3ccsc3)n2)CN1
Fc1ncc(-c2ccnc(NC3CC=CCC3)n2)cn1,C1=CCC(Nc2nccc(-c3cncnc3)n2)CC1
NC1CCCN(c2ccc(Nc3nccc(-c4cnc[nH]4)n3)cc2)C1,c1cc(-c2cnc[nH]2)nc(Nc2ccc(N3CCCCC3)cc2)n1
O=C1CC(Nc2nccc(-c3ccsc3)n2)CN1CC1CC1,O=C1CC(Nc2nccc(-c3ccsc3)n2)CN1CC1CC1
O=c1nc(-c2ccnc(N3CCCCC3)n2)ccn1-c1ccnc(NC2CC2)n1,O=c1nc(-c2ccnc(N3CCCCC3)n2)ccn1-c1ccnc(NC2CC2)n1
COCC1CCC(Nc2nccc(-c3ccsc3)n2)CN1CC1CC1,c1cc(-c2ccsc2)nc(NC2CCCN(CC3CC3)C2)n1
O=c1nc(-c2ccnc(NC3CCN(COC4CC4)CC3)n2)cc[nH]1,O=c1nc(-c2ccnc(NC3CCN(COC4CC4)CC3)n2)cc[nH]1
CC1CC(C(O)Cn2cc(-c3ccnc(NC4CCCCC4)n3)cn2)C1,c1cc(-c2cnn(CCC3CCC3)c2)nc(NC2CCCCC2)n1
O=C1CCC(Nc2nccc(-c3cnn(C4CCN(CC5CCC(O)CC5)C4)c3)n2)C1,O=C1CCC(Nc2nccc(-c3cnn(C4CCN(CC5CCCCC5)C4)c3)n2)C1
NC(=O)c1ccccc1-c1nc(Nc2ccc(N3CCCN3)cc2)ncc1Cl,c1ccc(-c2ccnc(Nc3ccc(N4CCCN4)cc3)n2)cc1
Nc1nccc(-c2ccnc(-c3ccnc(NC4CC4)n3)n2)n1,c1cc(-c2ccnc(-c3ccnc(NC4CC4)n3)n2)ncn1
c1cc(-c2ccnc(C3CC3)n2)nc(NC2CCOC2)n1,c1cc(-c2ccnc(C3CC3)n2)nc(NC2CCOC2)n1
On1ccc(-c2ccnc(NC3CCN(CC4CCCC4)C3)n2)c1,c1cc(-c2cc[nH]c2)nc(NC2CCN(CC3CCCC3)C2)n1
O=C1C(CF)CCCC1Nc1nccc(-c2ccc(O)cc2)n1,O=C1CCCCC1Nc1nccc(-c2ccccc2)n1
O=C1NCC(Nc2nccc(-c3cn[nH]c3Br)n2)CCC1CO,O=C1CCCC(Nc2nccc(-c3cn[nH]c3)n2)CN1
CN(C)c1sccc1-c1ccnc(NC2CCCCOCC2)n1,c1cc(-c2ccsc2)nc(NC2CCCCOCC2)n1
Clc1ccc(-c2ccnc(NC3CC4CCCC(C3)O4)n2)cc1,c1ccc(-c2ccnc(NC3CC4CCCC(C3)O4)n2)cc1
O=C1CCCN(c2ccc(Nc3nccc(-c4cn[nH]c4Cl)n3)cc2)N1,O=C1CCCN(c2ccc(Nc3nccc(-c4cn[nH]c4)n3)cc2)N1
Fc1nc(-c2ccnc(NC3CCOCC3)n2)sc1F,c1cc(-c2nccs2)nc(NC2CCOCC2)n1
FCC1CCCC(n2cc(-c3ccnc(NC4CC=CCC4)n3)cn2)C1,C1=CCC(Nc2nccc(-c3cnn(C4CCCCC4)c3)n2)CC1
OC1CCC(Nc2nccc(-c3nccc(NC4CCCCC4)n3)n2)C1,c1cc(-c2nccc(NC3CCCCC3)n2)nc(NC2CCCC2)n1
Clc1c(Br)cnn1CC1CCC(Nc2nccc(-c3cn[nH]c3)n2)C1,c1cnn(CC2CCC(Nc3nccc(-c4cn[nH]c4)n3)C2)c1
CC(NC1CC(Nc2nccc(-c3cn[nH]c3)n2)C1)C1CC1,c1cc(-c2cn[nH]c2)nc(NC2CC(NCC3CC3)C2)n1
